Item_Identifier,Outlet_Identifier,Predicted_Item_Outlet_Sales
FDW58,OUT049,1641.4043539697773
FDW14,OUT017,1320.9599179956224
NCN55,OUT010,540.3511172884876
FDQ58,OUT017,2140.7445337473073
FDY38,OUT027,6480.9643762898595
FDH56,OUT046,1850.9116145757416
FDL48,OUT018,729.290931606818
FDC48,OUT027,1876.327509952001
FDN33,OUT045,1430.5367966643755
FDA36,OUT017,3153.578257263295
FDT44,OUT017,1902.6150770828126
FDQ56,OUT045,1478.2297604103355
NCC54,OUT019,586.493577988716
FDU11,OUT049,1982.3666088299533
DRL59,OUT013,758.830604161085
FDM24,OUT049,2237.511064466725
FDI57,OUT045,3443.9876497590285
DRC12,OUT018,2941.1044400873025
NCM42,OUT027,3042.058509315792
FDA46,OUT010,499.99989815697256
FDA31,OUT013,2768.703502565835
NCJ31,OUT035,3740.683925277749
FDG52,OUT046,723.9986612785359
NCL19,OUT019,331.48953710147674
FDS10,OUT035,2777.7270741086422
FDX22,OUT010,559.0260113894915
NCF19,OUT035,752.6147473691728
NCE06,OUT046,2464.3811310197734
DRC27,OUT046,3636.919032479098
FDE21,OUT035,2003.3232746560718
NCR42,OUT019,67.44436197489048
FDX51,OUT018,2616.53841868636
NCR06,OUT018,440.9089981339272
FDU31,OUT027,5777.899124604991
FDU59,OUT017,2487.8699104694133
FDR03,OUT027,5224.0232071743185
FDS49,OUT027,2630.7520880469024
FDD48,OUT010,249.93692221460617
NCF18,OUT017,3088.5185480789064
NCD43,OUT027,2509.01769541484
NCD54,OUT018,1951.142314458209
FDY19,OUT010,250.1282251970624
NCY54,OUT017,2834.877718302488
NCL19,OUT018,1947.1588514995353
FDP23,OUT010,567.4292121656431
FDC26,OUT013,1791.3874962952882
FDR14,OUT010,156.8722099590131
NCS41,OUT035,3278.9837568391567
FDF41,OUT035,4016.745983073499
FDU34,OUT046,2181.4139555601882
DRH11,OUT046,825.5794081698524
FDM03,OUT013,1856.8911266098823
FDS31,OUT017,2935.0230268905852
FDJ20,OUT017,2060.378797399819
FDV44,OUT027,4784.01698231887
FDG02,OUT049,3374.6792081231833
FDA09,OUT013,3525.337092378012
FDT04,OUT013,646.4312076835984
FDL58,OUT019,564.4515412797754
FDE52,OUT045,1313.7525302528543
FDW12,OUT035,2522.2565729997827
FDL51,OUT017,3561.081523596422
NCY42,OUT027,2811.8773937978094
FDR07,OUT017,1652.6276399878159
FDN40,OUT045,2269.2988205992356
FDB35,OUT027,2657.9515466143325
FDA22,OUT017,2779.191854325826
NCL06,OUT046,4388.0678049573735
FDI35,OUT013,3144.8667903389287
NCW42,OUT045,3533.344686265589
NCX06,OUT049,3078.52462483224
FDC37,OUT027,2550.834554029599
FDZ14,OUT018,1806.300675523379
DRG49,OUT049,4903.186029874738
NCG06,OUT045,4032.798497364669
DRC36,OUT045,2792.0410305107093
FDV21,OUT019,493.9264251500063
FDB53,OUT046,2591.2248351148555
DRP47,OUT019,535.8234685957846
FDA14,OUT013,2479.4661929895974
DRC24,OUT035,2502.829814436136
FDW21,OUT018,1469.7319388673257
NCH29,OUT046,1983.5862056594112
FDU58,OUT013,3148.276536715426
FDY27,OUT017,2795.4775541115646
FDV56,OUT035,1706.4009280040536
FDT59,OUT046,3757.1981742024777
FDB23,OUT046,3770.1064109284553
FDR49,OUT045,770.9116556772871
FDB03,OUT010,592.7926484130661
FDN39,OUT045,3039.7552789591123
FDX02,OUT027,5445.684252242814
FDQ16,OUT027,2688.335992788564
FDU35,OUT018,1427.778526938779
NCT29,OUT013,2087.2228877252446
FDZ27,OUT046,714.0212370661025
FDN57,OUT017,2081.8873340722375
FDA03,OUT018,1976.7616519061353
FDZ36,OUT045,3257.5378955393694
NCU05,OUT013,1392.789835259704
FDT39,OUT018,2094.937899523092
FDK60,OUT017,1583.7342121462818
FDZ25,OUT017,2934.282868720791
FDG12,OUT046,2114.8348267600672
DRB01,OUT019,476.972739938702
NCC43,OUT027,5849.8033060704265
FDX13,OUT019,541.5407370626418
FDM22,OUT049,863.2743871678963
FDJ03,OUT027,1512.861089267965
FDU14,OUT018,3969.6961099399036
FDB33,OUT010,383.00921586096416
FDP27,OUT046,3267.038774927367
FDO38,OUT010,185.37735185546265
FDE28,OUT027,6843.674446491152
FDO27,OUT035,1468.9126587639394
DRL23,OUT027,2483.4286917224904
FDS28,OUT046,837.0670564723968
FDX24,OUT013,1381.9720558410786
FDZ02,OUT035,1533.3209146786892
FDL46,OUT045,1799.0985365831446
FDS60,OUT027,4190.032282691333
NCO06,OUT017,490.69128756186035
FDO16,OUT035,1591.0676595062434
FDC60,OUT049,1668.7406231955756
FDA48,OUT018,3308.0059578754567
FDZ36,OUT027,4320.506739361759
FDK27,OUT045,2019.8048800459374
FDW23,OUT018,352.2063307504059
FDM14,OUT018,1311.7577362713657
FDM14,OUT013,1774.4772490711316
FDW60,OUT018,2710.9740455696447
FDE21,OUT013,2043.878861191771
NCM42,OUT035,1771.116537463465
FDY59,OUT010,197.1310224675355
DRI49,OUT049,1299.3479923349632
FDT28,OUT019,296.7210293618032
FDQ22,OUT018,490.1314224427669
FDR60,OUT049,1325.1901417003094
FDC50,OUT019,256.56649986787147
FDV24,OUT013,2245.2277724562246
DRF48,OUT010,579.0538578937161
FDQ47,OUT046,649.9497607564529
DRN36,OUT049,1571.2792979487244
NCY06,OUT035,2058.465158090318
FDE52,OUT035,1333.535555392041
NCB54,OUT045,2009.3646290333736
NCF31,OUT035,2376.8338714596202
FDJ08,OUT027,5087.514640930659
NCC07,OUT017,1674.6447410931733
NCD19,OUT027,1867.3792221193323
FDL46,OUT049,2171.752567769338
FDM20,OUT045,4061.1173723505767
NCI06,OUT010,465.4319491519579
DRM11,OUT035,4010.052299846371
NCH07,OUT018,2151.9105782058245
FDS23,OUT013,2177.376115533073
FDO49,OUT018,680.7785950601609
FDS35,OUT049,1029.4423236835698
DRK39,OUT045,1296.132962312046
DRI39,OUT049,854.9782751863902
FDV04,OUT017,2203.288173407931
NCN14,OUT035,3149.1371202877317
FDH08,OUT013,4028.421948441614
FDS20,OUT046,3397.5839320566806
FDV40,OUT049,1026.8270198288883
FDZ48,OUT010,231.4325976225422
FDS24,OUT027,2082.7819184970767
FDK44,OUT049,2601.6187802030613
FDS48,OUT045,2535.769479344178
FDK26,OUT010,554.7822604233106
FDD23,OUT045,3529.3178160333864
NCH54,OUT017,3000.161465306949
NCP14,OUT010,207.06755943900117
FDM60,OUT010,67.54678053001919
FDV24,OUT017,2277.3364950243604
FDH08,OUT018,3297.370019223543
FDS12,OUT027,3286.362747529831
FDR39,OUT027,5183.284729928085
FDP12,OUT027,950.1771202540426
DRF60,OUT027,6488.952106337092
FDC09,OUT035,1686.11503851953
FDF50,OUT018,3222.7879230335407
FDG28,OUT035,4087.8638964564993
NCE19,OUT017,848.434290771053
NCM53,OUT010,320.25499724595187
NCN18,OUT049,1701.4115791465113
FDF32,OUT035,2996.6940695376693
FDF11,OUT013,4080.185442321204
DRI59,OUT049,3785.1346085604973
NCG54,OUT035,2928.712472575529
FDM44,OUT046,1649.1014411185888
FDT57,OUT018,2329.724588612033
FDV24,OUT046,2261.096362387483
FDI50,OUT019,555.4448370246512
FDS09,OUT035,772.7451890970286
NCC31,OUT027,3808.631338347542
FDQ07,OUT019,594.8692024247122
FDC22,OUT017,3206.102475812615
FDZ56,OUT046,2883.8215614922797
FDZ40,OUT019,157.94380358181846
FDS46,OUT027,2632.114748265529
DRD24,OUT045,1990.6607826143352
FDV45,OUT017,3072.0329664701853
FDL26,OUT045,2599.61830576343
FDA56,OUT018,1617.723070351677
FDN27,OUT046,1729.0604039209168
FDM20,OUT049,4173.043051889873
FDO16,OUT017,1659.3466711062783
FDL03,OUT035,3096.7627026416203
FDE58,OUT046,1958.087467138317
FDI02,OUT027,3480.3888803843965
NCC55,OUT019,61.61250056880932
FDR03,OUT018,3364.2080477396353
FDB14,OUT017,1478.4977200535589
FDR45,OUT013,4348.453888463454
NCN07,OUT017,2128.504746751803
FDM51,OUT019,267.5851905157668
FDT52,OUT027,7022.024876564579
FDL26,OUT046,2528.073007083786
NCZ42,OUT046,3899.350064706974
DRI47,OUT019,366.63611036157636
FDW40,OUT013,2238.9241082567805
FDN34,OUT046,3660.4389409567525
FDS01,OUT035,2967.5426455269817
NCG55,OUT045,1942.7293441181432
FDC11,OUT035,1340.4616085756313
FDX35,OUT018,3084.0822478752657
NCB06,OUT046,2537.2959607959197
FDR09,OUT019,590.5864404552848
FDC53,OUT017,1594.6230002593738
FDY45,OUT013,4077.113011022971
FDA22,OUT010,431.4631348819283
FDE02,OUT035,1633.3620187605059
FDW21,OUT045,1700.750187142273
FDV34,OUT046,1205.390737278703
FDS59,OUT049,1902.1762938171098
NCW17,OUT017,2447.200327478068
NCK54,OUT046,1945.073420324659
FDG17,OUT019,542.6412049874057
FDG35,OUT017,4030.5026491845656
FDD08,OUT010,83.62662264551057
NCO07,OUT017,3870.456801971178
FDJ10,OUT010,321.054871390274
FDW36,OUT017,1633.7652769990448
FDW21,OUT010,211.89914449327276
FDY19,OUT017,1900.6306865412075
DRE03,OUT013,699.4767525282855
NCC55,OUT049,694.5382030181064
FDH52,OUT010,143.2850508850906
FDO09,OUT017,4321.615181485128
FDU43,OUT045,4123.106563140108
FDX09,OUT010,396.71201906637936
FDH40,OUT019,234.92891272616737
FDW58,OUT017,1654.819847981913
FDC47,OUT017,4224.742318335951
NCR41,OUT035,1575.4868039148996
DRG49,OUT035,4793.277464729621
FDC52,OUT027,3713.755025436242
FDY13,OUT046,1329.5668042443845
FDY35,OUT013,711.0614894059104
FDI35,OUT017,4282.971878193619
NCU18,OUT049,2099.987982274783
FDY33,OUT018,2256.81381380444
FDC15,OUT027,4051.040545487635
FDU01,OUT049,3332.0999087495175
NCU42,OUT046,3177.5537125465858
NCV29,OUT018,2797.195159585247
NCY30,OUT017,3216.982026195673
FDQ46,OUT049,1750.1416463671997
FDG58,OUT027,4136.667125879898
FDK33,OUT017,3856.243487480833
NCD07,OUT045,1835.142409214383
NCX29,OUT027,3930.129770944571
NCT42,OUT013,2263.61282221066
DRN59,OUT035,727.0571974848805
FDI44,OUT035,1236.7685682145939
FDA45,OUT049,2153.2750570497506
FDP31,OUT045,896.5785555335136
FDY01,OUT046,2024.4042690301417
FDT09,OUT018,1859.2606111462765
DRH03,OUT027,2170.940744471942
FDA36,OUT018,2656.904786482834
NCF31,OUT017,2370.347412454417
FDG14,OUT049,2566.747685499389
FDG28,OUT027,6474.914127710266
FDU14,OUT049,3750.1718634663166
FDY47,OUT019,299.004554771801
FDI56,OUT049,1332.002163649098
DRD01,OUT013,777.052503228876
FDM22,OUT046,1019.7002287217749
FDH33,OUT013,687.0829363675664
DRZ24,OUT013,1957.2659538885107
NCQ38,OUT046,1593.9028825169578
FDO16,OUT027,2200.2666228096846
FDU07,OUT027,3636.149723084707
NCB07,OUT013,2883.9715365994844
FDU48,OUT045,2072.7278407731064
NCM43,OUT045,2785.6327380730254
FDR31,OUT010,329.87065856711246
DRK49,OUT018,395.71263078764576
NCI30,OUT010,564.075028028016
DRD60,OUT017,3024.388656988104
NCG19,OUT046,3131.336864929649
FDH12,OUT035,1650.1699677715658
FDM32,OUT035,1340.7992092776542
FDM27,OUT035,2562.2772424231716
NCU53,OUT027,3980.4495976723365
NCQ18,OUT046,1627.196609325029
FDS10,OUT013,2723.8034350607654
FDB33,OUT027,4069.00809462215
FDI12,OUT013,1368.0832872343224
NCW42,OUT013,3573.5832444284147
NCC06,OUT018,1814.806878778086
FDW02,OUT017,2092.223924872077
NCD43,OUT017,1628.5958867726224
FDM57,OUT018,1137.15802063971
FDA58,OUT017,3634.0560724445113
FDK56,OUT046,3237.013135651707
FDP52,OUT045,4255.511420313991
FDW20,OUT018,1735.9511728856753
FDS52,OUT049,1518.9391499089165
NCT29,OUT018,1695.4110090318356
NCL54,OUT013,2993.720794116045
FDC05,OUT045,3024.9506886852596
FDF34,OUT035,3178.2380525952985
FDP03,OUT027,3234.5205168601783
FDD32,OUT010,211.17864361573146
FDZ10,OUT045,2334.237421444464
FDZ40,OUT035,917.6132451296055
FDD51,OUT018,557.7162804684656
NCY30,OUT019,390.00628657166834
FDP58,OUT017,3547.3368541412947
FDV49,OUT017,4415.724580461981
FDY24,OUT019,138.60534059651226
NCO55,OUT017,1617.823942841881
FDR13,OUT017,1845.5418373685673
FDS51,OUT017,971.0674212543323
FDP26,OUT045,1625.9689650092043
NCB54,OUT027,3486.1740230542987
FDF32,OUT017,3014.4676214019923
FDN31,OUT018,2570.6680889275926
DRM48,OUT017,647.1424000830544
FDN20,OUT049,2819.281942692757
DRL01,OUT046,4148.857698999371
FDV56,OUT049,1650.9560329641608
DRH13,OUT027,2598.653739013875
FDA03,OUT017,2480.5966005646587
FDF47,OUT027,5485.002708116089
FDX32,OUT046,2547.901251548245
FDX57,OUT049,1603.0740005019152
NCA30,OUT045,3049.456924954801
FDO49,OUT013,708.6868423483448
FDL04,OUT019,237.0682127910695
DRM48,OUT035,675.664201747347
FDR16,OUT013,3759.21808615363
NCC19,OUT018,2901.758667512258
NCE42,OUT045,3812.663953703154
FDY24,OUT017,1158.719824188027
FDH19,OUT049,2463.456079634494
FDJ46,OUT013,2825.9367066113564
FDN45,OUT010,581.9882299715224
FDY08,OUT035,2255.534069874704
FDZ37,OUT035,1354.9348476342109
NCT30,OUT045,747.7867326211599
DRY23,OUT018,485.1122378273049
NCZ30,OUT018,1796.7248440596031
FDC44,OUT018,1565.6426537066034
FDB45,OUT035,1637.7417474662723
FDY04,OUT013,2552.093523808384
FDM27,OUT046,2827.0140377131333
FDZ43,OUT017,4155.309409063259
FDT39,OUT019,358.1240470146032
NCC06,OUT019,295.75220721000386
FDL15,OUT027,3727.295766899574
FDL57,OUT017,4247.696050295316
FDU08,OUT046,1566.7285228119588
FDK40,OUT017,4364.3002235018
FDQ12,OUT010,539.2285285420875
FDS48,OUT017,2586.9979982601067
FDP09,OUT045,3748.135195031009
FDW21,OUT049,1657.7127204807757
FDY25,OUT035,3121.5419511862187
DRE13,OUT017,1401.7340793949743
FDV43,OUT019,78.53473629924729
FDD22,OUT045,1691.9527645245473
FDM46,OUT019,307.9058003361605
NCO30,OUT010,460.4777980165909
FDM25,OUT046,2863.756673118174
NCN41,OUT049,2083.135548701949
FDU24,OUT045,1832.7239126285497
FDZ50,OUT046,3278.939042331513
FDP45,OUT013,4156.481076615507
NCM54,OUT045,2057.9964259269123
FDW10,OUT019,389.6221424713399
FDP20,OUT017,2060.188188411026
FDK32,OUT046,2559.5915940476766
FDN52,OUT049,1321.1593830979277
FDM58,OUT045,1838.2381244227827
FDZ46,OUT027,3151.3270702401664
NCA18,OUT018,1790.3669517314888
FDD35,OUT046,2003.8303239535544
NCK31,OUT035,732.028705767339
FDI40,OUT027,2821.72619948753
FDT50,OUT019,235.7770358864609
NCT06,OUT046,2879.2311091987303
FDT31,OUT035,3045.6858703818793
FDT45,OUT049,851.0873617985927
FDT13,OUT045,3298.0548680151796
FDO50,OUT045,1315.8319977921724
NCU18,OUT010,298.26408828666763
NCR54,OUT049,3085.102731456136
NCO18,OUT018,2480.412325996395
FDU09,OUT045,768.3101798759424
FDT13,OUT018,2553.3060591331546
FDE09,OUT046,1683.5374590945285
NCK53,OUT019,357.6852796190374
FDG45,OUT049,3569.369815503366
DRH15,OUT035,722.1471310384862
FDO21,OUT019,541.9092900209365
FDD14,OUT027,5622.26221635265
FDC09,OUT046,1654.1450644767983
FDH45,OUT027,907.3046650752581
FDV32,OUT046,1113.9683128315073
FDG12,OUT035,2032.6441186770273
FDS32,OUT013,2085.7121434392407
NCL55,OUT018,3349.5736110951625
DRE01,OUT035,4189.22746030371
DRE15,OUT049,1423.4200977348953
NCL42,OUT045,3938.410138599417
FDP31,OUT013,872.7728445596132
FDN33,OUT018,1364.5363835877774
FDZ59,OUT046,2593.4068872478633
FDE45,OUT010,413.0935203825395
FDJ07,OUT013,1932.4698866687652
FDQ45,OUT018,2652.104127195669
FDM33,OUT027,5619.769055747011
FDO15,OUT010,189.71429251555617
FDM46,OUT013,1480.2631923686388
FDR03,OUT045,3915.541907495341
FDY49,OUT018,2382.1782942674
FDQ60,OUT045,1883.1417467712577
FDW10,OUT049,3336.78673810862
FDO51,OUT049,738.7056033196684
FDJ40,OUT018,1319.1317378303272
FDS20,OUT018,2445.2230975436814
FDU45,OUT013,1806.4448841589838
FDV02,OUT035,2750.1733519439063
FDN09,OUT046,4007.9848432785657
NCM55,OUT027,5501.640368260979
FDN23,OUT018,2734.7100696197617
FDY31,OUT010,393.7748912277805
FDW03,OUT010,237.81737863865277
FDD14,OUT046,3059.501253233434
FDV23,OUT017,2063.6273948735907
DRI03,OUT045,3029.454331043704
FDN13,OUT035,1360.7780074089505
FDF45,OUT027,1732.8318830742373
FDU46,OUT035,1391.080125815622
FDB57,OUT049,3854.502555675279
FDV12,OUT049,1609.6836639277008
FDQ58,OUT013,2236.7598016860566
NCA18,OUT017,1858.8429325156626
FDH52,OUT049,872.8159904511858
FDM24,OUT018,2198.9645078141266
NCP43,OUT027,4341.808609959697
NCO18,OUT019,398.19061510086044
FDM32,OUT017,1308.7106146084016
NCL07,OUT017,592.009789867951
FDK03,OUT013,4253.581912055986
FDP59,OUT017,1685.288237750367
FDQ24,OUT049,4061.4106044909313
FDQ16,OUT018,1267.776607836517
FDU44,OUT013,2771.956702532711
FDH28,OUT010,99.10346934503916
FDV28,OUT019,77.03950782084503
FDM22,OUT045,967.4593457517706
FDR56,OUT046,3117.9690854234927
FDV39,OUT049,3284.3349496235423
FDU37,OUT019,240.135737562651
FDQ11,OUT010,848.0798991709421
FDX02,OUT045,3693.173675990764
NCS42,OUT018,1364.0424919976813
FDY57,OUT027,2818.8195480498935
FDB21,OUT049,4267.270251025628
FDE28,OUT017,3523.156227234271
FDQ55,OUT017,2139.9842129259255
FDA48,OUT049,3672.764435577876
FDZ19,OUT045,2667.6093577868705
NCC43,OUT045,3783.4653083270928
NCV18,OUT046,1901.6886894897666
NCA42,OUT018,2685.808986848999
FDY45,OUT046,3924.4163362064946
NCC30,OUT045,2882.444124883192
FDM57,OUT013,1430.8882935459499
FDL09,OUT010,368.22563252890774
FDB09,OUT027,3644.9700288865733
FDT44,OUT035,1910.787537052078
NCT06,OUT027,4114.138940616094
FDX26,OUT049,3205.336326062577
FDK32,OUT013,2606.127008856361
DRA12,OUT046,2126.5880861385954
FDO46,OUT010,545.7962890114477
FDE52,OUT013,1309.9804014991555
NCH42,OUT045,4077.9722225597757
FDV08,OUT035,719.8071288973111
FDB47,OUT018,2602.068725561429
FDC28,OUT010,216.25739648309982
FDD22,OUT046,1880.9324424380043
FDS07,OUT027,3560.218387019484
DRI13,OUT045,3510.2488013434263
FDG32,OUT018,3586.6837791441144
FDU14,OUT017,3815.124816180839
FDD28,OUT019,166.04712439584284
NCP41,OUT017,1756.195579668156
FDS08,OUT049,2566.646961523837
FDX47,OUT045,2238.3484566226443
FDC53,OUT019,219.18190861351155
FDQ19,OUT035,4000.942582665639
FDL14,OUT045,2203.898475875968
FDM33,OUT019,549.3414479799353
FDA51,OUT045,2102.6244299993973
FDZ27,OUT018,706.1683309843888
FDT04,OUT046,658.0037498391629
DRC13,OUT049,2037.8493296654583
FDR16,OUT027,5347.355330962281
FDQ03,OUT027,6710.537539571054
FDE38,OUT035,2661.1944238729543
DRH23,OUT027,1696.9302361366963
FDT11,OUT019,493.6767927831624
FDD09,OUT035,3047.347575705173
FDR40,OUT045,1400.8345224065063
FDX07,OUT017,3139.9921193332107
FDR07,OUT035,1635.8126049223429
FDA51,OUT017,1927.3176385163993
FDT59,OUT019,599.7113374252468
FDF20,OUT017,3086.1431615351453
FDR13,OUT045,1864.3572083032225
FDY26,OUT049,4459.939998250972
FDW04,OUT017,2032.8843314746925
FDK52,OUT017,4151.406482642013
FDN60,OUT049,2639.07245450997
FDM09,OUT019,389.8472084296651
FDP46,OUT049,1359.6062133190744
FDB50,OUT019,284.36419708802543
NCQ29,OUT049,3796.3906445624207
FDP16,OUT027,6553.44604510437
FDX33,OUT018,2161.3204703626266
FDP07,OUT010,522.2374574029946
FDN22,OUT046,3677.338817589739
FDF39,OUT049,4426.971800492187
FDS21,OUT017,909.132522001551
NCM42,OUT013,1816.7023319351713
FDK50,OUT019,438.17930465747276
DRF13,OUT027,3691.9144436794154
FDH35,OUT018,2152.1525670188694
FDP60,OUT018,1435.1526264934841
DRJ49,OUT027,3071.569299830594
NCT42,OUT019,341.44261124504845
FDE38,OUT049,2704.2147637654043
FDI04,OUT049,3023.450736195034
NCH54,OUT045,2796.486198396227
FDT56,OUT049,839.5472188323504
DRD15,OUT018,3224.8726844677412
FDV58,OUT013,2921.9815257665086
FDP21,OUT049,3280.3707652890344
FDH05,OUT013,3637.522574652407
FDR10,OUT027,4295.882355082815
NCP06,OUT045,2316.2501720803616
FDF33,OUT049,1741.7959761925056
DRK37,OUT013,3396.6900459761405
DRH49,OUT045,1276.921801623295
FDT58,OUT013,2787.976958852201
FDD41,OUT018,1424.4836348368774
FDP40,OUT018,1963.0516672972642
FDM51,OUT027,2554.8843394663477
FDO45,OUT010,225.04001922958076
FDW33,OUT010,244.6619164648995
FDY24,OUT045,1030.3268404617631
FDB10,OUT010,565.2715125838981
FDM40,OUT035,2213.7496132438314
NCI06,OUT017,3106.765230377783
FDW12,OUT019,291.1001091802122
FDX48,OUT027,4085.4030069484916
NCW05,OUT027,2510.9578470932925
FDX27,OUT017,1556.683651215756
DRM37,OUT045,3169.873839295875
FDA38,OUT045,3908.0316004403758
FDR36,OUT046,693.3263095365792
FDZ45,OUT046,2998.221661757919
FDG05,OUT017,2533.9418740288
FDK28,OUT013,4188.399503632364
FDV47,OUT045,1361.0874447469955
FDN21,OUT045,2492.3369843507344
FDP20,OUT027,3970.6399934858464
FDI35,OUT045,4103.190958595251
DRY23,OUT013,734.0388077709338
FDA56,OUT017,2069.9697376485788
FDB09,OUT013,2216.609828575069
NCO26,OUT027,2837.3949391168967
FDQ49,OUT018,2531.524040288791
FDI52,OUT027,2719.977563505392
FDZ44,OUT027,3283.1944713265407
FDZ09,OUT018,2294.682463131445
FDY03,OUT049,2233.7251053465757
NCG42,OUT017,2142.724881606746
DRI13,OUT027,7074.5411729064335
FDQ32,OUT013,2292.3868319518865
FDW16,OUT035,1277.7501262299695
FDU27,OUT046,752.0825139593076
FDR28,OUT010,409.57629168478985
FDQ49,OUT010,418.4505413498848
FDS37,OUT046,1916.5391100637116
FDW26,OUT018,3152.56387672802
FDX12,OUT018,3080.6513619277252
NCP06,OUT013,2355.0950431379224
FDW45,OUT010,304.7992853849392
NCN30,OUT049,1599.9535973540271
FDN24,OUT049,878.1331757839945
NCL41,OUT027,1212.6357872674323
FDR02,OUT019,267.4333473849149
FDD09,OUT010,523.6778905985764
FDS33,OUT010,206.40047470012945
FDU22,OUT045,2034.0615146440314
FDI53,OUT013,2518.8510136133123
DRH01,OUT049,2647.0758068266605
FDX32,OUT013,2312.420882723449
NCP30,OUT018,558.0486393782248
FDB60,OUT045,3152.03037087563
FDB14,OUT049,1517.1969238437998
NCP02,OUT035,803.3835961320283
FDJ10,OUT017,2178.6342753498193
FDG34,OUT046,1733.0932579159978
NCB18,OUT017,1641.9833258256074
FDM16,OUT049,1176.9199171677378
FDW25,OUT018,1529.8685578775073
FDB35,OUT010,199.94605493385356
DRN11,OUT013,2275.6330062755137
FDF41,OUT019,531.4049079494955
FDH16,OUT045,1371.5418776467168
NCQ50,OUT018,2922.791416348466
DRH23,OUT018,704.7512780090719
DRJ37,OUT013,2426.3387238152677
DRJ24,OUT027,5267.806978141246
FDY16,OUT035,3128.145706016485
FDQ27,OUT045,1907.7988147492526
FDZ33,OUT045,2489.2043719993903
FDF29,OUT045,2117.492771092168
FDA08,OUT049,2751.475529815412
FDG31,OUT046,1083.4223079933486
FDE34,OUT019,492.8763338085844
NCR30,OUT027,2073.8825884645757
FDV33,OUT035,4221.74242312593
DRZ24,OUT018,1601.6709665152116
NCL54,OUT035,2916.451164572938
FDR12,OUT049,2857.285475857107
NCC54,OUT046,3863.578739859554
DRN59,OUT013,784.3260755081154
FDX50,OUT019,248.0354197164584
FDV31,OUT027,4868.797630321441
NCA29,OUT027,5093.474556184774
FDW60,OUT049,3046.6767477034064
FDX08,OUT017,3488.0987659846164
DRD49,OUT013,3569.025399040142
FDD33,OUT046,3666.44550500489
FDW35,OUT013,810.4831182986127
FDJ36,OUT017,1693.8210982661537
FDV51,OUT035,3017.6127564153417
FDW36,OUT046,1659.9445028578077
FDH35,OUT046,2423.0501721787477
NCS30,OUT027,3005.5220831962033
FDN49,OUT017,622.0548934640751
FDL08,OUT018,3106.110047428736
FDI09,OUT013,3408.26408885403
FDP19,OUT018,1764.0022481035464
FDU21,OUT010,65.61263192391333
NCP41,OUT045,1671.9659526128257
FDY10,OUT013,1761.139687391923
FDP12,OUT018,387.47706431164875
NCN26,OUT049,1936.4042924527835
FDK44,OUT013,2679.2922426160394
FDC28,OUT049,1693.143757800634
FDJ41,OUT027,6052.449741889661
NCT29,OUT035,1997.624941845655
NCH42,OUT019,547.7868522064019
FDU60,OUT018,2282.53328976549
FDS02,OUT045,3157.3787313875205
FDC51,OUT046,2065.1975844230956
FDU03,OUT013,3252.943380216813
FDX39,OUT045,3920.259666923469
NCY05,OUT010,83.24154421985907
NCL06,OUT027,6222.266870999909
FDD32,OUT035,1194.5837324577628
NCN41,OUT045,2068.0535332251734
NCX53,OUT049,2229.711803140656
FDU57,OUT019,318.5142300826868
FDQ23,OUT046,1829.634934403469
FDQ52,OUT045,4286.176890496243
FDC14,OUT045,664.9388965716072
FDY09,OUT035,2982.702216101101
FDQ28,OUT045,2512.136782674698
FDV25,OUT046,3914.2645429020554
FDJ07,OUT035,2009.9772320797927
DRB25,OUT049,1671.015310649782
FDK52,OUT019,570.4843332126193
FDY52,OUT027,1536.95356441845
FDB28,OUT046,3041.700811748266
FDT36,OUT035,637.5887420084757
FDV25,OUT017,4149.543337393396
NCN07,OUT027,3651.9555554182484
FDC57,OUT017,3071.2826744258955
FDQ03,OUT018,3011.8521990024637
FDU23,OUT017,3082.622429029569
NCX41,OUT035,3708.418291188321
NCD06,OUT035,752.7386053485629
FDW08,OUT045,1750.635701786601
NCU29,OUT017,2607.231536396945
NCE06,OUT013,2408.5469518025493
FDV52,OUT010,257.0156829476348
FDB02,OUT017,2987.073340311241
NCR18,OUT045,689.1409643531093
FDK16,OUT049,1568.3516759984993
NCQ29,OUT010,631.2673803676222
FDZ01,OUT019,208.15560729402358
FDW27,OUT035,2217.643044427783
FDD17,OUT018,3467.8149555569103
FDW39,OUT013,2888.140884285986
DRH59,OUT045,973.7269700810958
FDS52,OUT013,1532.6035230764599
FDU40,OUT027,5343.354182453368
NCF54,OUT013,2776.1965984079393
FDH46,OUT045,1658.7791777233306
NCP14,OUT049,1741.9704274487792
FDH50,OUT049,3440.4718062574
DRF15,OUT010,294.05650069178023
FDV27,OUT027,2144.9353038754994
NCJ06,OUT049,2058.5556307646475
FDN02,OUT018,3084.8423061654375
FDQ51,OUT049,766.2330579997329
FDQ07,OUT017,4150.040082551983
FDS45,OUT049,2001.392281719818
NCJ06,OUT045,2033.6982007894817
FDD36,OUT035,1981.0937813235423
FDY25,OUT045,3521.5091328382973
FDU52,OUT046,2260.8923152169577
DRK47,OUT017,3823.130236327773
NCL30,OUT017,2100.4435138266404
FDN22,OUT035,3845.874363684638
NCF30,OUT027,3190.548861852418
FDK03,OUT035,3920.346598516118
FDT45,OUT017,946.538097613219
NCC54,OUT027,6234.000345279337
FDP08,OUT018,2891.3984208569254
FDU44,OUT046,2826.508537841182
DRG39,OUT035,841.8738165688067
FDU32,OUT049,2030.6260293958323
FDY27,OUT049,3215.9201947560778
NCP54,OUT013,2150.1987585202382
NCZ41,OUT049,1986.5007848270463
DRL49,OUT013,2169.4310189010043
FDI05,OUT018,1059.4634978804045
FDY56,OUT045,4322.353949839254
DRC13,OUT013,2073.194274015059
NCV29,OUT017,3168.2072599686294
FDR24,OUT049,1309.382823721889
FDZ34,OUT018,2523.163797040855
FDP37,OUT035,2153.302973320224
FDX08,OUT027,4950.530273972737
FDS57,OUT045,2117.710518853253
NCG18,OUT049,1661.9340406249416
FDK25,OUT018,2169.9766200666736
FDH53,OUT049,1399.9986962877438
DRI59,OUT018,3096.4143213683064
FDA52,OUT046,2619.6424082756494
FDT20,OUT010,83.1029290675059
FDE36,OUT019,374.39847275980674
FDI24,OUT017,2822.105592149597
FDB28,OUT018,3161.7148066400423
FDV11,OUT017,2823.722385473971
FDP01,OUT046,2270.112599822323
FDD34,OUT027,3399.1038492952903
FDJ50,OUT027,1477.4450291021071
FDZ44,OUT013,1836.5583202360524
DRO59,OUT035,1225.2845143768984
DRB48,OUT045,649.5400684115701
FDR21,OUT018,2735.217940050522
NCE42,OUT010,556.3121385203247
FDO23,OUT046,1401.4324856310077
NCE30,OUT018,3056.9539521699858
FDQ22,OUT035,587.8174201282364
FDY01,OUT045,1974.457960587403
FDS08,OUT017,2498.6042572260358
FDG28,OUT018,3184.960233852135
FDQ51,OUT018,687.1621192512742
FDB05,OUT017,3786.6511412992613
FDO56,OUT049,1864.2027084628617
FDE02,OUT018,1263.0065513738055
FDN45,OUT017,3747.758224294147
FDS09,OUT013,730.6593769079174
NCA54,OUT018,2604.4507959311986
FDP09,OUT010,532.107903849258
FDC53,OUT045,1537.6854206459882
NCM55,OUT017,3155.7259516481413
FDL09,OUT018,2261.5697940431473
FDA11,OUT019,239.82203061945972
FDA50,OUT045,1576.379662987276
FDC23,OUT017,3870.432657405189
FDE22,OUT049,2607.9874420207166
FDD23,OUT046,3395.7485068728092
NCA29,OUT049,2962.574556198391
FDK38,OUT046,2246.907874725592
DRC13,OUT046,2065.875536658077
NCP43,OUT049,2766.495298749175
FDX28,OUT049,1609.8642916001033
FDF08,OUT049,1324.7263147979027
FDZ33,OUT046,2475.7146713209313
FDD10,OUT049,2411.9046428773045
FDO58,OUT017,2538.473652361242
FDI50,OUT017,4225.191941942607
FDO58,OUT045,2514.0437021092453
FDX08,OUT013,3105.904633948445
NCK17,OUT010,69.43906755168466
FDF39,OUT035,4714.543817959827
FDU45,OUT010,269.0348892800596
NCJ18,OUT018,1717.0601338362494
DRC27,OUT019,519.5166007859513
DRC25,OUT035,1520.3171203505126
FDU59,OUT035,2313.902428048365
FDU28,OUT035,3182.2677131428536
NCP30,OUT046,674.9648247956062
FDB39,OUT018,788.3047806049409
FDE41,OUT013,1343.3711563599134
DRH11,OUT010,176.23264947770957
FDA58,OUT045,3617.561493021442
FDU50,OUT046,1820.3264103979452
FDM34,OUT013,2219.924990509997
FDM44,OUT027,2626.7697806924157
FDR39,OUT045,3103.4236223299163
FDM25,OUT045,2787.895120791555
FDQ49,OUT049,2196.480586794386
DRH25,OUT018,724.2411802668855
FDM09,OUT027,3974.449719717349
FDL44,OUT019,475.01262778977014
NCR42,OUT018,324.8063862375158
DRL59,OUT046,809.3856737879838
FDX43,OUT013,2718.56280895972
DRK47,OUT010,548.7406664420603
FDU48,OUT018,1633.8969352657725
FDY12,OUT045,773.6968982857034
NCN43,OUT018,1704.6779092611587
NCM55,OUT018,2353.3848700276835
FDQ21,OUT027,3621.74577746887
FDX13,OUT035,4260.197212139569
NCK30,OUT027,5512.279952542207
FDG20,OUT049,2604.225445189606
DRG27,OUT017,669.1543951999806
FDY14,OUT018,3755.312512328197
FDP59,OUT035,1661.3586195544265
FDU60,OUT017,3446.476177139291
NCC18,OUT019,408.7302217267241
DRJ39,OUT017,3523.5816679794916
FDS07,OUT049,1910.1043867901562
FDM08,OUT027,5604.2109879586405
FDP51,OUT045,2043.8681786141833
FDU16,OUT035,1373.797187914205
FDH12,OUT013,1727.055898172897
DRE48,OUT010,474.6006806796938
NCL42,OUT027,7175.570768251731
FDR21,OUT045,2699.226643343601
NCW29,OUT035,1883.8781191737748
FDO11,OUT013,4687.750643326482
NCM31,OUT049,2101.0076147206823
FDV35,OUT019,327.2832438057436
FDF58,OUT017,1035.3061072526805
NCE43,OUT049,2966.5169776474104
FDA02,OUT035,2751.104471338303
DRL37,OUT010,118.22988535045037
FDR24,OUT018,1317.8810846331921
FDW59,OUT049,1248.7436735524423
FDS22,OUT049,699.8025007927073
FDW24,OUT017,755.0304996488195
FDU24,OUT035,1619.0294009400716
FDA21,OUT027,5167.187591127302
FDH58,OUT027,2979.546456989792
FDW36,OUT018,1415.6595732471862
FDI45,OUT027,5119.379444145615
FDU01,OUT018,3115.0692284535307
FDF35,OUT027,2586.196142458474
FDU43,OUT019,499.34379007209225
FDE24,OUT019,303.7028582426253
FDK50,OUT049,2655.8255481891247
FDG31,OUT045,945.7881627783264
FDC60,OUT045,1762.1511956692789
FDL36,OUT013,1339.867749471638
FDP21,OUT013,3214.405198639433
FDW16,OUT045,1299.5572185683
FDX02,OUT017,3780.1003151191685
FDQ58,OUT027,3143.3454956639944
FDT51,OUT046,1721.3485911024538
FDD59,OUT049,1322.5529790003493
NCM42,OUT018,1552.7841751879453
FDA57,OUT018,564.567796591246
FDZ48,OUT035,1810.284937804985
FDE46,OUT045,2419.235432775058
NCZ30,OUT019,351.49068950366745
FDB56,OUT017,3234.552758105673
FDA25,OUT027,2923.111104587919
FDD20,OUT013,2251.2645949615326
FDL25,OUT013,1348.9090931999929
NCO18,OUT049,3003.6541288597136
FDJ45,OUT017,535.259408426223
FDR12,OUT035,2930.9940470441334
NCF19,OUT010,121.73669936937969
FDK25,OUT046,3203.8999187836707
NCR17,OUT046,1958.1927294447864
FDC52,OUT046,2341.4626557767783
NCA54,OUT017,2980.0804697780013
FDR45,OUT010,555.373639385947
NCM19,OUT049,1948.7246467687596
FDF39,OUT027,4191.790013688337
FDX23,OUT049,1540.6657817465696
FDD58,OUT027,2725.555188240361
FDX28,OUT013,1651.9301943631053
NCD31,OUT013,2941.6183133327986
FDU57,OUT018,2138.6845340914792
FDI27,OUT046,770.6854417244093
NCM42,OUT046,1775.3855075854806
FDD32,OUT027,2018.7081837256887
FDI34,OUT013,3730.9910253628086
NCM29,OUT049,2061.670259232643
FDG46,OUT018,1933.273260433553
DRC01,OUT010,108.26139866524196
FDB15,OUT027,6603.611484823024
NCA17,OUT027,3449.9613896663777
FDF10,OUT046,2653.8736350416943
FDR26,OUT027,4410.266322060675
FDI02,OUT049,1887.1857445530538
NCM54,OUT010,286.09407349160495
FDF14,OUT013,2340.4426027020813
FDJ33,OUT010,235.16676687654922
FDM20,OUT035,4171.816179193429
FDC03,OUT027,5205.112049731339
NCX05,OUT046,2021.4984282137489
NCM41,OUT027,3126.893940665079
NCU29,OUT010,410.5360803564158
FDQ59,OUT017,1327.2270079721318
FDH46,OUT010,232.62632136680014
FDH09,OUT013,719.2191638659014
NCD06,OUT045,745.4546635790161
FDC15,OUT035,2592.3881608345764
DRD37,OUT027,948.8126206288351
FDT28,OUT027,3398.2656737218135
FDR28,OUT027,4003.625051327069
FDT38,OUT017,1312.166461899443
FDV34,OUT027,2051.246277496413
FDY52,OUT035,964.7224756060274
FDB34,OUT013,1395.0661541717332
DRL23,OUT018,1381.4639339339474
DRB24,OUT046,2378.9406642789795
FDJ50,OUT046,957.183115503671
FDQ49,OUT035,2300.4377412919634
FDP20,OUT035,2063.338917260621
FDV19,OUT027,4772.195750716754
NCR54,OUT045,3080.1102730607145
FDO09,OUT010,610.0592114253643
FDS57,OUT018,2010.2770245723038
FDN10,OUT049,1882.8023900026812
FDV23,OUT049,2076.4257368272697
FDY28,OUT049,3193.4886317948444
DRG51,OUT013,2723.2058946183447
FDD45,OUT019,233.15970747126386
NCL18,OUT027,5418.95596142637
NCM29,OUT013,2129.2422360333776
FDF17,OUT027,5352.263020357983
FDE22,OUT017,2685.4187465626046
FDQ22,OUT017,587.9147368810607
FDS01,OUT013,3110.5747726431528
FDW35,OUT027,907.285040759769
FDJ33,OUT046,2094.0252513923206
NCF54,OUT035,2809.6931118739017
FDE09,OUT013,1694.9954337790484
NCE06,OUT045,2502.7105862805734
DRH49,OUT049,1266.2851570893959
FDY43,OUT045,2857.8280700325054
NCT05,OUT017,4182.529973741178
FDZ34,OUT045,3754.8046320699345
FDL38,OUT017,1315.8346319641742
FDZ31,OUT017,3311.059076371157
FDR14,OUT035,889.3049698377728
NCN54,OUT049,1377.2988069096982
NCC42,OUT027,3594.008631801048
FDK08,OUT017,1632.1854913746092
FDP59,OUT013,1633.4520512455847
FDV22,OUT035,2748.8207567926956
FDD33,OUT035,3812.8308821132064
DRE60,OUT027,6522.407438225504
FDK52,OUT046,3964.475095975176
FDA02,OUT017,2389.6568671014556
FDM56,OUT049,1647.4865080074096
FDE57,OUT035,2135.697200973609
FDM32,OUT045,1381.6909582933574
NCQ30,OUT027,3059.64611325181
FDQ27,OUT027,2296.8067991734424
FDT60,OUT027,3316.943492900008
FDU43,OUT049,4154.665666691029
NCO55,OUT035,1674.1209578907594
FDG02,OUT045,3329.697036845946
FDJ28,OUT013,3170.2618569293704
FDP40,OUT045,1765.9947915065793
FDJ38,OUT045,3137.84705785095
NCC54,OUT017,3858.7339209714323
NCZ41,OUT046,2052.569716785768
FDK38,OUT019,376.1515961974453
FDU52,OUT013,2250.7039032041666
FDC40,OUT046,1156.680029629955
NCR30,OUT017,1160.8776381898329
NCN18,OUT017,1765.5690575314989
FDB50,OUT035,1305.9436564205198
FDG04,OUT013,3227.180538921646
FDR26,OUT035,2247.9942032335957
NCT17,OUT018,2828.198004224323
FDX35,OUT027,5859.479635577296
FDS12,OUT046,2209.9868404287226
NCZ29,OUT027,3492.7443610933515
FDB38,OUT010,359.33666711648925
FDP12,OUT013,639.4033338425165
FDP22,OUT046,785.7964384764241
FDS26,OUT018,3970.052753215364
FDR52,OUT046,3158.5461520633653
DRJ13,OUT046,2815.5782914316915
FDU48,OUT027,3468.842449188621
FDE29,OUT035,1022.8490782718322
NCT29,OUT049,2054.019849352667
DRK37,OUT018,2836.0477474689233
FDK55,OUT046,1276.794916070097
FDR07,OUT046,1587.7766908513813
FDO21,OUT027,6062.301916581486
FDK46,OUT049,4579.787607292583
FDB12,OUT045,1640.8992696642367
FDT31,OUT027,4483.78083235786
FDJ33,OUT045,2056.6562126164317
FDC26,OUT027,3004.0424649217402
NCQ02,OUT045,3186.117466794678
FDP08,OUT010,550.8256343689936
FDB11,OUT027,5247.479883068789
FDV55,OUT013,2500.9241226666245
FDW20,OUT049,2268.465485277216
NCJ18,OUT019,319.4051302784526
FDC41,OUT018,948.3060844377865
FDE14,OUT027,2791.8041681600243
FDG35,OUT013,3370.215043360657
FDF45,OUT035,939.5110412062943
FDS19,OUT027,2637.3123279034457
FDS58,OUT019,379.4184948901678
FDA26,OUT017,3619.045013167781
FDM32,OUT049,1367.4816676310272
FDL45,OUT046,2083.078012713368
FDZ55,OUT049,2542.331069206205
FDY37,OUT049,2332.384120350791
FDO46,OUT046,3179.163232703877
FDQ60,OUT046,2108.1050691244723
FDA19,OUT018,1825.358457016129
FDL15,OUT046,2491.3254305344844
FDM10,OUT018,2874.4786809966567
NCL05,OUT017,656.6814964788239
DRK49,OUT010,75.13104151560503
NCE18,OUT027,6412.026927439083
FDG40,OUT049,548.2968034379876
DRI59,OUT045,3689.770274396387
FDK28,OUT035,3877.885013632821
NCD06,OUT019,119.62017368226185
FDO11,OUT019,572.7434560796954
FDK27,OUT046,2070.284973941753
FDT43,OUT027,1561.1634010593248
FDD38,OUT018,1238.5924023637358
FDA16,OUT049,3427.7878001355566
FDL14,OUT027,4243.123630629799
NCM17,OUT049,762.8470067321441
FDD20,OUT045,2127.921315671622
FDA40,OUT045,1269.1021899870611
FDL43,OUT045,1237.1898622311724
FDV15,OUT045,1801.607237019004
FDE52,OUT046,1302.4344329833482
NCL17,OUT010,397.6613435790898
NCJ31,OUT045,3704.8509312489145
FDR60,OUT045,1142.1646673108821
NCA18,OUT035,1856.3825048517226
FDS21,OUT027,1563.199570434378
FDW09,OUT035,1232.1731759714235
FDL26,OUT035,2626.301116429595
FDS47,OUT018,1267.2566813602652
FDC39,OUT046,3252.6661907659586
FDT51,OUT035,1740.825843614843
FDK40,OUT035,4274.816825395884
NCG19,OUT045,3180.97258208871
FDZ07,OUT046,948.7478923307248
FDF08,OUT027,2404.595452279716
FDO04,OUT013,894.1014074063947
FDK41,OUT018,1225.4772204967383
FDP15,OUT049,4031.881220769025
NCD43,OUT018,1390.3287478402106
NCP18,OUT013,2541.341392977775
FDZ51,OUT046,1502.768001353364
DRH13,OUT035,1650.3375220710234
FDF38,OUT045,636.1010218222289
NCI43,OUT045,689.1540511877882
FDM38,OUT027,2047.632388356317
FDS03,OUT013,1061.3375964697357
DRJ47,OUT017,2707.8829810818047
FDT50,OUT010,186.55564746698036
FDV02,OUT046,2731.796391722563
NCG18,OUT017,1673.3307654667287
FDW52,OUT046,2722.054353276206
FDS40,OUT035,641.2543179671862
FDN31,OUT017,3104.6094340990803
FDA37,OUT045,1985.8297322940177
FDA15,OUT046,4346.8937196930265
FDL39,OUT046,2895.135633015839
FDJ53,OUT045,2044.3949424202954
FDX22,OUT013,3834.445741345982
NCZ42,OUT045,4032.485270644397
FDD56,OUT027,4683.601354907979
FDD40,OUT017,3207.3283628391805
FDS50,OUT013,3421.0517450818547
NCN14,OUT013,3319.923894943065
FDT15,OUT013,3245.434101146659
NCS18,OUT027,2693.18140080557
NCO26,OUT010,241.56826665778618
FDF58,OUT018,819.2577113648072
NCB19,OUT013,1486.9374193515132
FDH26,OUT017,2119.946875839538
DRB24,OUT027,4230.2385058798445
FDA49,OUT018,1433.5187378143198
FDB32,OUT045,1574.3734006108034
FDI36,OUT017,3289.7251933363495
NCA17,OUT010,333.6101251008698
FDH22,OUT013,2195.2132166395368
NCM26,OUT018,2009.104084905073
FDT15,OUT027,5640.921784622911
FDB16,OUT018,1293.7304114122992
NCP54,OUT027,3686.101114377647
FDJ36,OUT013,1683.009121126169
FDO28,OUT045,1991.2142598107762
FDU09,OUT013,809.996568333406
FDF29,OUT017,2231.0203291682283
FDY08,OUT013,2276.805322573464
DRJ59,OUT018,349.92450109004494
FDT23,OUT027,1878.2221049426269
FDU15,OUT018,359.86651561226813
FDT47,OUT013,1887.8420341584288
FDI53,OUT019,480.24917592989385
FDR59,OUT018,3406.926766713994
FDD53,OUT035,647.3263525320717
FDY51,OUT017,3489.196713986166
FDT04,OUT049,647.8309034535213
FDU51,OUT049,2981.8216413039872
FDG14,OUT035,2581.687973914438
NCU06,OUT045,3772.0255784967476
DRG25,OUT046,3251.986586252547
DRH49,OUT035,1261.7672090202748
FDN15,OUT035,2059.799496508646
FDL43,OUT018,961.264057540878
NCT18,OUT049,3584.9436041159993
NCB31,OUT013,3835.723117497117
FDK57,OUT035,1963.521310561026
FDY04,OUT019,375.61444159439816
NCP54,OUT046,2124.4139330379444
FDF41,OUT013,3916.9109472186774
FDM01,OUT045,1656.2067763986938
FDW03,OUT045,1756.2121756292195
FDF28,OUT045,2060.092437785162
FDY37,OUT017,2430.1188679205084
FDQ03,OUT017,3774.063986049071
FDP51,OUT027,2811.132797984569
FDJ40,OUT017,1723.7332930218931
FDC32,OUT049,1362.2163197876102
DRI49,OUT027,2217.869696091413
NCW54,OUT017,840.3013606136566
FDF09,OUT017,672.6271410748288
FDP45,OUT018,2781.9369386333965
DRJ23,OUT018,2944.469165861669
FDS59,OUT017,1983.6159988515199
FDY08,OUT046,2285.389993192051
FDX16,OUT049,2598.566196435796
FDY16,OUT018,2681.6092151000485
FDK32,OUT035,2560.0972575332144
FDQ22,OUT013,646.9819191336301
NCC31,OUT018,2672.980420415211
FDG58,OUT049,2461.229921478075
DRF48,OUT013,3113.869051895343
DRH36,OUT049,1032.1192991979276
NCR30,OUT035,878.917635992218
FDB03,OUT019,543.5637908754175
FDZ28,OUT027,3308.7499382491683
FDR35,OUT017,3059.4421693201466
DRD15,OUT027,6284.176314873173
FDJ33,OUT019,285.0755836790369
FDA56,OUT010,196.40506164495918
FDP56,OUT046,762.4377381785598
NCT30,OUT046,748.6231571721878
FDK15,OUT017,1655.5992619021906
FDH44,OUT018,1855.8882464548274
FDV01,OUT013,2489.336731361575
DRG03,OUT017,2542.5660865665204
FDG50,OUT027,2613.532574099564
FDR16,OUT010,658.6114330313678
FDZ60,OUT046,1618.601077040061
DRG03,OUT045,2486.3997994044694
FDS56,OUT018,3631.2660025886344
FDU33,OUT045,813.4544576300912
DRD27,OUT035,1632.4026534323107
FDW22,OUT046,3767.266948651939
DRA24,OUT045,2500.814002676662
FDF38,OUT049,636.2154734171331
FDX48,OUT013,2490.457706480821
FDS58,OUT018,2494.3213621402274
FDC32,OUT046,1374.1200270579998
NCQ29,OUT045,3832.169984203495
DRK39,OUT018,1255.8887789317082
NCS38,OUT017,1831.9340864770465
DRO47,OUT013,1771.6271779605047
DRG27,OUT027,969.9765833074644
FDC57,OUT027,5258.984997207757
FDS55,OUT046,2386.3255497249706
NCJ06,OUT018,1734.6465292594594
FDO01,OUT019,320.0671510391509
NCM55,OUT045,3089.5739439167164
FDC52,OUT049,2385.2550455722626
FDQ15,OUT045,1309.5452178029802
NCT30,OUT027,1250.2667937386213
NCR42,OUT027,894.0118872145234
FDD28,OUT035,758.2306014640972
FDQ34,OUT049,1529.6153695992602
FDZ12,OUT027,3124.0894686150073
DRE13,OUT019,225.46244939111378
NCN07,OUT019,297.1252531769821
FDM28,OUT035,2849.7330309914505
FDI10,OUT017,2826.254026695967
FDQ25,OUT013,2870.21329008508
FDA38,OUT010,757.9759443711794
DRI13,OUT049,3519.2897110690183
FDY20,OUT027,2507.589599692981
NCZ53,OUT035,3237.86191085371
NCM31,OUT013,3438.230631307532
DRB01,OUT017,3141.692619547524
DRF37,OUT046,4354.634455622315
NCF42,OUT049,2607.1455344977935
FDF16,OUT018,2147.430762264448
FDB41,OUT013,702.4090870250894
FDR34,OUT013,4204.70758334067
FDR15,OUT018,2540.050795543275
NCV42,OUT019,270.6304353669528
FDW51,OUT035,3656.5835637839377
FDU36,OUT017,1599.926242784554
FDX60,OUT049,1293.38969169994
FDY03,OUT035,1971.3642543580415
FDW55,OUT045,4067.799877121956
FDT01,OUT010,554.0836832701724
FDG58,OUT013,2456.6656740231833
FDK21,OUT017,4648.004421687355
NCS41,OUT019,419.0664057913912
FDS10,OUT045,3426.2153300380132
NCT53,OUT046,2646.364980463479
FDJ28,OUT018,2520.940273999533
FDX44,OUT045,1333.5603411344284
FDT20,OUT018,374.4377494656411
FDO44,OUT017,1677.2716852051399
NCX17,OUT049,3176.6102777285664
FDY01,OUT017,2036.313671270421
FDJ12,OUT027,5242.982549414431
DRK35,OUT018,401.2239783234517
FDD47,OUT019,384.49215068866266
NCM53,OUT035,1718.2963852175233
FDO45,OUT013,1354.2954747569818
NCM42,OUT010,237.64051082181305
FDE04,OUT046,3248.2639869210643
NCI30,OUT027,5576.984589492353
FDZ19,OUT013,2764.137747770255
FDW57,OUT013,2871.3978323190117
FDA25,OUT013,1645.1762702964663
FDT22,OUT046,1003.4390908238104
FDP51,OUT013,2015.944259574384
FDD48,OUT027,2958.543606265699
FDY39,OUT035,3629.664964178471
FDO48,OUT010,570.391936680887
FDD23,OUT027,5257.299595142166
DRN35,OUT027,899.3866634006789
FDT01,OUT035,3359.6207630779554
FDC20,OUT010,172.90056714686307
DRJ35,OUT035,929.7423680678886
FDB32,OUT046,1495.7891990232386
FDL24,OUT046,2943.9184184185274
NCV42,OUT035,1814.4252377395499
FDZ46,OUT046,1734.9972594154585
FDC15,OUT013,2462.1696480538744
FDD08,OUT019,74.14123927576873
FDY50,OUT049,1412.9564893696859
FDD36,OUT013,2101.99589860139
FDG57,OUT027,1533.6175452838784
FDL21,OUT018,496.89793573312227
FDN16,OUT027,2597.153236737767
FDJ09,OUT027,961.7333196433427
FDS01,OUT010,468.9431279885596
FDV33,OUT017,4341.867364184488
DRE12,OUT017,1760.1450908763538
FDR07,OUT013,1567.9058667167865
FDP48,OUT010,452.6243854978358
NCB55,OUT035,830.7115826530843
FDQ08,OUT013,846.0416039557714
FDR34,OUT035,4374.043896020262
FDO33,OUT046,1681.3095348918223
FDP13,OUT045,686.1789792412991
FDX12,OUT049,4050.3720233365057
NCT06,OUT049,3147.786638483749
FDR16,OUT019,566.6095060029918
FDE36,OUT046,2969.670572338356
FDZ36,OUT049,3295.5512659755395
FDV13,OUT045,1269.8032947044312
NCZ17,OUT035,636.5947605695103
FDU56,OUT045,3022.215253568655
FDM09,OUT035,2852.0570214723684
FDV02,OUT017,2799.8810425231513
FDS34,OUT018,1655.4170748356898
FDA11,OUT049,1499.4048438116172
FDP09,OUT017,4043.3056530063996
FDB29,OUT027,2580.670306626149
FDT19,OUT017,3094.134600326766
DRH15,OUT017,708.7750580021916
FDY38,OUT046,3488.6332154963648
FDF14,OUT027,3382.017439889144
FDN48,OUT010,207.56888963794776
FDQ12,OUT013,3967.59398822655
NCJ43,OUT045,2894.972434606696
FDE17,OUT019,297.2418063253508
FDB05,OUT035,3747.9648421895176
FDH10,OUT045,2133.7633778771547
NCR06,OUT017,668.0215938028887
FDU32,OUT018,1709.3538164649851
FDD56,OUT049,2869.0669220967284
FDO36,OUT018,2498.05898597303
FDH16,OUT010,204.10273875157876
FDX10,OUT018,466.9550863664418
FDZ37,OUT017,1305.1167392042694
FDU31,OUT010,557.2241501158318
DRC49,OUT049,2050.451860472619
FDL15,OUT045,2503.6228628236136
FDN32,OUT019,509.7506011241156
DRH59,OUT027,2088.972799489846
NCU29,OUT049,2325.47388407176
FDR37,OUT019,549.8204747777083
FDS14,OUT018,2543.612091234897
FDU02,OUT027,5531.904015995287
FDJ08,OUT035,3181.179593735954
NCZ06,OUT045,3660.992189879352
FDO31,OUT049,1401.2876447242163
FDH31,OUT018,1352.017679694108
FDS58,OUT017,2743.351461819664
NCA53,OUT027,1206.0462499844416
FDF50,OUT046,3172.4044407159254
NCW42,OUT049,3781.191945783291
NCQ17,OUT045,2458.072655286916
FDK51,OUT018,4153.060730154012
NCW41,OUT010,351.3560384201687
NCR29,OUT017,822.7476957465407
FDB08,OUT019,372.90948439108223
FDA40,OUT027,2582.6193952699905
FDL14,OUT018,2558.6200644195105
FDB47,OUT046,3395.264849792295
FDO03,OUT035,3962.804151860392
DRK13,OUT019,445.4597805425855
FDX13,OUT010,549.5625030726185
FDF52,OUT046,3466.1241917683137
FDT11,OUT013,3115.8498855485313
FDB08,OUT013,2590.7480685309256
FDQ28,OUT018,2451.3853387340696
FDD29,OUT045,4319.0093517757905
NCQ29,OUT027,6850.904112067111
NCO02,OUT013,1014.5481743269702
FDR56,OUT010,511.7552752595743
NCM54,OUT049,2106.2572342275844
FDP51,OUT035,1909.2300990171038
FDT38,OUT013,1258.8474813295488
FDZ20,OUT018,3112.465096393873
FDJ53,OUT013,2101.9086197189304
FDX13,OUT049,4334.205190196738
FDP58,OUT035,3613.122686513214
NCK31,OUT019,129.35913657333197
FDA35,OUT018,1659.3957402970734
FDV37,OUT018,2989.668968958999
NCO07,OUT027,4916.413994390704
FDA20,OUT045,3195.307001794797
FDZ59,OUT035,2828.7074597870296
NCY17,OUT017,723.8413405073863
FDQ28,OUT035,2629.6186099599327
FDV35,OUT017,2524.1864773349616
FDQ36,OUT013,542.6040056421757
FDD34,OUT018,2699.916987270591
FDK51,OUT045,4329.453110655949
FDV31,OUT035,2554.5936715193916
FDR04,OUT035,1505.6455571662934
FDR14,OUT049,864.2081370282931
DRC36,OUT010,481.515912862714
FDE39,OUT019,300.53435888618156
FDP57,OUT049,1601.6631398026898
FDE57,OUT046,2157.4948855815555
NCN18,OUT046,1728.8705599299437
NCQ05,OUT018,2129.662517252584
FDW47,OUT035,2015.3283601549372
FDV46,OUT035,2229.210002472894
NCP29,OUT045,929.3603713804067
FDE09,OUT018,1374.5293469456924
NCU06,OUT027,6646.89112525844
FDT19,OUT010,450.1587321862288
DRF15,OUT017,2388.454574226847
DRI51,OUT013,2701.624632846959
NCX54,OUT013,1664.969616458365
DRE01,OUT013,4086.305642547652
NCB07,OUT045,3021.709443021081
FDU50,OUT035,1793.870180646395
FDG40,OUT035,612.356116885028
FDW10,OUT018,2811.7197872901397
FDX51,OUT013,3241.991416807978
NCP17,OUT045,973.0250127226568
FDP21,OUT035,3221.555937534094
FDL04,OUT045,1613.9460747951205
FDV23,OUT013,2038.8508369238045
FDF24,OUT046,1307.4228697218105
FDH56,OUT027,3135.0267762641934
FDB51,OUT049,845.4171572920809
FDI58,OUT027,2313.896242478003
FDR20,OUT013,806.7091593990223
FDC51,OUT018,1673.4520097352722
FDB16,OUT027,2015.0713780458461
FDE40,OUT049,863.834644976465
NCM17,OUT035,753.2364463549707
FDU56,OUT035,3165.7729015766445
FDS32,OUT019,296.5949093050815
FDX02,OUT049,3697.49433993303
FDT39,OUT027,5141.361814146812
FDE35,OUT017,766.632356272425
NCI42,OUT019,588.5552467655824
DRL23,OUT046,1640.8090240117258
FDA10,OUT046,2012.9291941393747
FDA11,OUT013,1477.2226606434247
NCM06,OUT046,2250.4219519065286
NCT05,OUT035,4013.407293812386
NCQ02,OUT010,482.07669381331294
NCY06,OUT049,2088.036560952512
FDY56,OUT035,4230.036716067942
FDL02,OUT035,1875.0986137592784
NCI06,OUT035,2904.626598099639
FDQ14,OUT045,2361.867485350947
FDQ12,OUT017,3996.31501945513
FDP36,OUT046,727.1436731521968
FDK21,OUT027,8117.135430230248
FDO40,OUT045,2577.1743985544176
NCK54,OUT019,225.12939527335612
FDY09,OUT018,2705.086735852162
NCW30,OUT049,4173.8813542361195
NCC55,OUT027,704.1628359123243
FDE58,OUT018,1598.2066498220336
FDR39,OUT013,3232.755599313369
FDU28,OUT049,3131.4096470782697
FDH08,OUT017,3938.001590842076
FDG35,OUT045,3593.7172911003963
FDG22,OUT049,555.9022450606194
FDC34,OUT035,2854.6420953886777
FDP15,OUT018,3156.905558946545
FDK34,OUT010,576.4387901668965
FDU45,OUT035,1936.000176051189
FDQ04,OUT027,818.5107257582127
FDX22,OUT018,2743.659179817581
FDB45,OUT017,1602.856035472418
NCH43,OUT027,5170.5050370777935
DRE60,OUT046,4277.599482471075
FDD17,OUT027,6149.027958886963
NCM54,OUT017,2073.475425112831
NCH55,OUT013,2101.711701919397
NCT06,OUT017,2872.131337293051
FDA48,OUT027,5246.077159137971
FDY58,OUT027,7526.614649698517
FDO25,OUT045,3278.7944363499787
FDN50,OUT045,1599.535762430174
FDH35,OUT035,2534.5926135178015
FDK09,OUT045,3679.6368865786194
FDO16,OUT013,1680.5500998193938
FDW11,OUT045,1024.2208343257566
FDU47,OUT027,4238.472397167158
NCQ42,OUT010,292.097207451905
FDK55,OUT027,2921.1981792964825
FDN08,OUT049,1857.2241741313867
FDT57,OUT045,4018.8602223721264
FDJ12,OUT018,3145.3058429043735
DRL59,OUT017,755.4630312784321
NCN53,OUT046,676.6868193990913
FDO51,OUT010,102.58217097829464
FDK56,OUT017,3178.334981457541
FDY12,OUT035,829.090508950917
FDU15,OUT035,597.0501591478317
FDQ19,OUT046,3804.4803363237193
DRF15,OUT045,2332.797290058539
DRE25,OUT019,224.12512843196603
FDK57,OUT018,1878.4276436400175
FDD33,OUT010,558.3017333438947
FDR34,OUT027,7131.174137576339
FDU04,OUT045,2034.1429675999548
FDE35,OUT019,144.09042413525418
NCD31,OUT035,3032.0890284421002
FDJ56,OUT035,1542.8588538504566
NCU53,OUT046,2467.108717903956
FDD39,OUT035,3345.6812504459526
NCU17,OUT019,255.43966449549174
FDJ20,OUT046,2105.8331919943207
NCW41,OUT018,2449.669567489299
FDL52,OUT035,724.6801456913049
FDS39,OUT035,2090.075718718263
DRJ47,OUT045,2669.3606192056013
FDP13,OUT010,109.3155154374186
DRK39,OUT010,202.16585397212478
FDF28,OUT010,257.9718900455608
FDB09,OUT045,2130.2328238263667
FDM51,OUT046,1570.5771023742266
DRM49,OUT018,747.0782435392348
DRF23,OUT013,2735.142418129921
DRH01,OUT035,2758.967821136113
FDH12,OUT027,2485.935496509074
FDA28,OUT019,265.8482026306594
FDW37,OUT018,1383.543191847934
FDF02,OUT046,1828.3312571833242
DRL37,OUT046,735.7188752069598
NCF43,OUT046,2050.804715106971
FDH08,OUT010,479.0682290328031
FDR34,OUT019,540.5014590431733
NCK19,OUT049,3149.264248749818
NCD55,OUT018,441.67448890931223
FDT27,OUT049,3715.454240890396
FDQ57,OUT045,2328.5528745365627
FDA47,OUT035,2673.0214447840426
DRG15,OUT027,1773.2281383211591
FDE05,OUT018,1853.4577087974476
FDN46,OUT046,1602.9940851651418
FDX27,OUT027,2711.635186030793
FDT51,OUT045,1708.4475301657806
FDU33,OUT013,767.9536700290363
FDJ16,OUT027,1518.9022126653012
FDD20,OUT019,278.0595454809065
FDT36,OUT049,534.4190161746742
DRF15,OUT027,2371.8761401318457
FDN52,OUT010,200.45100587835233
FDC22,OUT027,5502.417254998691
FDX15,OUT045,2584.6098026676514
FDT13,OUT013,3352.208691051108
FDU04,OUT017,2083.6231813951053
FDU31,OUT019,484.76964337681
FDW59,OUT027,2101.3239775784946
NCO29,OUT046,2711.174705536689
FDL15,OUT035,2563.5687587511757
FDI41,OUT049,2907.253319295253
FDQ48,OUT049,1596.9546366867391
DRI39,OUT013,812.9039358310541
FDI08,OUT013,4018.953934047882
FDC21,OUT049,1744.8657485456022
FDF58,OUT035,1116.7209686136407
FDS08,OUT010,400.8993492132844
FDE47,OUT045,1966.226993551466
NCP18,OUT019,314.6227795815762
NCR41,OUT013,1560.085098310255
FDA27,OUT013,3637.150494931019
FDA43,OUT035,3130.3845994268836
FDA49,OUT045,1421.5568114626717
NCE55,OUT018,3162.5155018896407
DRM49,OUT027,954.8178970162113
FDF22,OUT027,5068.854024116847
FDQ15,OUT018,1128.5078621887003
NCS54,OUT017,3305.6908539363226
NCY05,OUT013,658.135556660798
FDR45,OUT046,4157.408132474397
FDK57,OUT049,2098.3166339437944
FDF41,OUT010,555.4701489918774
FDV21,OUT046,2129.1709216376025
FDD51,OUT046,719.0832840902824
FDF33,OUT046,1808.1364706981701
FDA38,OUT046,3891.4731911284493
FDR56,OUT045,3120.352180341499
NCN41,OUT017,2136.7110904454744
FDC60,OUT027,2678.1721459379733
FDB47,OUT045,3372.763351483682
DRH01,OUT013,2721.590532573805
FDW08,OUT046,1679.0222272678723
FDF38,OUT027,945.4535018995931
FDY32,OUT017,2593.5832687664893
FDG34,OUT049,1674.0951165823683
FDG47,OUT019,554.6161965262792
NCF18,OUT035,3094.8762969628997
FDL39,OUT019,515.8436877216004
NCH55,OUT035,2053.841830994991
DRJ35,OUT049,789.0280946414262
FDS44,OUT035,4028.0087082076743
DRE01,OUT018,3980.193636954053
FDY39,OUT013,3439.074735240454
FDY32,OUT018,2148.7205268473517
FDR33,OUT027,4027.6504879615204
NCP50,OUT049,1214.896874649961
FDZ47,OUT018,1263.8097170065757
FDU57,OUT049,2248.967239590438
FDY44,OUT013,3161.1123308083
DRH59,OUT018,949.9051927807412
FDB03,OUT027,6569.695220679582
FDY46,OUT045,2983.3895132964394
FDM39,OUT045,2765.087959252475
FDY36,OUT035,1298.9695567321771
NCM55,OUT035,3154.2665127230243
FDJ50,OUT010,185.30389307367437
DRL60,OUT013,2384.6166832511685
NCJ54,OUT049,3888.9119056235418
FDX59,OUT017,512.9935274055844
FDI07,OUT013,3232.775623025076
DRF51,OUT010,109.37312714429599
FDM14,OUT017,1791.9625928677433
FDP21,OUT045,3223.600379848036
FDE40,OUT035,1075.8181201029558
FDE05,OUT035,2482.3459188740394
FDM13,OUT027,3084.2816150657786
FDC34,OUT027,4176.431843674089
NCI55,OUT018,1702.4605646059745
NCE43,OUT018,2062.272410748299
FDW58,OUT018,1250.2425676361956
FDG60,OUT045,4038.9246968579882
FDV31,OUT017,2591.600129067904
FDR47,OUT013,2929.525547283741
FDM60,OUT019,58.40179987664723
NCF06,OUT018,3207.419333974199
NCN26,OUT027,2422.6646313885194
FDQ59,OUT049,1357.942201656203
FDF09,OUT046,728.4280729019313
NCS06,OUT017,4151.482032946846
FDT44,OUT046,1926.9283085552117
FDI19,OUT017,4064.922338143871
FDT22,OUT017,892.3064892431134
NCF54,OUT027,4356.565383536251
DRG25,OUT045,3234.4719951506977
FDB59,OUT017,3004.173584370606
FDQ37,OUT017,3775.360152891434
FDP56,OUT035,750.3954080043213
FDW44,OUT035,2824.9455758761787
FDJ26,OUT010,531.9668261214713
FDU43,OUT018,3055.166597333408
FDW33,OUT045,1625.185612636281
NCX53,OUT027,3181.8676514693016
FDN56,OUT010,441.5821842077019
DRF15,OUT049,2322.934843475762
FDO33,OUT017,1887.0377705241926
FDZ39,OUT010,220.95985116055658
NCJ19,OUT017,986.806125655456
FDU01,OUT035,3258.4541892632587
FDT12,OUT035,3847.4310291278252
NCM18,OUT018,835.6162344895741
FDP19,OUT017,2513.4294862720362
NCR42,OUT049,454.3359113619256
FDN10,OUT046,1890.950750727007
FDG44,OUT017,910.2307973309375
FDQ10,OUT046,2951.3024454859888
DRH13,OUT049,1562.3678251009294
FDT52,OUT013,4227.77360630859
FDM56,OUT045,1673.934828308192
NCO43,OUT010,231.80122539542663
NCV29,OUT035,3233.5429699544434
NCF06,OUT013,3959.362330975762
FDO50,OUT035,1320.2807406218665
FDT59,OUT013,4017.316752807129
FDX40,OUT027,775.0208150186882
FDE50,OUT017,3208.7561021966194
FDX51,OUT017,3274.5157465669636
NCD30,OUT018,1273.9116472779504
FDK15,OUT013,1630.183201233343
FDL12,OUT045,886.7785467761626
FDK46,OUT017,4175.018674596146
DRH49,OUT010,206.39886791844944
FDQ57,OUT046,2366.7713918323047
FDY59,OUT017,1428.4131582518457
FDO09,OUT018,3787.9860834561086
NCG30,OUT035,1995.0749896244001
FDM09,OUT017,2785.2236218518315
NCN17,OUT027,2644.5627087559224
NCS42,OUT013,1562.1804872545047
FDD02,OUT019,284.0594495087139
FDE34,OUT013,3725.165166631379
FDU38,OUT045,3166.7970465925346
FDB33,OUT046,2721.058414626399
NCJ29,OUT017,1357.4677772650064
FDZ27,OUT035,698.7358021642378
FDI40,OUT013,1597.306758979901
FDG22,OUT013,605.1930651835886
FDT51,OUT017,1736.2814763196156
FDF20,OUT018,3143.24111497371
FDV50,OUT035,2022.1120172087662
FDT02,OUT049,606.7613137697706
DRC49,OUT017,2518.312299033879
FDF26,OUT049,2190.678579579136
FDV52,OUT035,1938.1224974097581
FDX59,OUT049,543.4415970112776
FDV25,OUT035,4016.828937881395
FDW23,OUT027,819.079202808199
FDE53,OUT018,1401.1790317712855
FDA19,OUT017,2093.6646873304417
FDH22,OUT046,2104.6703959577503
NCO41,OUT013,1624.3735407522295
FDX12,OUT017,4360.971585704385
FDF17,OUT013,3140.4311337074196
FDS11,OUT045,3794.4622035995335
FDR51,OUT035,2439.978626023305
FDT49,OUT010,233.0982402517446
FDC56,OUT013,2152.4561097568726
FDR13,OUT027,2832.4561613598453
FDQ60,OUT035,2115.2363971950454
FDN38,OUT049,3928.7349520262087
NCL29,OUT013,2462.8884638859217
FDO13,OUT027,4152.571207142155
FDE26,OUT018,2117.9147415780244
FDA31,OUT010,411.5136694281789
FDX14,OUT035,1235.2907531714793
FDA34,OUT045,3438.9512798840074
FDF26,OUT013,2304.14421287388
FDE38,OUT045,2854.0877381045893
DRI11,OUT046,1911.8814552729327
FDQ60,OUT027,2936.648737558954
FDL21,OUT027,896.7812662103973
DRC12,OUT027,5424.322202035559
FDC47,OUT046,3790.4074452265545
FDE57,OUT045,2082.6905595262456
FDT14,OUT045,2163.5830319912143
NCZ53,OUT046,3268.713606055155
FDE28,OUT018,4199.679742186296
FDR19,OUT035,2672.859097690126
NCF54,OUT019,376.25666091161474
FDZ08,OUT046,1327.8014206290725
NCJ05,OUT018,2211.048919740387
FDF59,OUT046,1999.1062341130641
NCO05,OUT035,1730.0188748026776
FDW24,OUT018,722.5483530048087
NCX42,OUT018,2689.16807882972
NCA53,OUT035,784.7079465908874
FDI45,OUT019,420.58730680707936
FDG46,OUT046,2132.594071961576
FDM20,OUT010,578.1073934855315
FDW11,OUT010,140.9374975048294
FDX08,OUT035,3019.2785706697496
NCK17,OUT035,696.7631350861507
FDK32,OUT018,2058.328946965633
NCA42,OUT035,2536.4636571667043
DRI01,OUT035,2880.2924034131997
NCL55,OUT049,4029.114856153138
DRE25,OUT018,1256.8176149304545
FDD14,OUT017,3063.2194988334754
FDB10,OUT046,3877.374929901314
DRN11,OUT035,2347.185389033639
FDP38,OUT018,716.7900894330018
NCA30,OUT017,3088.994190053087
FDT15,OUT017,3211.2318499549974
NCP55,OUT018,760.0946696376332
FDF12,OUT035,2320.6325218230377
FDM21,OUT018,3609.2132093488553
FDX56,OUT035,3925.433352753589
FDF10,OUT017,2622.9833390174176
FDT32,OUT045,3021.0236310741548
FDM51,OUT018,1359.078808647997
NCR50,OUT018,2405.4595199388987
FDI19,OUT049,4024.7365195288476
FDX21,OUT017,1677.3755268396576
FDR31,OUT035,2505.941216355092
FDY02,OUT013,4306.26836552708
NCA29,OUT045,3497.4365890587073
NCX17,OUT046,2823.151057372863
FDM12,OUT045,3003.247597578633
FDI53,OUT027,3577.714358355168
NCU30,OUT049,3030.989600537968
FDC56,OUT027,3643.4745792308413
FDK27,OUT018,1642.364062147169
NCK18,OUT017,3474.0476222242346
FDB52,OUT019,530.3533481440761
DRG25,OUT027,6323.84361486948
FDZ13,OUT049,791.5769610075378
FDB57,OUT019,548.0204593936567
FDR40,OUT046,1323.755996428733
NCO14,OUT019,114.09042083832975
NCN19,OUT045,3146.3389734528923
FDQ28,OUT019,321.4493856805976
FDO13,OUT018,2310.4118873630937
FDK48,OUT013,1311.8381287458035
FDU07,OUT018,2160.9015967043556
FDW20,OUT046,2288.715241333933
FDV12,OUT010,235.58356066985826
FDH24,OUT013,2612.260783288534
FDV59,OUT049,3336.230258359512
FDK57,OUT045,2028.3047384487734
FDL16,OUT027,940.19850316743
NCQ17,OUT046,2499.7985024420923
FDJ15,OUT018,2598.62119514414
FDX24,OUT049,1334.2734767619313
FDT47,OUT046,1762.5502762425097
FDT10,OUT049,843.3862874680088
FDZ37,OUT018,1351.3546115551248
FDW43,OUT027,6576.24480163367
DRN36,OUT017,1581.039335449833
FDJ14,OUT045,1286.7652213334952
FDA32,OUT013,3265.908913616251
FDJ38,OUT019,551.0743928126633
FDQ57,OUT017,2326.669258120386
NCQ41,OUT019,653.1531486629666
FDG56,OUT049,957.6094396324105
DRC13,OUT027,3494.025773809535
FDV55,OUT035,2505.854089688055
FDQ49,OUT045,2629.9821955399366
FDE29,OUT010,168.25244381457253
FDR03,OUT013,3902.922733293684
FDD45,OUT049,1403.0369917222977
FDN38,OUT010,524.218759321308
FDT56,OUT046,800.1722740620587
FDT48,OUT045,3208.107571202118
FDU03,OUT049,2910.688562009429
FDC56,OUT010,233.4478513841389
NCO43,OUT027,2741.0667208045675
FDQ27,OUT017,1840.5325027159802
FDR03,OUT046,3827.1212834876387
DRH23,OUT010,174.86606747840145
FDG22,OUT045,645.2032411818002
NCJ42,OUT013,1643.990936957148
FDR24,OUT046,1309.9829698271637
FDW60,OUT035,2928.4573472293387
FDJ08,OUT013,3178.6021361300022
DRL59,OUT018,711.4207451210715
FDG60,OUT010,552.0887359208293
FDW27,OUT017,2305.0181779720497
FDX14,OUT018,1152.0628384075605
FDC20,OUT013,792.7345763182734
NCS29,OUT018,3364.681686169513
FDJ56,OUT046,1448.9677666063612
FDB20,OUT019,206.78546308220913
FDL28,OUT027,6730.596337962388
FDW01,OUT018,2047.985926603142
FDL03,OUT046,2829.2014338566096
FDX22,OUT049,4068.7267586125554
FDJ21,OUT035,2718.421419001498
FDR31,OUT045,2321.7295525681457
FDG21,OUT035,3176.3512676489995
FDS22,OUT027,949.7021581693355
FDK08,OUT035,1648.416213143041
FDE17,OUT018,1935.132425158305
NCN30,OUT017,1556.1698952585011
FDT50,OUT046,1478.8706138143432
NCX42,OUT049,2851.557456975073
FDJ12,OUT035,3813.691149243963
NCA18,OUT027,2671.2074426097633
FDP23,OUT019,558.9952424207294
FDX12,OUT013,4094.8360046376274
FDN40,OUT018,2183.164001792086
FDV48,OUT035,1347.7961072293026
NCY54,OUT013,3065.127783480034
FDL16,OUT010,130.21896513835637
FDR45,OUT018,2336.8564023689255
FDJ52,OUT046,2448.877634685018
DRG01,OUT017,1371.8582133184705
FDP52,OUT013,4266.26817580538
FDU58,OUT017,3227.6600220497876
FDL02,OUT045,1755.0796220047623
FDG28,OUT013,4256.053851774571
FDA19,OUT035,2133.263742417948
FDW46,OUT027,2062.1776415612294
NCD43,OUT049,1586.672762789237
DRG39,OUT013,729.8006518004086
NCF55,OUT049,634.9960720381583
FDJ07,OUT046,1956.6142474953615
FDE08,OUT046,2513.8222530802564
FDP56,OUT019,110.90879338011763
FDT45,OUT045,859.2533771590839
FDF17,OUT018,2911.8035718387796
FDX44,OUT046,1340.9202492949605
FDM28,OUT027,5074.374378028786
FDI36,OUT049,3067.298262984261
FDS07,OUT045,1918.8758184334292
FDD36,OUT045,1910.4539708053396
FDW11,OUT046,933.2349712342584
FDN40,OUT049,2185.9768581178646
NCQ18,OUT049,1613.4834399559213
NCQ54,OUT017,3558.8079832610106
NCS42,OUT045,1629.0615279756778
DRH39,OUT010,152.9580688713359
FDC09,OUT027,2557.2821270682352
FDT08,OUT010,310.2218496435393
FDC08,OUT035,4038.4290058418787
FDT20,OUT017,595.6596489284693
FDS35,OUT035,1084.4144535322403
FDX58,OUT018,3080.2327105104305
FDW58,OUT046,1626.573109975858
DRD27,OUT046,1578.9145891750281
FDH32,OUT019,231.50654558627454
FDS26,OUT035,4307.704012955505
FDQ31,OUT046,1439.1691067457837
FDP11,OUT018,3240.4495032852137
FDD58,OUT017,1665.9556607044017
FDM33,OUT045,3245.6866570739257
FDZ16,OUT049,3102.916957062757
NCS29,OUT010,514.3060299234842
NCM18,OUT019,179.11644980382007
FDP11,OUT049,3179.931089761114
NCC42,OUT017,2090.7773259557857
DRM23,OUT046,2716.2426883078842
NCN55,OUT027,5409.684259778169
FDK46,OUT013,4395.386321919001
FDR01,OUT046,3180.4819091121303
NCA05,OUT045,2272.019821590787
NCP43,OUT017,2784.759079028063
FDR12,OUT010,355.21397452743605
FDQ01,OUT013,3661.512821896062
FDM13,OUT046,1896.576181602126
FDQ19,OUT017,4254.605881318182
FDK56,OUT019,474.8148519637664
NCX06,OUT010,449.0365831330136
FDO56,OUT027,3105.3853603514763
FDU45,OUT045,1822.761578196809
FDI16,OUT019,165.07910599508642
FDL32,OUT046,2395.0751127950484
FDA07,OUT046,2032.8035598845786
FDA14,OUT045,2464.51774741217
FDV46,OUT027,3597.8360571165026
NCO07,OUT035,3642.849789825079
NCP41,OUT046,1662.2253567852981
FDY60,OUT018,1458.2730706244774
FDN38,OUT017,3747.4708036629063
FDO15,OUT046,1235.2437071207462
FDT60,OUT013,2043.2415968770947
FDA55,OUT035,4214.585454189268
FDE02,OUT010,197.68585618982968
DRJ39,OUT049,3492.4942818641725
FDV34,OUT035,1259.2536798718988
FDS20,OUT027,5499.463773960629
FDF02,OUT027,3018.3796135186526
FDW40,OUT017,2155.7500948897887
NCB43,OUT046,3096.2149188510307
FDR58,OUT017,1439.9614491579687
DRJ59,OUT035,683.122937083318
NCD30,OUT017,1638.7423099237706
FDE14,OUT017,1780.252239922141
FDC28,OUT018,1446.94202891522
FDU16,OUT018,1318.782274059074
NCD19,OUT035,844.0212568678855
FDU21,OUT046,629.0411736013798
FDV59,OUT027,5274.060117937738
FDU03,OUT045,3346.95768419371
FDC33,OUT010,655.4008172861536
NCR42,OUT035,553.4664657531342
DRH59,OUT035,1220.6471314749979
NCM31,OUT035,2070.3291911068554
FDS50,OUT035,3714.630542704248
FDP39,OUT046,805.3155770778058
FDQ55,OUT013,2086.1184986139556
FDV36,OUT019,304.8148920656962
FDI05,OUT027,2416.929543966222
FDS45,OUT027,2716.998644914208
FDA39,OUT045,723.8640531909145
FDC37,OUT010,240.7083491704322
FDJ60,OUT027,4280.9625092310025
DRQ35,OUT046,2009.3770873021845
NCJ06,OUT046,2074.932957709469
NCY42,OUT018,2187.2313935463812
DRM37,OUT049,3301.1184769021534
FDR14,OUT045,766.6673488229819
FDE51,OUT049,687.1294321625876
FDT33,OUT017,2988.356025841946
FDR08,OUT013,1868.2563935470214
FDE36,OUT010,361.69111043067045
FDL22,OUT019,299.9718281120866
FDR44,OUT013,2185.324328027279
FDI56,OUT019,245.71027822231397
FDE47,OUT010,283.8479898769431
FDV27,OUT010,209.39400825838024
FDV10,OUT049,710.257355573241
FDC40,OUT045,1240.2663184053492
NCX41,OUT013,3440.5653811302564
NCQ38,OUT027,2610.5218152512125
FDV12,OUT027,2730.7535403024335
FDE52,OUT017,1319.476373392813
FDG20,OUT027,5122.075750292734
FDV16,OUT027,893.740931740395
FDI32,OUT017,2593.9694364750067
FDJ32,OUT049,883.5985013138072
FDN39,OUT018,2043.4452924021057
FDY34,OUT017,3171.733294296106
FDC14,OUT035,664.0498897129467
FDA55,OUT017,4325.125912328873
FDZ50,OUT010,540.1715185698245
DRG13,OUT049,2583.9721852966545
FDP01,OUT013,2274.784685991132
NCG54,OUT017,2922.3117984490127
FDM13,OUT045,1927.3132656268274
NCO18,OUT027,4782.588456773094
NCW41,OUT013,2482.1615486808737
FDM52,OUT027,3711.7158658724247
NCF55,OUT035,729.9832631104308
FDT09,OUT046,2179.2907735610484
NCM19,OUT035,1672.0545113884823
FDW12,OUT018,2075.114929783349
FDP15,OUT019,626.4772068022097
FDK36,OUT045,821.3071790693459
FDZ25,OUT035,2922.1878082310727
NCW06,OUT049,3090.742087387064
FDW60,OUT046,3054.8855003697354
DRC49,OUT013,2485.863549998586
NCT17,OUT035,3203.697252422484
NCN06,OUT018,2185.600903915459
FDC45,OUT013,2770.745616307919
DRJ47,OUT019,406.06777663479625
NCF06,OUT045,4059.3681384363285
FDE21,OUT010,270.9834176399828
DRG27,OUT013,673.4239510971237
FDW40,OUT049,2139.3813238813655
NCO53,OUT046,3084.893226793025
FDE23,OUT049,746.213663543063
FDQ16,OUT046,1681.220055390036
FDS26,OUT045,3938.0723552974114
FDZ13,OUT010,108.66098183931626
FDS14,OUT049,2168.762214662577
FDC10,OUT045,1850.89208016694
FDY16,OUT049,3274.5663265064404
FDJ20,OUT035,2074.572477400289
FDV43,OUT035,685.7563584810025
FDZ32,OUT027,2379.0184759012745
FDR23,OUT046,2752.2017526338896
FDN24,OUT035,876.7201333196703
FDE34,OUT027,5805.776478389673
FDU31,OUT013,3288.2254888549314
FDW33,OUT018,1434.5388146759212
FDU26,OUT046,1876.0672940121042
FDE20,OUT027,4600.888998326936
NCW05,OUT035,1938.0004732159234
FDB22,OUT018,2300.7305189582753
FDO56,OUT046,1886.2523198414046
FDA19,OUT027,3962.1704332009117
DRI39,OUT045,933.7205239311785
FDH52,OUT018,764.1897246415533
FDZ50,OUT035,3699.160684115994
NCN42,OUT035,2698.931331851942
FDB53,OUT013,2560.1631506572726
DRG11,OUT017,1720.1028533511706
DRK11,OUT027,4009.032052895542
FDQ60,OUT017,2034.682036741151
FDT36,OUT017,542.0626271308062
DRG25,OUT018,2577.73060525379
DRJ23,OUT046,3030.053352940495
FDG05,OUT035,2560.7577155277786
NCK06,OUT018,2904.9109488087956
FDU52,OUT017,2248.972256005513
FDW07,OUT018,1244.0813187117162
NCM17,OUT045,774.2236201285262
FDA22,OUT045,3173.2992090399225
NCA41,OUT018,2694.3058474831428
FDF38,OUT035,649.9591376831562
FDH52,OUT046,915.2523755975085
FDY58,OUT019,563.5483657568616
FDZ16,OUT045,3114.4764182021004
NCM18,OUT017,1294.4998112028113
FDA22,OUT018,2194.313876799081
NCJ43,OUT035,2834.4648116083845
FDI34,OUT027,7618.174867446346
FDG56,OUT046,1215.857934350888
FDS34,OUT046,1918.8171829806422
DRC01,OUT035,764.5698863124537
FDQ04,OUT035,683.8539212664286
FDK04,OUT035,796.2330971531925
FDT51,OUT049,1714.7459925132343
FDV26,OUT017,3130.1164986776375
FDS04,OUT049,2152.0047348627822
FDW43,OUT018,2915.046282684642
FDQ28,OUT010,305.6343165770252
NCK06,OUT017,2094.3385668827937
FDS23,OUT018,3186.7781092668897
FDZ36,OUT019,493.34393622027244
FDE56,OUT018,757.6134555542199
FDW10,OUT027,5429.7740896414
NCN14,OUT045,3033.8518320679327
NCQ18,OUT045,1617.5062091320835
FDW08,OUT017,1660.906915449973
FDU43,OUT035,4265.952539012718
FDR33,OUT010,238.7735578991489
FDM24,OUT010,328.8846656416246
NCZ05,OUT046,1649.3475517322734
NCV41,OUT035,1832.3899177186454
FDV11,OUT018,3565.2275585875013
NCY05,OUT035,640.080610845249
FDV44,OUT018,2826.5109172471957
FDW32,OUT049,1225.6752459415584
NCU18,OUT027,3351.4840559014874
NCC43,OUT035,3983.362856512501
FDW19,OUT013,1727.0531600735587
FDN31,OUT035,3155.8867345844915
FDI48,OUT045,721.1056928460728
FDS24,OUT017,1386.534317166504
FDF46,OUT049,2022.3191031608073
DRG23,OUT017,2258.546510293103
FDG14,OUT018,2254.148495233822
NCY30,OUT049,2915.9397363795533
FDO28,OUT018,2540.619335530325
DRD24,OUT035,2058.0555406453045
FDI33,OUT049,1368.9451179684213
FDN32,OUT046,3178.6254068511957
FDR16,OUT045,4085.08957873617
FDF26,OUT046,2203.3369758359927
NCN29,OUT018,695.5289803844804
FDE20,OUT045,3226.1636644356536
FDA46,OUT046,3204.8837574406666
FDU28,OUT045,3131.9807077916234
FDQ48,OUT045,1638.5583791349645
FDV36,OUT013,2398.894079638378
FDR14,OUT018,661.080015645392
FDP23,OUT017,3594.908909293251
FDP56,OUT013,773.5418834462828
FDK48,OUT010,176.01958422558943
FDR48,OUT046,2495.5923309603845
NCY29,OUT049,898.966144336962
FDM22,OUT018,692.0358267350585
DRJ01,OUT013,2425.7761480370286
FDZ43,OUT045,4002.6190114899337
FDV03,OUT035,2581.9053810200885
FDX11,OUT027,5259.966314661393
NCA41,OUT027,4745.075010194446
FDE38,OUT017,2668.810234368953
FDI27,OUT018,815.0428462743741
FDN32,OUT013,3161.8070797861246
NCN43,OUT017,2137.5062371602025
FDB47,OUT027,5255.360163670801
FDV03,OUT017,2582.825679645381
NCN30,OUT045,1574.2269293682364
NCV54,OUT010,274.15197085165187
FDV07,OUT013,1674.0703107652046
FDP07,OUT049,2801.5549899903735
FDK48,OUT018,917.386578258655
FDM15,OUT019,292.8259255151428
FDY19,OUT027,3300.9123952525515
FDK46,OUT046,4192.635982860245
FDY11,OUT045,944.6270533555639
FDH09,OUT046,768.323818147221
FDO08,OUT027,4283.87836624526
FDU14,OUT013,3757.9085920063562
FDD22,OUT027,3453.1669587335678
FDM27,OUT017,2567.6888841952427
FDL02,OUT027,2865.7839869849904
NCA17,OUT035,2540.7590875299593
FDE38,OUT019,456.9351849968131
NCG07,OUT049,3169.6129565651263
DRC27,OUT013,3897.579865977258
FDA27,OUT035,3593.5727362476914
FDW40,OUT045,2134.8035926466036
DRI11,OUT013,1976.7807018473457
FDN50,OUT046,1660.7458331255593
FDR12,OUT046,2945.990882646457
FDT34,OUT027,2994.978854826815
FDW11,OUT035,1006.2115567013736
NCO30,OUT027,5189.599790600375
FDZ34,OUT017,3950.7982540024295
FDU45,OUT017,2040.8095777906017
NCD42,OUT035,655.6054524254495
FDX25,OUT045,2973.743167738358
NCR29,OUT046,839.0319183243263
FDX43,OUT019,586.0599180844866
FDB04,OUT010,206.55453603609493
FDR49,OUT027,1315.945972506967
FDS39,OUT018,1496.434590683383
FDW58,OUT045,1621.5832634914268
FDG22,OUT019,57.081925994200034
FDG31,OUT017,946.1937691795009
NCV53,OUT027,5968.21880470547
DRJ37,OUT035,2488.1691571050833
FDV07,OUT035,1677.4138354077463
FDW52,OUT018,2369.240707963235
FDT15,OUT045,3175.3417207369166
FDD02,OUT018,1798.1886482607097
FDM16,OUT035,1182.8763354062016
NCE55,OUT046,2675.4766502706875
FDB57,OUT018,2916.835570153194
FDQ04,OUT013,723.9491194936053
FDQ47,OUT019,81.57045585223742
FDY14,OUT019,496.03370067935424
DRK37,OUT017,3286.117218326046
FDO25,OUT017,3595.4855379368732
FDL57,OUT046,4414.67643958199
NCK29,OUT018,2677.4083001111158
FDK46,OUT027,6902.357876373185
NCB43,OUT010,521.233917489718
DRE01,OUT027,6778.451084132997
FDC46,OUT018,2990.3330938111326
FDQ23,OUT045,1785.8930151512543
FDX38,OUT049,714.414535249795
FDG60,OUT018,3385.2676554837417
FDW55,OUT017,4087.696397972854
FDP39,OUT013,691.7919888612237
FDB20,OUT018,1065.9341910626947
FDV21,OUT017,2267.6495488707606
FDZ02,OUT013,1514.6415716011927
FDP19,OUT027,3874.2976882088865
FDA38,OUT035,3887.4938388786036
FDH22,OUT045,2065.4114795193022
DRM11,OUT045,4132.851229827519
FDO12,OUT027,3769.934838111737
FDT14,OUT049,2153.0157508376
FDW34,OUT010,545.4940180253335
FDG04,OUT027,4702.26250670078
FDW59,OUT018,1228.1622874279672
FDR33,OUT018,1412.552443494981
FDP32,OUT013,2123.807858467203
FDL13,OUT027,6825.250568087886
FDD22,OUT013,1861.1524519451916
FDV40,OUT027,1997.8652542861425
NCD55,OUT046,678.6285718840212
FDQ20,OUT010,88.51629571390993
FDD28,OUT045,764.2050108902721
FDC39,OUT045,3613.3507001459734
NCR17,OUT049,1938.0030148477447
DRO35,OUT018,1539.562422381565
FDF40,OUT049,3864.429995939296
FDR31,OUT018,2225.205603805314
NCQ41,OUT017,3272.141424964248
FDP38,OUT046,716.7775161750803
NCU54,OUT027,5569.031010583717
FDG22,OUT018,517.1657875612581
DRK59,OUT013,3852.027373898405
FDC37,OUT046,1718.8984738053396
NCO42,OUT013,2524.642769216692
NCT42,OUT017,2286.2946695748324
FDX27,OUT035,1521.8363738066985
FDV40,OUT018,883.1805394979148
FDT45,OUT027,2199.2799828859515
FDS47,OUT019,252.99007027461798
FDR45,OUT035,4334.3551241400855
FDB03,OUT045,3752.8408890769456
FDO49,OUT035,752.6303665052077
FDU60,OUT027,4319.919905647605
FDB26,OUT018,693.8904533751852
FDB46,OUT017,3557.4838912816926
FDQ37,OUT019,491.62653858996543
FDN03,OUT017,4160.016853307007
NCX30,OUT045,4118.46752729895
FDK32,OUT019,314.18273053739057
DRM47,OUT013,3163.5602483620814
NCO02,OUT046,1076.290192343299
FDP04,OUT013,972.4069914499977
NCO43,OUT049,1859.0683891404933
FDD59,OUT013,1366.8326013522228
FDQ10,OUT017,2975.863930389148
FDW45,OUT035,2644.4228696219957
NCK30,OUT049,3961.995233803324
FDU31,OUT018,2934.991816001052
NCQ17,OUT019,308.1781695264737
FDN01,OUT017,2764.396679891454
FDZ19,OUT049,2683.231967319951
DRG37,OUT017,2543.236588188597
FDE32,OUT045,481.91798458628864
FDO34,OUT049,2900.2879010761976
FDM04,OUT019,132.88916134608334
FDZ25,OUT049,2903.873106946559
FDU08,OUT049,1577.4040231660638
NCW30,OUT045,3853.143532682204
NCM18,OUT013,1182.6443729826212
FDS22,OUT035,686.1253937579455
NCH18,OUT017,4102.5423031678265
FDC23,OUT013,3061.6820374611307
FDY46,OUT013,2992.452833835466
NCU06,OUT046,3868.44509992968
FDX57,OUT045,1598.1278270215032
FDX36,OUT027,5722.825556556454
FDL16,OUT045,776.8566206526815
FDT16,OUT010,712.507806068973
FDN16,OUT018,1372.392405108634
FDC03,OUT046,3236.242380299636
DRF60,OUT013,4299.722336974401
FDS27,OUT027,4835.216682789724
FDP33,OUT010,589.7896012999257
FDJ36,OUT018,1236.0426000334487
NCR42,OUT013,467.1434759749816
FDV14,OUT017,1392.7739742385832
NCP42,OUT035,3230.128247101423
FDB50,OUT027,2426.30851024656
NCC30,OUT027,4445.340964179714
FDA23,OUT018,1423.6817189368571
FDW16,OUT017,1264.95548293794
FDQ52,OUT010,581.7897990018497
FDB58,OUT049,2319.062526332092
NCP29,OUT049,972.6801047396341
NCM05,OUT045,4929.509061554296
FDO25,OUT013,3081.0222700019344
NCM54,OUT046,2229.8645444600534
NCL54,OUT046,3236.8847156876336
FDL39,OUT010,533.3179855323332
FDF53,OUT018,2685.410355238372
NCQ42,OUT035,1939.6654415517091
FDF58,OUT013,912.860349033967
FDZ04,OUT035,1034.3709289582125
FDE26,OUT019,310.45407279094684
FDS60,OUT017,2574.542418472365
FDV58,OUT017,2952.9941168156456
FDM04,OUT045,773.1658275649361
FDE08,OUT035,2518.977725026247
NCB43,OUT049,3125.9822463711603
FDU11,OUT010,315.459577656133
FDF22,OUT019,502.98090056343784
FDE24,OUT013,2189.420022038013
DRJ49,OUT046,2071.552173655153
NCQ53,OUT035,4521.294212087351
NCL41,OUT013,573.0669149637763
FDR22,OUT013,1795.5731896576426
FDH04,OUT035,1432.669570972618
DRH15,OUT045,705.7359462270794
FDY40,OUT049,717.550053670456
NCI17,OUT035,1648.4031042942263
NCC18,OUT013,3282.4635291716527
FDY28,OUT027,5512.120183485394
FDB45,OUT027,2677.7248572440717
NCL30,OUT018,1922.7981753341433
FDM10,OUT017,3590.923115008538
FDH22,OUT027,3287.08068752442
NCZ53,OUT017,3251.305153510762
NCI18,OUT013,3531.0857747296627
FDH14,OUT027,3418.986873430271
FDR36,OUT027,947.2694310163464
FDW01,OUT045,2557.198061316442
FDK02,OUT027,2992.9888107639185
FDJ02,OUT018,1992.5319431588186
FDU55,OUT013,5221.103670370147
NCV18,OUT027,2660.3998146315266
FDH14,OUT018,1973.9991229282314
FDZ37,OUT045,1307.9808943633388
FDX49,OUT049,3502.6081888205117
NCD43,OUT046,1593.3213440106595
FDZ07,OUT013,889.3423651924709
FDK43,OUT035,2140.526753564161
FDR32,OUT018,3032.938831147362
FDT39,OUT013,2218.220784138342
NCV54,OUT017,2003.0898166163117
FDF38,OUT018,370.68371230880007
FDV60,OUT046,2994.0125203048556
FDH44,OUT027,4349.352047265222
FDS21,OUT046,916.2346321887392
NCL41,OUT045,586.0260332178898
FDM46,OUT017,1459.909961663538
FDU27,OUT045,721.7481726528288
NCJ54,OUT017,3985.5284642544257
DRG51,OUT018,2488.7995503212396
NCA29,OUT019,350.9617497972922
FDR47,OUT045,3004.9405898601653
NCL19,OUT027,3019.2229407987443
DRG01,OUT049,1240.0647603769205
FDG10,OUT046,755.4363567395488
NCV05,OUT049,2373.6618915226577
NCH18,OUT019,537.9906993642727
FDV14,OUT018,1289.0072578526224
DRJ23,OUT035,3096.544180836468
DRJ11,OUT046,3280.7250047269495
FDZ03,OUT017,3244.5114113135223
FDI27,OUT010,95.39412576353384
FDJ14,OUT018,1150.3789884353578
FDU32,OUT017,2050.3602774677993
FDD47,OUT027,3913.9359091981883
DRF36,OUT035,3232.08939152762
FDM21,OUT046,4229.067903137971
FDV10,OUT018,548.7031680938361
FDH60,OUT018,2702.0465976796672
FDX47,OUT010,363.2813295774476
FDT19,OUT019,402.91219389254127
FDO11,OUT045,4680.547010528653
FDH24,OUT027,4022.6781905033063
FDL02,OUT018,1126.5855592028563
FDB02,OUT049,2812.266178181457
FDA43,OUT046,3142.0803490785875
FDG52,OUT045,736.2717860319461
DRC12,OUT013,2975.404647127206
FDY37,OUT018,1439.8242831315529
NCU18,OUT045,2081.4616221375804
FDU09,OUT035,829.2926680746297
DRJ25,OUT027,1321.516663572886
DRE12,OUT018,2671.002314376001
DRL47,OUT017,2107.92499279358
DRK01,OUT046,1479.5423503012407
FDC22,OUT019,524.5649731480391
FDG44,OUT013,927.8446368296268
FDW04,OUT035,2029.9507379540375
FDK09,OUT049,3588.0012573391473
NCN43,OUT035,2136.911955749294
FDG04,OUT049,3212.863535272319
FDH32,OUT010,200.86476637958876
DRI47,OUT017,2563.4072158766926
DRE15,OUT013,1223.1152490133877
FDY11,OUT035,952.8435708439838
FDO60,OUT049,669.9843050363165
FDQ20,OUT018,390.59080213729123
FDO57,OUT027,3850.1476359271924
FDT14,OUT019,276.77010800734485
FDA57,OUT049,659.1009300483868
DRN35,OUT017,672.6327764988763
FDJ03,OUT046,702.3641966068722
FDX28,OUT017,1657.597499446623
DRE25,OUT045,1347.238672934306
FDR09,OUT046,4172.200328994269
FDB23,OUT035,4117.863843632905
FDO08,OUT045,2725.1771156942627
FDQ23,OUT049,1749.8054431256883
FDW04,OUT013,2077.03285887143
DRK13,OUT010,572.505561638546
NCL17,OUT027,3375.253160593089
FDY21,OUT035,3162.5482960568856
FDJ38,OUT027,4023.9371677391346
FDA37,OUT019,280.25996584200965
FDV43,OUT013,677.116660239592
FDL36,OUT046,1364.0428570062847
FDD53,OUT045,643.6481351580161
FDZ19,OUT010,405.54859439201465
FDV21,OUT045,2250.9137731700066
NCL54,OUT018,3261.9832908066414
DRI47,OUT027,3624.7857516252693
DRG03,OUT049,2487.4272583671955
FDG21,OUT013,3020.4319868870825
FDW03,OUT018,1446.271506428966
NCI55,OUT046,2462.9649587172626
DRC36,OUT019,473.2202053517121
FDH22,OUT017,2074.7715426103005
FDV20,OUT045,2175.3129762627996
NCU41,OUT027,5031.54702231447
FDN46,OUT027,2779.5930064427184
FDK50,OUT045,2644.1630051873044
NCA05,OUT027,3721.6654271874127
DRH01,OUT018,2701.3959018983032
FDT08,OUT018,2096.1787707275666
FDM08,OUT018,3056.036531409102
FDZ07,OUT035,994.8757902685098
FDS22,OUT017,773.7553646586398
FDV35,OUT027,4195.569507415032
FDI28,OUT010,193.38812950021887
FDW58,OUT027,2679.5365285975604
FDT52,OUT045,4177.754863154085
FDY34,OUT046,2811.329396477644
FDR10,OUT046,2816.0683425999623
FDK57,OUT017,2037.478754758836
FDR02,OUT027,2449.6516835391276
FDX49,OUT046,3559.745143723265
FDQ20,OUT046,679.4248658574505
DRK23,OUT045,4798.932827471489
NCW06,OUT046,3087.416514669696
FDR31,OUT017,2346.093846222456
NCE43,OUT013,2970.8784909666447
DRO59,OUT027,2545.3625134076224
FDN09,OUT049,4040.0634634587873
FDR11,OUT046,2674.133655432202
FDO57,OUT013,2512.5383264261454
NCX18,OUT017,3268.1959544359474
FDB05,OUT018,3511.072645301925
FDQ08,OUT018,744.5706915360502
NCG43,OUT035,1540.3558460255113
FDJ56,OUT013,1523.597501925384
FDA13,OUT010,89.14998187949347
FDO56,OUT017,1840.1884701506413
FDB37,OUT018,3546.23055908788
FDZ02,OUT018,1343.7116871997514
FDQ24,OUT046,4363.544810703508
FDM16,OUT013,1145.1391572675434
FDU35,OUT049,1707.0973544838507
FDT35,OUT035,2771.8571739093272
NCX30,OUT049,3927.8818923738236
FDG04,OUT017,3184.4131492969377
FDI12,OUT035,1388.5260255339247
FDE35,OUT035,908.5213677268326
NCP14,OUT027,2549.3969134938447
NCY53,OUT045,1815.2212275282466
FDP49,OUT017,774.365322602695
FDQ04,OUT017,720.5172881373384
FDM39,OUT035,2951.4662171633854
FDO58,OUT019,352.0085490756652
FDC56,OUT017,2114.124165626376
NCQ54,OUT046,3488.7392082294446
FDV10,OUT027,957.8867941434166
NCK17,OUT046,710.3743892168771
NCF55,OUT027,655.7592133729864
FDV33,OUT013,4356.997274310572
NCH29,OUT019,344.519931679209
FDA37,OUT027,3351.7143160462565
FDH46,OUT018,1404.5674213209381
FDS25,OUT035,1849.7956168718563
FDH04,OUT027,2923.693995271079
FDX52,OUT046,3184.3736974065064
NCD42,OUT017,649.3676755193687
FDW47,OUT017,2108.054998052002
FDL25,OUT027,2915.536869943872
NCJ06,OUT010,276.15999427959605
FDY09,OUT013,2926.5421426939447
FDS40,OUT046,666.0390902063286
FDH41,OUT017,3311.700381498929
FDG38,OUT035,1422.5907050255792
FDU03,OUT027,5175.967993187439
FDV20,OUT046,2200.709224887541
DRB13,OUT045,3131.774619611107
NCQ30,OUT013,1946.7846094091917
NCH06,OUT013,3895.9969682094315
FDU50,OUT018,2306.0513283598734
NCO42,OUT019,330.7481728006023
FDW09,OUT018,881.6298804180625
FDH04,OUT013,1390.1486878952842
FDC21,OUT045,1664.7076704509573
FDL21,OUT049,675.0695992857935
FDM46,OUT010,311.20655289288936
FDT22,OUT019,171.72559874334218
FDB28,OUT035,3014.3546941423147
FDI12,OUT018,1313.5428459244897
FDA28,OUT045,2057.263956652358
FDF59,OUT013,2089.7535152204937
FDM45,OUT027,2951.0933690272277
FDQ56,OUT017,1465.5265059851947
FDR46,OUT049,2630.7074406767747
FDT01,OUT013,3113.2662828605903
FDD16,OUT027,2114.556917908015
NCU30,OUT010,351.4875616989757
FDM40,OUT010,383.0517214641633
FDI56,OUT035,1488.429727295442
NCS30,OUT013,1965.7834967599251
FDU08,OUT017,1668.764593497317
FDX51,OUT027,5637.400240352228
FDA43,OUT045,3076.991579426324
FDX59,OUT010,66.23117823844692
FDC37,OUT018,1307.1815044846612
FDP58,OUT013,3204.7911024777804
NCY42,OUT035,2038.8685762226378
FDF21,OUT018,2484.745629253009
FDU10,OUT027,932.23043777956
DRL47,OUT018,1609.9741377656312
FDA58,OUT018,2569.2502923987036
FDJ22,OUT049,2993.670004203785
FDK50,OUT046,2555.8663450690774
FDO38,OUT035,1247.8469221375976
DRF60,OUT035,4146.61342237016
NCZ42,OUT019,528.8462457163814
FDD35,OUT049,1934.2092246710745
FDL25,OUT045,1386.4598347577187
FDJ16,OUT013,779.4975388609259
DRK59,OUT049,3701.525415009476
FDI50,OUT046,4034.151670930188
NCB19,OUT045,1707.048375301552
DRI37,OUT035,958.5632223529484
FDA14,OUT027,3334.200876270858
FDC08,OUT018,3104.267853564344
FDS45,OUT046,2209.792095858832
FDI21,OUT049,1121.3754328263947
DRJ47,OUT035,2654.2581130220387
DRE37,OUT027,4490.772802072322
FDT55,OUT018,2465.001749395395
NCG42,OUT027,3312.850729498335
FDA31,OUT049,2807.62693848541
NCW42,OUT046,3377.7825472517334
FDF50,OUT017,3259.471739481665
FDK56,OUT049,3195.0174686324312
FDX10,OUT035,592.2652622573619
NCK07,OUT027,3823.6963630037394
FDZ49,OUT017,3566.943502666868
FDR33,OUT013,1757.4910912118148
FDO44,OUT018,1318.6384341887251
FDA20,OUT046,3337.507432001501
NCL30,OUT045,2077.069535105097
FDI05,OUT019,178.90174881161352
FDQ12,OUT018,3117.9370600876227
FDH47,OUT017,1653.7864186736956
FDH34,OUT018,2731.4711192468108
FDF29,OUT046,2159.0656579667066
FDG40,OUT018,325.8272807538528
NCE18,OUT017,4361.955929430096
FDP21,OUT010,454.70718447379096
FDY50,OUT013,1467.7905447777716
FDB36,OUT049,2130.5859788230996
NCZ29,OUT049,2078.0978734055184
FDU20,OUT018,1673.600049433579
FDO56,OUT013,1797.8088752619078
FDW31,OUT049,3031.910466827168
DRH59,OUT013,1203.2882205140422
NCB30,OUT017,3206.7400383061117
FDK43,OUT027,3195.036385041967
FDW43,OUT045,4095.9497719403303
NCL19,OUT017,2365.4780895147137
FDJ27,OUT046,1568.3971759406872
FDC45,OUT046,2689.041257720869
FDY40,OUT035,768.660554641112
NCM41,OUT035,1348.285101851875
NCK18,OUT019,522.9338805263907
FDP37,OUT049,2189.023595252023
FDA27,OUT027,6356.306432106628
NCX30,OUT035,3896.6978896717246
FDR09,OUT017,4083.0156087734663
FDG08,OUT027,4667.155480205063
NCU30,OUT013,2860.842533368514
FDB16,OUT017,1334.714473352543
FDM16,OUT017,1260.2695945639023
FDC48,OUT013,1349.2371458978075
NCF18,OUT046,3049.212210107208
FDU46,OUT018,1280.5989028288675
FDH41,OUT018,3092.2146817219573
NCN42,OUT010,344.53678138749615
FDU49,OUT046,1384.3283349024143
FDB20,OUT027,2398.495627057591
FDG50,OUT019,225.55821954886764
FDW20,OUT045,2247.8532094206894
NCO55,OUT049,1628.4965710877495
FDX48,OUT046,2515.275338958917
FDU48,OUT046,2075.662915574815
FDR48,OUT019,290.8100634124742
FDK27,OUT013,2017.443426707413
FDT35,OUT013,2683.7627046941984
FDN12,OUT049,1671.1194571445292
NCE31,OUT019,98.74871701722986
FDL21,OUT017,663.9258410227338
FDV56,OUT017,1706.9376099953117
FDR16,OUT017,4140.66703227018
NCP41,OUT049,1719.359829825721
FDJ27,OUT013,1654.3472087290063
FDA07,OUT017,2044.0842074899606
FDK55,OUT049,1305.6338314432232
FDM33,OUT049,3588.655615264837
FDY46,OUT046,2990.2644105874115
FDD36,OUT046,1952.7411208579902
FDB12,OUT027,2565.323603641045
FDF28,OUT019,266.39213686374353
NCE07,OUT019,351.34780264227714
FDW50,OUT027,3914.6486991553647
NCW18,OUT017,4082.379590287383
NCJ17,OUT019,314.68456769771024
DRZ24,OUT010,269.1939797561892
FDS07,OUT035,2170.929815165549
NCW05,OUT010,285.75563238862753
FDZ22,OUT018,1126.4858351273608
FDK02,OUT046,1999.5071086515618
FDZ45,OUT027,3255.356732604927
FDL25,OUT046,1258.1185382947376
FDS08,OUT045,2499.8312788760663
NCZ42,OUT027,9713.287550873902
FDX57,OUT035,1616.7687106859285
FDF21,OUT046,3193.2773654735383
FDJ56,OUT018,1216.89801798321
FDX10,OUT013,596.7590374409682
DRG48,OUT035,2506.414482534182
DRN37,OUT046,2765.5445059493977
NCY41,OUT018,411.07896701673343
FDN28,OUT045,1558.406585830614
FDE34,OUT045,3062.382664015699
FDR10,OUT045,2788.046414934679
FDC32,OUT017,1358.2693251168844
DRG13,OUT046,2590.7418233467447
FDP59,OUT049,1607.9259478298939
NCT53,OUT010,352.64683420378327
FDL57,OUT027,5699.82998029708
FDN32,OUT010,483.20454554022945
FDK09,OUT018,2939.6828331939587
FDA52,OUT010,418.24033523501885
FDC57,OUT049,3022.8718756938224
FDI09,OUT035,3492.724532193806
NCB07,OUT046,2835.9011750622863
FDP26,OUT035,1686.7261065313933
FDP40,OUT027,3840.1107595457247
FDL15,OUT013,2467.250653946174
FDV07,OUT046,1716.5170413504152
FDS03,OUT017,1105.1940282752983
FDE50,OUT049,3218.9906467698042
FDQ15,OUT017,1235.7349453976965
FDQ33,OUT010,316.93798136978654
FDT22,OUT013,728.8246423392752
DRO35,OUT035,1990.6238335649396
FDJ41,OUT049,4338.890881636797
FDQ27,OUT035,2048.514758650398
FDC26,OUT017,1875.9251763373843
NCF43,OUT027,3779.7150845390797
NCR50,OUT035,2767.047626041416
FDE39,OUT018,1703.3885587844416
FDN49,OUT027,921.4291385780191
DRG11,OUT035,1696.9441792755094
NCA18,OUT049,1879.0508907253338
FDM36,OUT018,2679.301704059695
FDW32,OUT017,1288.986695677971
NCQ18,OUT010,242.8359754819953
FDX14,OUT027,2372.539119644259
FDD46,OUT017,2161.6538054956523
FDI34,OUT019,549.9614031977777
NCJ17,OUT035,1365.4803075140142
FDB52,OUT035,3554.293835197337
FDV55,OUT018,2025.6783856858676
FDC57,OUT046,3021.1917575533917
FDB29,OUT046,1923.6162116325784
NCO43,OUT035,2012.3531070239617
FDG44,OUT045,914.7430680955304
FDJ34,OUT045,2001.4479180114213
FDH40,OUT049,1312.63169476324
NCD07,OUT027,3557.4020704633695
FDB41,OUT017,734.6938724384911
FDH47,OUT018,1164.357778644293
DRK37,OUT035,3421.056637951291
FDM25,OUT019,460.52483425458627
NCX06,OUT045,3318.3498459013276
NCS05,OUT017,2130.8676042661573
FDS39,OUT045,2036.0378374999711
FDC47,OUT027,6264.746665185881
FDG20,OUT013,2705.3479147470407
DRL23,OUT017,1678.4636013361796
FDY33,OUT013,2675.584889099101
NCH18,OUT045,4046.738187754523
FDX47,OUT035,2207.49511805677
NCB06,OUT045,2591.385668303652
FDP36,OUT049,798.9568037526228
FDW44,OUT018,2829.4789433472283
NCU41,OUT018,2471.665017967685
NCS17,OUT046,1558.5717126254428
FDD46,OUT035,2193.175396380038
FDE45,OUT017,2735.558824378377
FDI09,OUT017,3476.5865477977986
NCJ54,OUT010,573.654410463357
NCA29,OUT018,2735.536377673549
NCN41,OUT027,3592.842180039949
FDY34,OUT035,2818.169864976333
NCG55,OUT035,1929.4562424945218
DRM49,OUT046,788.9785739378481
NCB42,OUT049,2015.6683775382203
FDE58,OUT045,1931.511950470448
DRJ25,OUT013,831.7597945503155
FDS47,OUT010,190.1005708590064
FDY21,OUT049,3158.2365867086446
NCI54,OUT013,1758.3170165483953
FDO24,OUT017,2564.5379250422507
FDY43,OUT035,2846.3715073812436
FDF35,OUT018,1115.4292662228233
NCP29,OUT019,169.04966411021817
FDN28,OUT027,2679.891538013707
FDJ50,OUT018,708.5819541378468
FDQ14,OUT027,3100.8489687175584
FDC37,OUT035,1676.7988870442177
FDN08,OUT046,1898.3232445883384
FDD04,OUT035,2179.4253856438045
FDW34,OUT018,2281.4018281228286
FDP04,OUT017,1056.3317626547855
NCG07,OUT017,3141.525661902595
NCN14,OUT018,2562.606143759227
FDJ16,OUT045,832.3650922905808
NCM42,OUT045,1657.5710928841881
NCF19,OUT046,717.3797579473649
FDY21,OUT018,3279.9404121931652
FDY19,OUT035,1974.9201848195135
FDV09,OUT045,2543.8693382942297
FDA28,OUT013,2272.910329960758
FDC38,OUT018,1925.5247177903354
FDL28,OUT045,3773.807717549769
NCH43,OUT049,3155.204385910524
NCN53,OUT045,556.0741811893616
NCW05,OUT017,2097.1277972156736
NCO30,OUT018,2562.6246231000573
FDT04,OUT019,81.33682672151832
FDB27,OUT018,3237.9763910245697
NCK07,OUT013,2794.1387114275385
NCA53,OUT013,778.6415067297501
FDB33,OUT018,2350.3520643834113
FDU37,OUT017,1353.6584550698587
FDR13,OUT035,1965.8638395031403
FDE45,OUT049,2723.7512778547157
FDV37,OUT017,3144.0436282831756
FDX44,OUT019,270.26985431861306
NCL06,OUT017,4293.657828266684
FDJ28,OUT045,3150.3495814010885
FDX55,OUT049,3440.4903330944385
NCK17,OUT018,407.1096206635932
FDH52,OUT035,970.3183483433154
FDN13,OUT027,2813.494825612186
FDK44,OUT018,2575.3807097210715
FDU16,OUT046,1394.082668835529
FDZ07,OUT017,915.8250730562302
NCN06,OUT027,4251.94775698585
FDH02,OUT010,208.38419224833004
NCW18,OUT045,3821.3743080912386
FDH57,OUT013,2116.513433116773
FDV35,OUT045,2551.8410921970462
NCU29,OUT013,2639.1802620489466
NCP02,OUT046,807.0186870466989
FDN44,OUT013,2773.0061731444375
FDX03,OUT018,456.2122303738119
FDR11,OUT010,401.27047495429775
FDA36,OUT046,3337.740989990722
FDP58,OUT027,5403.675214395576
FDH31,OUT045,1545.5480091222366
FDH34,OUT035,3193.1427449580806
FDS13,OUT035,3842.5769479658575
FDT01,OUT018,3577.7823206789362
FDY09,OUT049,2881.718050124493
FDV33,OUT027,5374.091200500892
NCW29,OUT010,332.12366615108084
NCN17,OUT045,1600.8008317610647
FDX01,OUT046,1925.4401423022666
FDL03,OUT049,3185.9929706802227
DRL59,OUT049,890.8367273129842
DRM11,OUT027,5932.192036241888
FDA43,OUT049,3099.2805195488872
FDZ56,OUT010,444.7510497686508
FDI44,OUT018,1136.1613685911036
FDB50,OUT013,1256.1188794175148
FDU15,OUT019,58.453642979678136
NCJ19,OUT019,188.94224996201825
FDD48,OUT013,2052.754400265557
NCW42,OUT035,3681.3870396575867
FDL24,OUT017,2938.692709182188
NCB30,OUT013,3108.3599784722446
FDK25,OUT013,3103.6946879424063
FDW28,OUT049,3034.34161968465
FDD47,OUT017,3294.4830295946504
FDK16,OUT019,234.8146197939733
FDW37,OUT046,1425.3540850749214
FDA48,OUT035,3700.0569527481166
FDA14,OUT017,2479.8455503536998
FDV15,OUT013,1828.4756277046552
FDN22,OUT049,3693.1127197051687
NCD55,OUT045,683.6464249216784
FDY43,OUT013,2909.8724673146767
NCU05,OUT017,1395.4901134756976
FDF10,OUT035,2668.5431593660346
FDR39,OUT018,2732.526556202133
FDG40,OUT013,570.0756986257624
FDZ28,OUT019,262.1917191856793
FDE02,OUT045,1485.6471141638258
FDU60,OUT049,3212.2491576351163
FDM21,OUT013,3866.4964506729552
FDV52,OUT019,258.7112200954945
NCW06,OUT013,3013.5808259840724
FDX36,OUT035,3817.3054143943514
FDT35,OUT027,4154.536242832519
NCL19,OUT010,278.9976015491741
NCD31,OUT046,2940.8392257397004
FDE53,OUT019,275.71888253553436
FDW58,OUT019,218.7290292658675
DRF48,OUT046,3242.7793603190303
FDW57,OUT035,2722.953320395592
DRH13,OUT017,1658.0915838309083
FDT33,OUT013,2868.6280560454525
DRK47,OUT027,5503.10582166638
FDY22,OUT010,323.6088644422567
FDC35,OUT019,528.5868672401335
FDO03,OUT013,4048.4408376409333
FDF24,OUT045,1295.1634978865422
FDF56,OUT018,2771.8832994020045
FDD28,OUT013,717.196002261978
FDG53,OUT027,3322.5609164764046
FDO27,OUT019,365.4027257459955
NCF54,OUT018,2582.5977206351695
FDC20,OUT027,2171.875074112915
FDU10,OUT046,686.0782242211204
DRA24,OUT018,2512.228278281387
FDA02,OUT010,310.5200051504948
FDG10,OUT017,762.072020965715
FDW39,OUT010,616.6233506005448
FDP04,OUT019,164.82569668473727
NCM55,OUT013,3185.630583019117
FDG47,OUT045,4593.325009334104
NCU41,OUT017,3113.29114957306
NCK31,OUT017,757.5615191814155
FDZ46,OUT045,1670.3749960330051
FDU13,OUT027,3641.4119723462777
NCF19,OUT045,717.5870761564443
NCJ43,OUT013,2920.2987213559322
NCJ05,OUT045,2447.7008261007713
FDS04,OUT027,3285.05507350201
FDX28,OUT010,180.30712659845187
FDB41,OUT027,992.3141651084172
FDG53,OUT046,2041.8052697575645
FDL15,OUT010,279.9762474829354
FDQ08,OUT049,964.6438542957271
DRN36,OUT013,1577.0389688265377
FDI46,OUT013,4177.095087689442
FDG16,OUT027,5614.05998664543
FDV32,OUT013,959.6340361372444
FDF44,OUT010,250.79722970437044
FDK04,OUT018,707.4102791371876
NCA41,OUT013,3043.7054115155793
FDD51,OUT017,653.3986276763214
NCZ53,OUT045,3205.621252972663
FDP01,OUT027,4038.0860307338116
FDY25,OUT049,3251.8563799666626
FDB17,OUT018,2629.8753549621183
NCV54,OUT018,1711.786074885758
FDJ32,OUT017,970.9565305179214
FDA37,OUT049,2027.0486756545233
FDG35,OUT035,4011.437404437797
NCM05,OUT018,3741.987402494463
FDG45,OUT046,3557.4312610098345
FDH28,OUT013,638.1601330554254
NCE18,OUT049,4150.427634449038
FDH38,OUT045,2028.77806478059
FDR56,OUT013,2925.507555318447
FDH17,OUT027,2607.595158013101
FDD39,OUT049,3158.242992420992
FDB41,OUT049,717.8191892179259
NCR53,OUT046,3498.0984912401573
FDX46,OUT017,797.0476526674372
FDV28,OUT049,608.9656684945624
FDA08,OUT018,2356.0761360732736
FDH45,OUT017,685.6387673326755
NCS38,OUT010,243.80795398479285
FDD40,OUT010,552.0338304225277
DRM59,OUT035,2280.038521279565
NCJ43,OUT018,3483.865398200436
NCN29,OUT013,711.7011820233481
NCC19,OUT045,3246.938036602434
FDR56,OUT035,3181.489746864796
FDZ43,OUT049,4004.511175855857
FDJ32,OUT010,148.45640966548856
DRH03,OUT017,1319.2449492606997
NCZ54,OUT035,3115.577357361717
FDE26,OUT017,2502.910013568802
FDS03,OUT045,1101.787285347204
DRZ24,OUT019,305.8772725469953
FDO48,OUT027,5453.2833337695765
FDW39,OUT049,2695.6643406993494
NCK05,OUT049,907.2342937676532
NCK30,OUT017,3989.4283194291156
FDT27,OUT018,3181.2705870986265
FDS08,OUT019,397.98672106797
NCJ19,OUT049,973.8742495873629
FDC58,OUT045,765.3351425086112
DRE37,OUT013,3204.1065654422314
FDW02,OUT035,2069.255795577373
FDJ02,OUT010,333.56618226682434
FDX09,OUT045,2892.7978755899194
FDT31,OUT010,484.70392665690014
FDI24,OUT049,2875.268351115745
FDY09,OUT045,3511.738542561361
FDV28,OUT045,536.6891570444518
DRM47,OUT049,3232.896853877922
FDT52,OUT019,566.7443667060777
FDI48,OUT018,695.117230752097
FDY55,OUT017,5450.885936280241
FDU48,OUT013,2148.3799950428725
FDN25,OUT045,712.6437870386782
FDP20,OUT049,2003.385266207693
FDJ15,OUT013,3659.713279624706
FDD04,OUT018,1809.4337199395459
FDY58,OUT045,4126.79601265802
FDR37,OUT018,2696.6595763684054
FDF44,OUT013,2161.9661054300723
FDD32,OUT045,1258.9994533960294
FDR57,OUT017,2237.4978604826
DRG39,OUT027,2035.8012917324327
FDX15,OUT017,2648.620226709862
DRN37,OUT045,2594.225809198468
FDW40,OUT027,4249.505588891799
FDB32,OUT049,1549.9588853432697
FDM40,OUT018,1885.4866910454343
FDE39,OUT027,2606.056880922154
DRH49,OUT017,1274.5420883592426
FDT46,OUT049,722.76669896976
NCF06,OUT035,3459.3241243133693
FDP07,OUT017,3020.9576497156604
FDC04,OUT013,3961.2507459221906
FDZ32,OUT017,1713.2125937908966
FDD50,OUT045,2763.4810286339107
FDU56,OUT017,3073.2708271345555
FDV34,OUT017,1070.6775353284188
NCY41,OUT013,673.0609379339214
NCK18,OUT046,3041.895569079156
DRH25,OUT049,848.8027889836761
FDT57,OUT046,4088.6481309373635
FDV56,OUT018,1174.909177350833
FDV12,OUT045,1558.2970456979342
FDN52,OUT017,1328.5818424841034
FDX38,OUT035,708.6837305433334
FDE47,OUT018,1709.3479567995166
NCO07,OUT013,3575.2910818289406
FDV09,OUT027,2497.8904561549452
FDZ23,OUT019,508.8451628649748
DRH51,OUT018,1350.3576713922348
NCY54,OUT045,3011.969932698079
DRG49,OUT013,4749.658580868071
NCC19,OUT049,3283.9754351337715
NCV53,OUT045,4636.567372224974
FDZ47,OUT019,226.84705696993487
NCO26,OUT018,1809.6061970149294
NCP02,OUT045,1084.5615657211454
NCW30,OUT018,3567.795425771065
NCN55,OUT046,4112.138302415315
FDB20,OUT010,172.94722847009555
DRL11,OUT013,2463.2943823998935
DRD60,OUT045,3581.206290453059
FDW14,OUT010,192.23612453004188
FDL27,OUT010,195.672237965909
FDU09,OUT018,686.2703266946794
DRH36,OUT027,2405.2598902215577
FDP34,OUT027,3903.2267690553276
FDE04,OUT017,2960.7188448805955
FDZ57,OUT027,3451.3173934088345
FDF02,OUT010,224.24022255510133
FDG28,OUT045,4169.146650055619
NCI31,OUT046,674.3492559440602
FDT43,OUT013,800.0850682162461
FDU20,OUT046,2342.3849771996784
FDD53,OUT013,705.5414456950461
FDW15,OUT045,2476.341621825316
NCT53,OUT045,2752.155070599484
NCG55,OUT027,2726.780284083883
FDD48,OUT035,1982.9186010628648
FDG47,OUT049,4485.619107641559
FDI21,OUT017,1078.3964045780638
FDT27,OUT017,3946.801940785226
DRO35,OUT013,2221.675794663466
FDD33,OUT017,3962.5887460300496
FDC04,OUT035,3685.585468323318
FDY34,OUT013,2746.3178004229626
DRJ49,OUT049,2024.7389170916367
FDE05,OUT049,3095.931932860827
FDU31,OUT017,3531.298131425295
NCN19,OUT027,4459.507716949116
FDK56,OUT027,5950.827138779797
FDK58,OUT017,1721.4894835964885
NCJ42,OUT035,1703.557354510564
FDZ34,OUT027,5552.695969050746
FDA52,OUT018,3300.4447938168664
NCR29,OUT013,762.3498176132459
FDT48,OUT035,3258.6319374761615
DRJ51,OUT019,551.3984957248414
NCS54,OUT046,3370.5541023732785
FDV01,OUT035,2554.3114984227923
DRG51,OUT027,3801.729243915701
NCG42,OUT013,2187.0050931961105
FDA51,OUT049,1930.6044096496687
FDV19,OUT010,381.23791517485233
NCT18,OUT045,3486.4942262340733
NCS41,OUT045,3225.1329024726037
FDO03,OUT046,3901.2878905391567
FDL12,OUT010,162.86355731701636
FDY37,OUT010,309.22215905092764
FDI58,OUT049,1441.1982730861025
FDT28,OUT018,1894.7913948317637
NCC42,OUT010,332.90643874114636
FDO01,OUT017,2306.6634444874435
FDJ02,OUT013,2449.7164864588544
FDQ04,OUT018,360.46489659139644
DRL47,OUT013,2144.4810774097123
FDZ32,OUT035,1732.5838933958792
FDC35,OUT035,3487.7770314944005
FDX14,OUT045,1138.7019377276529
FDZ35,OUT013,1791.619445927917
FDL14,OUT013,2235.786152415101
FDO04,OUT049,945.1788216824621
DRK11,OUT017,2283.5902150467164
FDB44,OUT018,3307.7593191653395
FDZ50,OUT049,3258.075899495176
FDI12,OUT027,2687.8948449419827
FDU43,OUT017,4348.886136500406
FDD58,OUT010,219.53090737119393
FDB27,OUT017,3231.620392182282
FDB04,OUT018,1265.0671148951133
NCO17,OUT013,2032.0981511674097
FDL12,OUT017,801.8141912057151
DRJ13,OUT049,2698.7965739796246
FDD57,OUT045,1555.6887825812444
FDW19,OUT035,1707.937102127691
DRD27,OUT018,1400.8219304219624
FDH27,OUT027,3444.212775675827
NCW30,OUT027,8813.969383472637
FDR40,OUT018,1144.9498240382661
FDG05,OUT013,2427.3418122436797
NCY41,OUT019,66.25092403621865
FDI38,OUT018,3000.215191405838
FDR20,OUT046,709.0334119132068
FDE09,OUT017,1671.514392566261
FDN50,OUT019,266.00636796976795
DRF27,OUT045,2655.1953100769156
DRF51,OUT013,640.119850571445
NCO02,OUT019,157.2417721370049
FDB51,OUT027,1723.7695504363815
FDJ50,OUT013,842.7197351112904
FDN52,OUT013,1323.3218044201024
FDX14,OUT013,1397.326251154563
FDT27,OUT019,633.1237278468308
FDV10,OUT013,715.5210905334675
FDU33,OUT046,770.304940492269
FDU58,OUT046,3256.837228044965
NCP42,OUT027,5136.701842085123
FDL51,OUT027,5136.513885887214
DRH15,OUT027,983.830328343154
FDU16,OUT017,1362.5706182756976
FDW15,OUT017,2497.7902860679806
FDQ44,OUT045,2149.483410689785
NCI06,OUT027,4944.402259586385
DRK23,OUT019,520.5099139423997
FDC28,OUT035,1715.971567620619
NCY17,OUT019,78.86973211652945
NCV05,OUT018,2236.7036205815743
FDM34,OUT019,345.44675263379037
DRD60,OUT027,5784.257355285046
FDT38,OUT046,1301.0455218916486
FDQ57,OUT018,2322.5889229625423
FDE59,OUT027,891.2881596913212
NCM43,OUT046,2793.9649823913414
DRI51,OUT049,2711.9328478773286
NCG30,OUT017,2058.7096296811847
NCK54,OUT035,1951.316715009742
FDQ16,OUT019,257.8518183275575
FDI36,OUT013,3033.353222537249
FDX16,OUT027,3394.763275605227
FDA34,OUT046,3123.071552017703
FDJ48,OUT018,3254.7434012976064
FDU47,OUT035,2107.0368131475057
FDS39,OUT046,2028.5586846873118
FDD11,OUT046,3868.1830115910807
FDM16,OUT027,1971.5354252630955
FDU56,OUT018,3011.887048273165
FDQ32,OUT017,2199.868234384502
DRK35,OUT013,729.9968823282692
FDA58,OUT049,3504.56461797122
DRG48,OUT019,356.7055288271656
FDT59,OUT010,703.5654434037643
FDQ31,OUT019,256.66936386984906
FDS51,OUT018,923.0928688883874
FDW32,OUT027,2291.709657536105
FDI15,OUT027,3703.434413081317
NCV30,OUT017,1005.4584508952196
DRG25,OUT049,3238.781928918777
FDT02,OUT013,541.3172169189288
FDO33,OUT027,3213.7670758774975
FDP38,OUT035,737.9063136021205
FDZ45,OUT035,3067.482704396984
NCA54,OUT027,4824.23048230058
FDU33,OUT017,807.8543052267103
FDN58,OUT017,4086.8766219080617
FDI05,OUT045,1228.5227807226836
FDM57,OUT019,225.74019317342672
NCS42,OUT027,2572.843419897797
FDB57,OUT045,3637.8201026572933
FDC03,OUT045,3153.951188231565
FDZ58,OUT013,2225.1192082775415
NCK29,OUT045,2041.5540254060347
NCR53,OUT045,3704.0002246410963
FDE26,OUT027,3809.562463228566
FDU52,OUT049,2238.191943862067
FDE41,OUT027,2207.630430337744
FDU38,OUT018,2653.050990434039
FDA52,OUT017,2612.2390178746296
FDW46,OUT046,1074.4490724630602
DRI59,OUT035,3620.3804948503316
FDT38,OUT035,1287.8882160759779
FDL33,OUT018,2905.7982997965128
FDQ01,OUT027,6887.496812789326
FDJ08,OUT046,3173.7487001637196
FDQ47,OUT049,627.2821603927961
NCZ18,OUT013,4590.699159599114
FDE29,OUT017,903.0162804625596
FDF10,OUT027,3448.2497362780764
FDC48,OUT049,1347.2602387559202
FDY58,OUT013,4093.9104812498226
NCX30,OUT010,653.1775316615124
FDV11,OUT013,2907.4063431442323
FDT46,OUT046,731.9671455557327
DRD01,OUT019,154.86101579927492
FDQ11,OUT013,3882.9717105221785
NCM41,OUT017,1368.9518869701872
NCC55,OUT013,640.8049800813304
FDG45,OUT027,5476.71811226425
NCQ54,OUT049,3600.272300759661
FDM34,OUT045,2141.0867053180755
FDD17,OUT019,545.6822959386234
FDN38,OUT027,6750.821966588573
FDB53,OUT018,1812.033705924179
NCL06,OUT035,4317.0294451070495
NCV18,OUT019,211.5723072039305
FDX25,OUT013,3441.722258504352
FDB39,OUT046,854.0977059105848
FDC33,OUT049,3109.182876456905
NCO14,OUT018,454.34786335590536
FDA58,OUT027,6741.879546428834
NCQ02,OUT017,3196.0080542921537
NCR53,OUT017,3634.507719959558
FDN52,OUT046,1318.1724484750948
FDG26,OUT046,3906.0432012064184
FDE23,OUT027,1411.4242009016689
DRI37,OUT013,759.7918681902531
DRH37,OUT018,2475.8080310653545
FDO01,OUT035,2218.2459229613737
FDK45,OUT049,1926.9161072527997
FDP23,OUT049,3389.8889897525096
FDM33,OUT035,3572.713655836575
FDD36,OUT017,2135.1086648171713
FDL56,OUT017,1349.4626993771872
FDT27,OUT010,658.9177665233865
FDG52,OUT017,688.0138347747842
NCL42,OUT035,4284.039028193057
DRJ24,OUT046,3220.183083910441
FDV38,OUT046,822.02066006385
FDT35,OUT045,2824.8162051579184
FDY51,OUT045,3295.3486567082514
FDC37,OUT017,1665.096314543217
NCP43,OUT013,2877.5498095595303
FDO33,OUT045,1677.0353665750843
FDW04,OUT018,1773.5554354948797
NCC31,OUT046,2262.2029535227603
FDK22,OUT049,3471.9939843222987
FDJ50,OUT017,903.1111937206498
FDV13,OUT017,1287.0674161724355
DRL60,OUT017,2373.6194076779766
FDW03,OUT017,1780.2278502229558
FDY27,OUT035,2811.231149169778
FDB39,OUT027,2052.372884604666
FDU59,OUT045,2473.7594451231735
FDZ57,OUT049,2046.1820439293085
FDO21,OUT049,3670.4444471610577
FDS43,OUT018,3286.7447382554606
FDU28,OUT010,530.1926166335734
FDC51,OUT010,196.64915614596876
FDW16,OUT010,213.08821071614966
FDP32,OUT010,287.00673260201313
FDB60,OUT019,440.03780440332
NCQ30,OUT046,1977.3049151498067
FDD26,OUT049,3245.355473666734
FDI44,OUT045,1205.698283061972
DRH23,OUT046,971.7236738136132
FDO44,OUT046,1690.9645141514388
FDG04,OUT046,3194.4583711182645
FDM32,OUT027,3049.7112225751807
FDM09,OUT013,2829.9877701734677
FDZ47,OUT013,1574.7254939082216
FDM40,OUT027,3263.8669904025805
FDY48,OUT017,1663.9685724701953
NCM30,OUT045,662.4318149279502
FDX36,OUT010,545.0581814433035
DRF03,OUT017,590.3847569485379
FDN51,OUT049,4242.464552657966
FDM57,OUT049,1273.2071728908581
FDB35,OUT049,1444.6478886130446
FDY13,OUT027,2688.3363630412373
FDA37,OUT017,2053.0380154067884
NCX53,OUT017,2363.9382306433513
FDD59,OUT018,1122.6007690239135
FDX10,OUT019,80.45817368423948
FDC03,OUT018,2737.752966315161
FDW43,OUT035,4084.1390397012774
FDW10,OUT046,2642.019646132592
FDY14,OUT027,6378.660042186413
FDV43,OUT045,707.4353210929069
FDO40,OUT013,2511.5913194295877
FDP46,OUT027,2594.129429781513
NCE43,OUT019,344.889244635626
FDD05,OUT035,2318.4227081114113
FDJ60,OUT010,341.77019991932167
DRE27,OUT018,1206.4664165314803
FDO11,OUT035,4645.158282611984
DRG11,OUT027,2527.1677901516755
FDK33,OUT010,521.7628345933078
DRM23,OUT045,2770.324206769453
FDJ02,OUT027,4210.24047969633
NCZ05,OUT045,1625.3549113023414
NCL30,OUT013,2161.616431646288
FDZ19,OUT018,2815.87994302193
FDM45,OUT049,2031.7406551982278
FDO36,OUT046,3222.204901605701
NCK31,OUT045,745.3798198781352
DRJ37,OUT045,2451.859019454502
FDP24,OUT018,1747.3437488207812
FDF46,OUT013,1828.954865352449
FDX46,OUT019,171.37987333594546
NCL18,OUT045,3026.5455217212643
FDJ26,OUT013,3079.987484005066
FDJ07,OUT045,2032.62535476852
FDY15,OUT013,2370.4750963233882
DRG01,OUT045,1173.0783760526833
FDF58,OUT045,1106.6401046316553
FDZ14,OUT019,255.55193211642975
FDP31,OUT049,869.9458539715608
FDH45,OUT013,685.6714659213959
FDA09,OUT010,433.8961804131619
FDW31,OUT035,2985.931780183576
FDA57,OUT046,685.8096757866243
NCE55,OUT035,2801.4800257772963
FDC17,OUT019,550.1540451251137
FDC59,OUT013,959.1632601564123
FDA22,OUT013,3042.2466643815114
FDK52,OUT035,3910.2804945440025
NCM26,OUT046,2461.1349903270448
NCT53,OUT035,2800.5834460446313
FDW45,OUT018,2189.4424244860943
NCI18,OUT035,3551.9241151075025
FDE38,OUT018,2646.5692046020017
FDF08,OUT019,263.32732719925826
FDY58,OUT010,567.9735050132771
FDF58,OUT019,175.47008618896078
FDX39,OUT017,4050.055165929132
FDB44,OUT049,3333.4357777419837
FDF28,OUT013,2165.445785445273
FDE39,OUT013,1895.4635703151525
FDT37,OUT018,3118.5680679716843
FDZ45,OUT017,3008.5944581118633
FDO40,OUT035,2608.597366230709
FDM57,OUT027,1960.0810731145195
DRG36,OUT017,2899.6454289348767
FDY36,OUT010,155.7144521175259
DRL60,OUT027,3349.697734060377
FDS25,OUT019,250.10456547845922
DRF49,OUT027,3263.653664261516
FDP16,OUT045,4511.586466908761
FDS60,OUT049,2553.664987173138
FDU15,OUT027,942.3113918737713
FDK43,OUT046,2146.3463561996614
FDN25,OUT046,704.8025930997431
FDE53,OUT049,1609.228818092912
FDB22,OUT013,2244.418981716962
FDE39,OUT017,2117.1926865485234
FDX35,OUT035,3728.288151611312
NCG54,OUT049,2961.702480383035
FDH27,OUT035,2373.5504371231273
NCK42,OUT013,3263.6266960737535
FDS25,OUT049,1783.043882814628
FDI10,OUT018,2728.8479208649287
FDU35,OUT035,1815.1385283336613
FDI04,OUT017,3086.2634424019116
DRK23,OUT035,4834.761800351464
FDB53,OUT019,322.14669381305185
FDY02,OUT049,4157.805293215911
FDM60,OUT035,664.7846614896689
NCJ31,OUT010,592.4417239293437
DRP35,OUT017,2142.7583206518216
NCQ30,OUT018,1730.1405579426216
DRL11,OUT010,337.98058164901676
FDU01,OUT013,3233.1013534124636
FDR39,OUT035,2980.6427694189288
FDO08,OUT046,2687.492196693615
FDC02,OUT045,4672.7752892723565
NCZ29,OUT035,2061.560407897807
FDF29,OUT010,268.2656649008148
FDZ23,OUT017,3049.839513569234
NCU53,OUT018,2584.544771618298
NCW30,OUT013,3630.921157043487
NCM26,OUT027,3774.0150384483754
FDV50,OUT027,2983.4570859651312
FDW15,OUT049,2446.924562436159
FDI35,OUT027,5482.423515984664
FDO11,OUT017,4701.918465663848
FDN48,OUT046,1458.5851173680016
NCA17,OUT049,2287.8893230742374
NCN54,OUT013,1235.3914906471014
FDP22,OUT013,732.8212470364699
NCB54,OUT035,2012.4981019787797
FDD08,OUT045,638.2527027734873
DRM48,OUT010,103.42451059293457
FDG41,OUT027,3246.369281290162
FDE44,OUT027,1427.2746145260169
FDE26,OUT035,2463.748988539177
NCS38,OUT013,2381.5760973260676
NCJ54,OUT018,3546.5553379216894
FDI40,OUT019,266.5565095270848
FDN45,OUT018,3511.9554895540005
FDU43,OUT046,4098.231408579146
FDI04,OUT010,494.2738485314605
NCC07,OUT018,1346.4262915963475
NCC07,OUT019,247.67998006362865
NCD18,OUT045,3995.173524436608
FDU55,OUT035,4802.662637922211
FDX59,OUT035,602.6245329162101
FDR52,OUT049,3130.5562433951773
NCP17,OUT013,956.3776119779187
FDQ32,OUT045,2212.5782981570233
NCT17,OUT049,3171.3934169221825
FDO10,OUT049,830.3629074773501
FDE32,OUT049,509.82606570722476
FDN44,OUT045,2778.2195786675293
FDH02,OUT035,1298.7602902750373
FDK60,OUT013,1607.0488642640512
FDS24,OUT019,234.8324728874487
FDL03,OUT010,772.2958755972402
FDB46,OUT027,5480.549431162524
FDO48,OUT049,3857.346495313425
FDZ39,OUT049,1654.722966970769
FDT02,OUT027,895.7229797772155
FDC50,OUT013,1725.3720366547266
FDP39,OUT035,762.4671415900822
DRG15,OUT018,852.6117304133577
FDP10,OUT018,1252.7893356018994
FDF53,OUT027,5265.026701723026
FDN34,OUT045,2823.596082645605
FDK02,OUT045,2011.4671167501613
FDC23,OUT045,3344.420894809054
FDJ10,OUT019,305.8890383288449
FDE53,OUT035,1658.8700882444048
FDR25,OUT035,4887.591526385208
FDW50,OUT046,2630.634137949912
FDS09,OUT049,760.4587522315878
FDW49,OUT010,503.83209267815056
FDU51,OUT046,2940.0370172856055
FDF28,OUT018,1685.2500763187093
NCY30,OUT018,2564.330539605542
FDD44,OUT045,4971.57369340701
FDX09,OUT017,2895.308488356847
NCF30,OUT013,2238.234161305659
FDZ50,OUT019,561.4483415478225
FDW37,OUT013,1293.9877894073486
FDD11,OUT049,3851.243575587249
DRH39,OUT018,709.7555562098185
FDA36,OUT049,3258.628148397938
NCG43,OUT049,1547.5982765293668
FDF02,OUT035,1755.9993501214412
FDP57,OUT027,2565.4125078625457
NCE42,OUT017,3791.06450714511
NCR38,OUT027,5762.352899500577
FDP03,OUT019,329.31092612909333
FDO51,OUT035,722.2672540988888
NCQ42,OUT046,1976.2441484887565
NCM41,OUT046,1303.206102583028
FDH48,OUT027,2075.3846759250855
DRF60,OUT046,4098.798327659909
FDJ27,OUT035,1622.4422430831878
FDQ14,OUT013,2355.526839034872
FDN27,OUT017,2048.2950566223863
NCQ02,OUT046,3191.399825906362
FDJ33,OUT049,2067.5709217514586
FDP07,OUT027,5577.959982870717
DRE01,OUT049,4131.831676724453
FDU36,OUT045,1613.2443949168257
FDL28,OUT017,3892.2411342817463
NCX53,OUT046,2257.0153716965833
FDZ39,OUT013,1644.4430083815657
NCP42,OUT013,3206.363831462739
FDJ14,OUT035,1352.708111153208
FDK04,OUT049,817.3383671483659
NCC19,OUT017,3204.7104504762874
FDS09,OUT018,694.720537649758
FDZ02,OUT046,1632.5315816990842
FDD35,OUT018,1716.2665677501045
NCY42,OUT017,2616.0763857150373
FDB05,OUT045,3908.894385924255
FDF20,OUT035,3104.9680687824425
NCO41,OUT018,1328.8402308894977
FDC40,OUT027,1972.9172057353032
FDV58,OUT045,2820.655233606158
FDZ57,OUT045,1978.793153234933
DRM35,OUT046,2972.2434656104347
DRN36,OUT018,1263.6008936453168
FDQ13,OUT046,1263.0135748165694
DRO35,OUT010,256.7240271142909
NCD43,OUT035,1620.7427007483398
FDA51,OUT018,1598.9111407400474
NCX17,OUT027,6387.251602238819
NCZ17,OUT049,718.7840534878848
FDR11,OUT027,3927.890509056867
FDW34,OUT049,4089.227679795873
FDN50,OUT017,1382.6195964323792
FDS09,OUT046,750.3472853022838
FDS48,OUT018,2038.5959005228215
FDL44,OUT049,2878.329458655824
DRF48,OUT018,2286.222963774097
FDA14,OUT018,1858.632978075871
NCD30,OUT049,1593.6857971695788
FDI16,OUT017,819.8039875352098
NCG06,OUT035,4083.276905238303
DRZ24,OUT035,2118.836721534814
NCS17,OUT045,1516.3436800969
FDB37,OUT045,4215.64739316737
FDE10,OUT035,2080.970681673583
FDC57,OUT045,3024.7044241643043
FDM12,OUT018,2517.271321023239
FDE24,OUT049,2065.8076779206585
FDW22,OUT045,3540.7004428361583
DRD01,OUT027,1574.5694227645652
NCZ18,OUT027,5923.856642837152
FDN49,OUT045,638.6988704130131
FDR22,OUT035,2371.4263627667497
FDV08,OUT019,128.19293704260468
FDY39,OUT046,3525.5211639303334
FDV36,OUT049,2457.305666510798
FDO60,OUT045,699.6376285166068
FDU04,OUT027,3052.205500280552
FDR20,OUT027,1489.0352590509888
FDW19,OUT019,253.73284391376737
FDU40,OUT049,2903.2273532591685
FDK15,OUT045,1576.6140942164102
DRF15,OUT035,2381.199689855441
FDQ25,OUT017,2867.6305807407266
FDI48,OUT019,129.0273069324467
FDS49,OUT046,1463.6464716689457
FDV22,OUT046,2698.028875963522
NCV42,OUT046,1795.7845752574913
FDX26,OUT046,3185.055559418589
FDI33,OUT018,1277.9603105497333
FDZ14,OUT049,2074.377957901895
FDG10,OUT013,776.0052210458971
FDM38,OUT018,671.520948043878
FDG26,OUT027,6521.295550434411
FDH46,OUT035,1677.1313910567624
FDN13,OUT018,1182.3491060986844
FDU57,OUT035,2324.1341308063998
NCI06,OUT046,3082.615557654065
FDM38,OUT045,936.2071242047721
NCG42,OUT010,289.42607283312776
FDL39,OUT045,2889.385754662212
FDT31,OUT019,469.59404479356954
FDV59,OUT013,3315.0259561541407
FDB49,OUT035,1684.1779531905374
FDD58,OUT049,1610.8954191098164
DRN59,OUT046,730.2634662892233
FDX48,OUT049,2567.3389764453887
FDQ11,OUT049,3885.9657982204453
FDY12,OUT049,837.0730743445883
FDQ11,OUT045,3750.8614125398976
DRI11,OUT017,1922.6571653472422
FDY32,OUT027,3782.7314478515477
FDS51,OUT045,913.982569110588
FDR19,OUT010,314.1355113970736
DRB13,OUT018,2780.8219127298944
FDS21,OUT035,965.8427231043353
FDQ40,OUT045,2824.3502313186154
NCE55,OUT013,2853.6583563596946
FDX43,OUT027,4243.19434399076
FDS12,OUT049,2469.7405644876026
DRK01,OUT027,2351.6258269378236
FDN25,OUT017,726.8092954432594
FDB60,OUT046,3220.2554850665397
FDQ13,OUT017,1323.937075511258
DRK13,OUT045,3215.5608063939576
DRF25,OUT018,373.2116804071512
NCD42,OUT019,65.81134198456643
FDW25,OUT045,1337.0217755038136
NCV29,OUT027,4972.7440745553795
NCK42,OUT035,3441.889019428364
DRJ13,OUT027,4044.870387825553
DRD15,OUT017,3591.06943508592
FDM27,OUT045,2486.196828147932
FDZ50,OUT018,2539.21448903795
FDC04,OUT046,3662.5545032316495
FDF50,OUT049,3330.348696905279
FDP15,OUT045,3995.439665301586
FDK46,OUT035,4151.08343556786
FDZ56,OUT018,2226.9511908386758
FDY60,OUT049,2193.3453635014653
FDB10,OUT035,3999.764184074672
FDR57,OUT045,2209.3542597643927
FDU58,OUT049,3226.6571406800044
FDH02,OUT046,1262.6229107324104
FDP48,OUT013,3588.114185352616
FDI46,OUT035,4167.73581852574
FDW56,OUT013,3203.0435209057005
NCM19,OUT010,205.9183708386766
FDS50,OUT027,5296.9940594237305
FDK24,OUT013,710.1920932044079
FDO36,OUT017,2845.6996625138963
FDK45,OUT027,2875.632291144128
NCL05,OUT045,761.1088904836361
FDL32,OUT018,1518.202145959672
FDA28,OUT049,2083.8009490756613
FDY36,OUT018,970.2787546706382
FDP32,OUT018,1905.4682878687534
FDL50,OUT046,1977.9019769369606
DRC24,OUT049,2487.39414260904
NCS18,OUT017,1747.901978299529
FDD16,OUT017,1094.1784086518173
NCV18,OUT013,1836.1875414846395
FDX07,OUT046,3075.8352931107497
NCZ05,OUT027,2639.106237848159
NCI31,OUT013,595.409506170409
FDK14,OUT049,1280.4090647966595
NCR06,OUT045,734.7702027385101
NCF54,OUT049,2776.256367155971
DRG23,OUT010,355.24029814142636
FDD53,OUT046,677.0100694893791
NCM31,OUT027,3323.7542833883517
FDT16,OUT017,4291.7662769061035
FDR40,OUT035,1276.132483809738
DRG25,OUT017,3313.2703399102315
FDT10,OUT035,969.9491264725943
FDY32,OUT013,2629.9243690971225
FDN50,OUT035,1432.484827950788
FDZ35,OUT019,249.49514659792982
NCP54,OUT045,2100.0358616998433
NCD07,OUT035,1640.6314825003567
FDS02,OUT018,3908.6424233244406
DRN59,OUT018,708.1639669919244
DRB24,OUT013,2424.3328126809433
FDP37,OUT027,3141.014482590291
DRB01,OUT018,2518.764759685823
FDR47,OUT046,2990.9755336626567
NCM31,OUT010,314.81786621548
NCF06,OUT027,6059.382123951392
NCV17,OUT027,3107.22367747296
FDS10,OUT049,2672.139005238328
FDN52,OUT035,1324.5199232644343
FDZ48,OUT013,1957.1644054241597
FDJ48,OUT049,3980.362098184549
DRB13,OUT027,4662.282368705318
FDV59,OUT017,3550.5371983393866
FDL32,OUT035,1691.2320974040545
FDZ12,OUT035,2170.4486774728634
NCR06,OUT027,624.3693936738605
FDP51,OUT017,2071.6786864053865
FDY22,OUT013,2274.900973309437
FDZ38,OUT049,3756.69981663606
NCO54,OUT035,935.9916529156478
FDR23,OUT035,2767.896774859415
FDM38,OUT049,970.6133142753321
FDS25,OUT013,1946.2650243839216
FDZ22,OUT013,1338.9947222787152
FDZ20,OUT019,495.42125295623146
FDD45,OUT010,186.4353301524964
FDN03,OUT049,3955.7234855460374
NCW30,OUT046,3623.1630172583104
FDY24,OUT027,1777.953344347558
FDJ26,OUT019,530.984293489758
FDM15,OUT049,2436.0088914591142
NCW54,OUT027,2089.4567412708952
FDA23,OUT045,1594.3425921801818
FDA39,OUT019,67.69253880416619
FDZ12,OUT017,2526.688838599061
NCB42,OUT046,2041.0970506282508
FDL16,OUT046,772.4988413016248
FDO24,OUT019,435.43672168014416
NCP42,OUT046,3250.1917896683385
FDR19,OUT018,1962.183397686749
DRL01,OUT045,4573.362439723132
FDV37,OUT046,2836.528672208981
FDI41,OUT010,304.1256334058506
FDF58,OUT049,979.2147790769394
NCF43,OUT018,1730.0949600171825
FDN02,OUT049,3512.4199287282086
NCP41,OUT035,1696.8653681915146
NCY17,OUT027,1303.002335615017
FDL58,OUT027,4000.391990243792
NCA30,OUT027,6046.500587771244
FDE46,OUT018,2044.010053852894
FDY38,OUT035,3805.3887001254125
NCH29,OUT027,2609.288784735203
FDO20,OUT045,3721.6595260983404
FDP44,OUT018,1185.8512691631718
FDM02,OUT027,2495.0287609682205
FDJ14,OUT027,2730.1939286481884
FDH04,OUT010,195.67445275738103
DRK23,OUT046,4750.547558842302
NCW05,OUT046,2011.416363059724
FDF12,OUT049,2269.6142149651064
FDL51,OUT019,535.7383148942954
FDN03,OUT018,3717.607770848946
DRJ37,OUT049,2462.2418001037677
FDM12,OUT019,489.72826926803793
FDA16,OUT045,3604.45030696102
NCB07,OUT017,3089.3893397194784
NCI17,OUT019,284.3309621450855
FDR51,OUT046,2347.4109130106103
FDJ55,OUT045,3905.3188927778647
NCZ17,OUT013,703.7069818318685
FDU25,OUT013,858.2304377233863
NCG18,OUT045,1623.405132683928
DRM11,OUT017,3917.481562901783
FDH16,OUT035,1391.8543951040403
FDZ04,OUT018,794.2572571932184
NCX53,OUT035,2171.4697536205545
FDX38,OUT027,1281.6466574239448
FDX09,OUT046,2835.195612408556
NCW05,OUT018,1111.0080962899272
NCS41,OUT017,3282.0215120798775
FDI26,OUT046,2703.0813473748767
NCZ41,OUT027,3615.1190671039913
NCK06,OUT046,2079.1736087239474
FDX23,OUT027,2609.1816738742828
NCA42,OUT046,2385.270800333357
FDC20,OUT049,901.5814905150444
DRC49,OUT018,1961.2902408175705
FDX01,OUT013,1906.7078851237136
FDC08,OUT045,3504.887206555241
FDC02,OUT017,4689.841844172755
FDK10,OUT045,2681.7033959550236
DRC24,OUT013,2578.5677746562487
FDW16,OUT019,242.024301385431
NCU06,OUT018,2871.86318456996
DRA59,OUT045,2957.85179424871
FDR24,OUT019,268.4506787034928
DRL35,OUT018,469.9684439571936
FDA49,OUT013,1392.16650658753
NCC55,OUT046,646.6547106088543
DRD24,OUT019,312.11177352794925
NCE55,OUT049,2810.4797184156987
FDT33,OUT045,3325.8130522103643
NCT53,OUT013,2695.809751905349
FDS26,OUT046,3753.4960499866893
FDL22,OUT018,1250.2142010786627
FDP44,OUT017,1646.3907492298717
FDC52,OUT018,2010.3921575598424
FDI53,OUT010,413.1434144156002
FDZ23,OUT046,3021.3902469282866
NCT18,OUT013,3515.7147169381037
FDR13,OUT046,1894.9911736804063
FDB09,OUT010,270.80296786338954
FDZ60,OUT013,1655.986152975216
FDB11,OUT046,3868.935494948623
FDC10,OUT018,1863.0220305432695
FDW56,OUT035,3303.1886089246486
FDK14,OUT027,2802.439968194979
DRE27,OUT027,2634.988923193065
FDA38,OUT017,3956.2736599708205
FDT11,OUT045,3168.2281772867996
FDP15,OUT035,4215.509596396163
FDV27,OUT035,1357.9998267652609
FDS36,OUT027,2502.3714907237254
FDY40,OUT027,1427.3707967533546
NCF19,OUT049,704.7672182572287
FDF53,OUT045,3389.464643435228
FDS14,OUT027,3842.4107013137545
FDE56,OUT046,1027.5074570181625
FDZ19,OUT035,2651.760123489445
FDZ46,OUT013,1754.4141829899609
FDR16,OUT046,4085.940477256896
FDG29,OUT018,470.37412210183146
NCE30,OUT017,3401.029242699993
FDZ40,OUT046,846.0838545961935
FDG58,OUT018,2429.495267050361
DRH03,OUT013,1516.8901827310108
FDZ47,OUT045,1554.6686777239956
FDV04,OUT018,2390.492397021805
FDZ10,OUT018,1852.2285610052904
FDG46,OUT017,2123.1257195788426
NCF07,OUT045,1589.317568409972
FDY44,OUT035,3182.717128287381
FDB21,OUT013,4192.987527344157
FDS20,OUT035,3537.1891450586227
FDS49,OUT049,1295.6487526961191
FDX55,OUT027,5281.801348541159
NCQ02,OUT018,2789.588032270915
FDR25,OUT013,4663.073589192994
DRG39,OUT045,943.9457075118863
FDB46,OUT046,3366.2111430780105
NCC30,OUT018,2490.9353723838403
FDE58,OUT035,2099.1799573077797
FDC05,OUT019,615.854995331422
FDY15,OUT046,2526.350471156238
FDG14,OUT046,2490.6042850053723
FDL08,OUT049,4061.516877331206
FDQ47,OUT013,599.3375847279474
FDN12,OUT035,1697.350331943636
FDW10,OUT013,2439.4455230432322
FDD02,OUT035,1874.7876653648966
FDX35,OUT010,815.4581077779006
FDT35,OUT046,2768.7380195690016
DRN47,OUT019,464.7811810864524
FDB11,OUT010,550.7703241517763
FDN20,OUT045,2845.3602167497006
FDB59,OUT035,2886.332838033584
FDJ58,OUT045,2861.3041513471508
FDU60,OUT046,3054.547326859814
FDS03,OUT049,1087.767357816926
FDU40,OUT019,471.8400115307959
DRH15,OUT049,739.7670332093168
FDD04,OUT027,3534.7111230874552
FDQ01,OUT046,3580.410357217884
FDF28,OUT035,2090.344599673964
FDD22,OUT010,277.50382446620574
FDY19,OUT046,1920.1321103380865
FDN33,OUT035,1527.7629712815585
FDV36,OUT035,2429.4266359293897
FDW01,OUT010,305.87349979708216
FDJ28,OUT049,3212.54815397677
FDB17,OUT035,2953.5534241984333
FDM40,OUT049,2156.0381493201667
FDV46,OUT045,2245.7784658359406
FDQ44,OUT049,2100.7022464037855
NCD42,OUT046,688.7430567775325
DRH37,OUT046,2539.5115049113583
FDR10,OUT018,2440.4902858747337
NCD06,OUT027,871.3444622548321
FDI53,OUT046,2463.8127704727262
FDG16,OUT035,3457.777722348432
DRB25,OUT046,1658.3750176976257
FDY09,OUT046,2885.082873777405
FDX48,OUT045,2634.126769979798
FDC03,OUT010,518.7006099398399
FDT47,OUT035,1885.6861812810544
FDW44,OUT027,4250.353855418728
FDT24,OUT017,1407.8951237263534
FDT12,OUT019,550.500288434281
NCS38,OUT035,1828.1485739397538
FDO39,OUT035,3509.5441904121217
FDA13,OUT046,646.4281473887479
FDO48,OUT035,3797.1621086746554
DRJ01,OUT017,2240.6407336797356
FDD53,OUT018,341.33799402552904
NCT05,OUT049,4108.9112893083875
FDQ51,OUT045,815.2825664667919
FDU60,OUT013,2984.7610259818753
FDC59,OUT046,903.0131265932342
FDP36,OUT035,792.2146407444069
NCM19,OUT017,1654.05793758705
FDL16,OUT035,716.3486140119119
FDE50,OUT018,2509.7780212965745
NCR18,OUT013,696.064039638084
NCD30,OUT035,1599.3659873641786
FDH31,OUT013,1585.646357572757
FDD56,OUT019,456.15662323594245
FDC47,OUT049,3896.6941750795627
FDZ21,OUT045,1568.0622693713067
FDM01,OUT049,1684.4730953012527
FDF24,OUT013,1257.104440933021
FDW23,OUT017,684.6988852900618
FDY52,OUT018,771.4262412697234
DRH37,OUT027,3928.732482108851
DRO47,OUT027,3207.405173896296
FDR25,OUT049,4613.143640312411
FDQ24,OUT027,5375.779458549515
DRJ51,OUT018,3122.970017214151
NCU06,OUT035,3937.6617994844746
NCV18,OUT018,1281.274609196077
NCC06,OUT027,3206.717425448967
FDZ01,OUT018,1257.494422199331
FDT14,OUT017,2154.450651445027
FDD11,OUT019,519.794457445954
FDN09,OUT017,4120.432284085449
NCO18,OUT010,394.38185297701364
FDZ50,OUT045,3204.3518566178864
FDS44,OUT013,3957.481090241841
FDI36,OUT045,3035.16951348703
FDA26,OUT010,522.828444228455
NCY53,OUT049,1823.0325080687412
FDF32,OUT049,2842.8179817751166
FDF59,OUT010,287.2889297378525
FDB20,OUT046,1253.1078977831653
DRH11,OUT035,794.6283431547902
FDT03,OUT049,2216.317642763063
NCH06,OUT035,3800.545368765911
FDR55,OUT049,3124.411603303724
FDI10,OUT035,2825.7595766783966
FDZ12,OUT045,2124.0822358703167
FDM12,OUT049,3000.019032685381
DRB25,OUT045,1599.0846170154798
NCS41,OUT013,3469.4397445629293
NCT53,OUT049,2781.973875856634
NCD55,OUT013,659.835331283578
FDY08,OUT049,2220.1428257361836
NCP55,OUT049,991.8642363580162
FDA33,OUT013,2290.368325700851
FDQ33,OUT013,2615.7090717080778
FDE45,OUT027,4639.96419050507
FDT26,OUT013,2241.949489712765
NCV53,OUT049,4600.3830633671205
FDK60,OUT027,2506.4320490014907
NCJ29,OUT046,1296.8311447319195
FDI15,OUT045,5318.900378984359
FDX21,OUT013,1773.141658773745
FDV49,OUT019,529.2081570051446
DRO59,OUT046,1482.85721443216
FDZ14,OUT045,1990.0535819473932
FDP32,OUT027,3576.129760273432
FDC33,OUT017,3047.189456820235
FDT14,OUT010,243.0052452646409
NCN54,OUT027,2100.945616242672
FDR57,OUT027,4250.145094336244
DRK12,OUT046,471.4972214967102
FDX52,OUT049,3150.6330929385435
FDX08,OUT010,517.7739380479541
FDP10,OUT010,242.1272115705438
NCP50,OUT045,1123.62604391078
NCL06,OUT013,4482.125504849125
FDP25,OUT013,3523.2507520664767
FDE53,OUT013,1639.4048558843258
FDL27,OUT017,1052.1755993713775
FDC35,OUT049,3123.1166209256226
DRJ47,OUT010,375.756093799077
FDD16,OUT018,650.6257266213665
NCN42,OUT049,2624.508690418393
FDC38,OUT027,3042.714965057025
NCO07,OUT045,3576.9566352928377
FDQ20,OUT049,669.1134827666042
FDI32,OUT046,2115.17329406556
FDN20,OUT010,440.14499622434363
DRJ51,OUT027,6987.810707886353
FDU08,OUT045,1551.2160000879874
DRN37,OUT019,466.76440311610173
FDD05,OUT010,286.4580089273952
FDW15,OUT046,2493.7393574382054
FDI52,OUT046,2147.6021770063107
DRM11,OUT049,3824.911403231955
NCO06,OUT045,486.88208534379913
FDU38,OUT049,3186.921733521701
FDU59,OUT018,2805.4475556486377
FDJ10,OUT046,2162.7357797800523
FDM13,OUT049,1941.0312153900786
NCJ30,OUT019,347.64152005296864
FDM45,OUT018,1956.9206746596599
FDP36,OUT045,728.0547298049746
NCD30,OUT010,243.0346532892705
FDN48,OUT017,1518.082257365971
FDY32,OUT049,2625.590740034884
FDU47,OUT046,2123.304656554093
FDF17,OUT019,630.8511744032927
FDP34,OUT017,2624.61867266872
FDA47,OUT049,2701.95066388806
DRD27,OUT027,2379.719365241857
FDW38,OUT045,1007.5216964173675
FDZ15,OUT019,294.8805409253034
FDZ03,OUT027,5172.659803862369
NCN19,OUT049,3192.9505095730997
FDG02,OUT035,3355.0358871772587
FDS31,OUT035,3416.2884302978464
FDW43,OUT019,554.0565773443635
FDZ47,OUT010,223.10970447630555
FDO57,OUT017,2247.600454653137
NCL07,OUT013,648.1870667458646
NCV42,OUT013,1826.6360308027697
FDP40,OUT017,1813.6567739706206
FDP48,OUT019,535.0673458880357
FDH21,OUT017,2812.797185072043
NCP02,OUT049,835.3324669631769
FDK24,OUT049,849.7652547514126
FDC41,OUT045,1203.6359143839175
FDF08,OUT017,1333.4439815634944
FDO49,OUT017,739.9331935259933
FDS56,OUT027,7462.091066155187
FDX46,OUT018,803.7039539204856
FDQ07,OUT013,3486.0571850158826
FDC32,OUT010,191.952967198204
FDT21,OUT019,548.4118176909611
FDG58,OUT045,2486.2934768992436
FDW14,OUT049,1345.6058251787579
DRA12,OUT027,3472.1806265954756
FDV27,OUT013,1302.5588377996348
DRD25,OUT013,1788.6181645037286
DRF48,OUT027,5587.314744423469
FDX24,OUT017,1418.5883527240858
DRJ51,OUT046,3373.988518107148
FDE45,OUT045,2878.0386321497017
FDE14,OUT046,1761.8758652275244
FDG53,OUT045,1987.7915274602803
FDT08,OUT046,2533.5701421521394
DRC27,OUT027,5677.088202773559
FDG20,OUT035,2544.5063868333614
FDC21,OUT046,1686.9786701533892
FDV31,OUT018,2759.5141196775185
FDB58,OUT045,2077.1509499406325
FDV23,OUT046,2085.244670743012
FDA25,OUT019,248.6110621965869
FDC15,OUT046,2590.7146195692967
FDU47,OUT049,2095.8896472443766
FDE23,OUT013,795.7078910922795
FDS08,OUT013,2654.51943925891
FDW03,OUT027,2497.6849103580957
FDJ60,OUT018,2136.8287105900386
FDM34,OUT017,2171.7123996453006
FDW33,OUT013,1678.5131410668473
FDZ40,OUT013,866.8351185943345
FDE33,OUT018,1066.252072863723
NCC06,OUT010,301.29127295162493
FDU11,OUT046,1974.4572384091173
FDL44,OUT017,2909.570133351055
NCZ29,OUT017,2091.1163969741847
FDG28,OUT010,657.1345140009514
FDL12,OUT018,779.273545871962
FDD52,OUT017,1941.6325889354214
FDO15,OUT013,1006.4510121383984
NCN29,OUT027,1413.3981507899662
FDW36,OUT013,1637.0603975908734
FDB21,OUT046,4075.569725467931
FDZ28,OUT013,2129.875957552318
FDY10,OUT035,1863.6384330404367
DRG39,OUT017,856.0564671267306
FDN28,OUT013,1623.8641941685212
FDV15,OUT035,1799.3174916731957
DRI13,OUT035,3651.8355311764294
FDH20,OUT046,1609.2111314737933
FDY51,OUT013,3349.347297340534
FDE16,OUT013,3428.048951484633
FDX40,OUT018,395.608503599276
FDC48,OUT018,1073.7398430596386
FDS14,OUT046,2218.6196109270227
FDX56,OUT017,4070.0293009022002
FDI10,OUT046,2854.904088592499
FDI14,OUT013,2229.2664478227935
DRM48,OUT013,713.8210027271393
NCH07,OUT027,4222.821952902008
FDY26,OUT013,4352.838361621299
FDD02,OUT027,2771.0108781738895
FDM12,OUT046,3008.1418341870976
DRF01,OUT010,502.91153441889105
FDV36,OUT046,2423.586734172077
DRI59,OUT013,3848.250359870025
FDV03,OUT018,2296.250767098782
FDO39,OUT017,3514.5439536887297
NCB07,OUT018,2941.0548776809446
FDH38,OUT027,2658.50656382335
FDZ13,OUT035,779.9731649933195
NCZ30,OUT046,2040.2126405515676
NCA06,OUT035,569.153853234365
FDB04,OUT049,1358.5586086614537
FDN50,OUT013,1378.5036594404169
NCG06,OUT049,3945.2435065208997
NCY17,OUT018,795.6651467668389
FDC23,OUT046,3190.186699606437
FDK33,OUT049,3658.4506757542026
FDR03,OUT049,3968.889958291005
FDZ07,OUT045,1053.8967691436699
FDO38,OUT013,1182.9929564184515
FDS59,OUT046,1883.0302069156492
DRM11,OUT019,569.4551268745839
FDX52,OUT027,5271.597671790472
DRJ35,OUT018,819.0076272141737
NCP53,OUT046,4237.926859472622
FDW15,OUT019,312.0859315935291
DRI47,OUT045,2655.7565803378866
DRZ11,OUT035,2036.9858587530405
FDS02,OUT013,3067.752673417631
DRD49,OUT018,3917.806975087141
FDW38,OUT049,993.1633037535598
FDR21,OUT019,388.02609219891247
FDE40,OUT013,992.8067409728959
FDI02,OUT045,1868.2461371252484
FDQ04,OUT045,738.789377924257
FDY14,OUT017,4671.973331851129
NCT54,OUT046,1508.9162191502505
DRD25,OUT017,1751.343451628115
DRE01,OUT045,4126.573240206275
FDJ12,OUT010,598.3700395827531
NCZ05,OUT049,1637.9111013620018
DRB25,OUT019,261.08687420337606
NCC31,OUT045,2425.467688202269
FDM16,OUT045,1246.4135394334867
DRG11,OUT049,1658.2654220333447
FDV24,OUT027,3683.806125693355
FDV43,OUT046,681.6140562945698
FDG05,OUT018,2303.48358322115
FDV23,OUT010,234.95681582218145
FDI58,OUT018,1272.6839612777542
FDQ11,OUT017,3716.0182011309053
FDC05,OUT027,5443.7703377132975
FDF40,OUT013,3963.0376596764095
FDU02,OUT018,3242.212546186993
FDT32,OUT013,2969.9141188667836
NCF06,OUT017,4211.943160936499
FDT46,OUT013,795.2895064984748
FDR58,OUT010,216.61691458246642
FDY04,OUT046,2588.0741544502544
FDT58,OUT045,2869.6140783289848
FDE46,OUT049,2378.122815032136
DRH11,OUT017,705.8202816093492
DRI51,OUT046,2681.702236641384
FDC35,OUT017,3515.385506248287
FDP45,OUT035,4003.2290055709323
FDC45,OUT017,3400.0832396247347
FDU01,OUT045,3184.323705815985
FDJ53,OUT010,261.39684493932725
FDJ46,OUT017,2830.314526444014
FDX07,OUT013,3100.5987994418206
NCI30,OUT049,3725.5395230340287
FDE47,OUT027,3654.5779029671316
FDV48,OUT045,1304.0617635280535
FDN16,OUT019,242.11040057180122
FDM52,OUT013,2737.348506063653
FDA32,OUT027,5155.262153834184
FDH05,OUT017,3839.6649702459194
FDW25,OUT010,222.78010758308565
FDQ09,OUT046,1872.0730948228604
NCM17,OUT010,118.74325702561738
DRM59,OUT046,2220.359602892406
FDV47,OUT027,2130.729446553631
DRE15,OUT035,1224.388106663763
FDS25,OUT010,210.59468536945377
NCZ05,OUT018,1438.6756253025915
NCV05,OUT019,332.5753094481308
DRM37,OUT046,3257.1333944144744
FDV58,OUT027,5462.946992935531
FDN22,OUT027,7600.042921161528
NCO06,OUT049,432.6039453376523
FDT56,OUT019,182.21105690529453
FDM02,OUT013,1323.0778124996568
FDA09,OUT046,2737.1507107635694
NCC06,OUT035,2497.4552069709384
NCL54,OUT049,2859.037635872222
NCB55,OUT017,862.2152096650842
FDB12,OUT017,1676.1475935269236
NCA54,OUT049,2854.5568676911
NCS38,OUT049,1866.265531553002
FDC02,OUT049,4676.725580166353
FDK44,OUT019,372.1758664184098
FDE16,OUT035,3721.0303058574546
NCS05,OUT035,2113.452678016828
FDZ59,OUT045,3015.650006312349
FDI20,OUT017,3858.472645964062
FDQ14,OUT046,2375.4655581300754
FDF53,OUT017,3061.69176495996
FDW25,OUT017,1371.6188973930396
NCQ43,OUT010,248.73812313497058
FDX52,OUT013,3102.423713579472
FDE28,OUT045,3528.6106421778477
FDN15,OUT017,2209.7453737000683
FDO28,OUT017,1999.7162685525611
FDQ33,OUT045,2637.951067815548
FDM22,OUT010,160.20152763266643
FDJ03,OUT017,668.487256277938
FDI16,OUT045,992.3573092743555
FDI09,OUT027,6585.724160215661
FDX55,OUT013,3363.0881471999774
FDS23,OUT027,3236.1530661112274
DRC12,OUT045,2984.8432868456007
FDH41,OUT049,3499.118717364779
FDN01,OUT013,2877.7940097460414
FDV55,OUT045,3031.108648644479
NCJ19,OUT013,848.0821446427501
NCY29,OUT010,165.2283449886956
FDP03,OUT018,2885.599221313038
FDZ52,OUT045,1665.2445050803838
FDH31,OUT010,197.8874483422397
FDQ19,OUT018,3396.8295094677487
FDS15,OUT035,1716.5821516420726
FDN32,OUT017,3273.9976660030384
FDH32,OUT049,1619.0194602719284
FDF33,OUT017,1778.9958473603192
FDJ22,OUT046,2968.1613064183803
FDG56,OUT010,150.04599086461968
FDC05,OUT046,3176.311092643677
FDK09,OUT013,3594.9992700330013
NCV29,OUT045,3056.1694498900297
NCC43,OUT019,586.9352781250122
NCA42,OUT049,2363.984060697788
FDC10,OUT046,1866.6512494341584
FDC16,OUT013,1268.0261169690914
NCL17,OUT013,2143.285033814309
FDA51,OUT035,1916.2183858724186
FDW01,OUT017,2572.242340917537
NCF30,OUT045,2110.2299275063497
FDN49,OUT013,708.5834833002476
FDY20,OUT045,1325.9321034355698
FDC15,OUT045,2483.376229929448
FDY24,OUT046,1155.5016912941908
NCG43,OUT017,1570.790886985935
FDA48,OUT013,3648.4350601463125
NCF55,OUT017,670.1452745680596
FDL38,OUT049,1323.2544343145764
NCQ29,OUT018,3318.6302486679606
FDC34,OUT017,2750.0068140059366
FDP36,OUT027,1141.5304929741021
FDN50,OUT010,205.6567248449367
FDO23,OUT049,1560.5397902610466
FDT56,OUT013,755.1617349237953
FDT13,OUT027,4983.386400278262
FDZ03,OUT013,3135.85857650174
FDQ03,OUT010,713.3314665052653
FDU44,OUT045,2873.348417341089
FDD03,OUT049,3419.1571075153893
NCH30,OUT013,1681.1033347285365
FDS60,OUT010,491.14917958154683
FDG08,OUT046,2976.4531592579165
FDX38,OUT017,739.3022250801068
FDD22,OUT017,1819.5799232688269
FDW51,OUT013,3291.489611086113
FDL09,OUT017,2705.513344347055
FDZ60,OUT045,1570.9050618140132
NCH07,OUT046,2809.2250870921234
NCQ41,OUT049,3254.7541558525577
FDW04,OUT049,1992.0367739716094
FDI08,OUT027,5604.259035489342
FDR19,OUT019,343.1910777391171
FDV13,OUT046,1300.510859015676
FDB52,OUT017,3515.023896009507
FDZ48,OUT027,3511.9177046028726
NCO14,OUT049,750.0586230491302
FDZ50,OUT013,3387.795240263404
FDN27,OUT019,329.68401000868346
FDQ60,OUT013,2147.9329518570376
FDR49,OUT017,774.1103580551193
DRJ35,OUT027,1765.7105793616001
DRI49,OUT017,1263.1990011005828
FDB47,OUT017,3723.1705147858193
FDP37,OUT010,319.2305056939081
FDR26,OUT049,2211.281611582583
FDY31,OUT019,335.5199960085228
FDC11,OUT045,1426.4124058696068
DRP47,OUT035,4191.969257077158
NCY54,OUT018,2244.665763522122
FDR27,OUT046,2124.799107270546
FDQ21,OUT019,295.76540494956504
NCQ29,OUT035,3943.467983160432
FDJ02,OUT046,2511.9987133826676
FDE21,OUT018,1574.107498112489
FDM39,OUT046,2782.7801948444367
FDZ01,OUT017,1697.2123716616622
NCB19,OUT018,1369.7463434959914
FDU03,OUT046,3391.4094262267586
FDP27,OUT049,3279.244333307779
DRF01,OUT045,2390.1141472640347
FDM03,OUT049,1698.3949584335833
FDV01,OUT046,2535.5641163102882
FDS16,OUT046,2918.048208629099
FDO45,OUT035,1375.3875739475036
NCX06,OUT035,3202.3114652400072
FDP13,OUT046,685.0186585048484
NCR38,OUT018,3542.7392452549207
FDA01,OUT013,756.6998278660063
FDT26,OUT017,1850.4615515238986
FDD44,OUT027,6864.697364333837
FDB26,OUT013,935.2969833874915
FDP45,OUT019,524.566960950002
NCP55,OUT046,946.0041262392411
FDT23,OUT017,1315.4558955211166
FDO51,OUT045,722.9364305171111
FDA44,OUT046,897.5697440143164
NCJ31,OUT018,3907.934997360866
FDX37,OUT045,1703.4792810901881
NCD18,OUT049,3788.7551712066347
FDN40,OUT027,3208.009146830086
FDL33,OUT017,3141.3035474669327
DRF48,OUT035,3235.8061875992407
FDW08,OUT035,1704.0260878141003
FDX39,OUT018,2883.104423428613
FDB38,OUT049,2996.303434286402
FDY46,OUT018,2696.65532575392
NCB06,OUT049,2578.707876200564
FDA34,OUT035,3567.9363796422244
FDA35,OUT045,2033.2056045733962
FDQ07,OUT035,3769.947934473361
FDU32,OUT045,2024.3313267495569
FDU26,OUT013,2138.4851163399967
FDU13,OUT010,543.9846097175393
FDO09,OUT035,4348.35931245187
FDW03,OUT019,257.26930471553374
FDB38,OUT013,2602.911915552317
FDL26,OUT010,288.99894551491207
NCN43,OUT045,2073.831570515717
FDH08,OUT045,4010.5238294543233
NCC31,OUT019,414.3640883856106
FDH14,OUT035,2061.3806382724397
FDL40,OUT017,1595.4044981906131
FDD20,OUT035,2133.40952950684
NCV53,OUT035,4726.260774175632
FDD16,OUT045,975.4534946227623
FDP24,OUT035,1950.1364632910527
FDQ25,OUT045,2864.749002022664
FDM38,OUT035,984.0411372422985
NCT18,OUT010,384.4185959271722
FDM34,OUT049,2121.7031108076612
DRH37,OUT010,407.33840758926357
NCE07,OUT013,1962.4654943276585
FDG12,OUT013,1982.5640302563113
FDB59,OUT010,635.2819447581069
FDS10,OUT018,2863.674251026202
FDN21,OUT010,386.9492044799502
FDM02,OUT045,1339.5901568182378
FDO44,OUT049,1688.8599137921067
NCN17,OUT017,1684.5833088487843
FDH16,OUT018,1347.103773789735
FDL44,OUT046,2840.220088437837
FDY47,OUT017,2014.5007001546173
DRI39,OUT046,941.2882020020568
NCX54,OUT018,1435.5487980599937
FDE59,OUT046,630.015245223804
FDO46,OUT045,3225.6753451666464
DRE13,OUT046,1352.6666181835285
FDW14,OUT013,1297.4284916889958
FDF35,OUT046,1555.2148491343726
FDO50,OUT019,277.17061875035967
DRF49,OUT017,1933.0488386337875
FDT60,OUT049,2068.797542263714
FDP38,OUT045,693.9017595039824
FDA31,OUT027,4843.511769983456
FDY52,OUT010,168.77994167407985
FDD03,OUT027,6443.17331743952
FDN52,OUT018,1216.5486273280264
FDU20,OUT010,261.24136982396567
FDD22,OUT035,1686.9421883147372
NCB55,OUT019,206.58659300188646
FDN27,OUT045,1664.2659313950453
FDD16,OUT013,1277.9067452820323
FDW48,OUT046,1129.2537130071632
DRN35,OUT045,552.3516665025638
FDX25,OUT049,2882.9839725866996
DRD49,OUT049,3654.0392351420487
FDE21,OUT019,281.03997257562
FDN44,OUT035,2816.1253941153573
DRC01,OUT049,833.378728461684
NCK30,OUT046,3967.08736529948
FDU39,OUT013,783.7807746460505
FDB49,OUT013,1651.8314286911236
FDS12,OUT045,2547.1117239028076
FDR57,OUT018,2738.97171084286
FDX22,OUT027,6093.906016728097
FDC60,OUT013,1739.0002188260153
NCE42,OUT049,3679.665002057568
NCK42,OUT049,3334.9811336316898
DRE01,OUT017,3934.5467067392065
FDE57,OUT018,1602.4879846897516
DRK59,OUT019,534.4078243953034
FDB10,OUT027,5837.631799014313
FDQ25,OUT046,2892.4386562119116
FDY26,OUT017,4363.989417077991
FDG28,OUT049,4166.633703317595
FDM14,OUT049,1766.3089787868112
NCH29,OUT049,1794.502498553606
FDD48,OUT049,2072.777949772664
FDC17,OUT045,3681.024099043385
DRH49,OUT027,2128.3459387429634
FDN44,OUT018,2233.60423853281
FDC29,OUT045,1895.1724433647912
DRK01,OUT019,257.8921281848316
FDD48,OUT017,1981.7407104209506
FDB59,OUT013,2883.3161627731374
FDY45,OUT010,551.5576617282005
FDX60,OUT035,1212.3804536303426
FDT09,OUT010,282.6111315977973
DRB24,OUT018,2125.795216460865
FDL13,OUT035,3970.713254022146
FDN16,OUT035,1698.5321047442662
FDK57,OUT013,2128.543203823479
FDO22,OUT027,2032.7784399678476
FDC57,OUT010,516.0725969804215
FDZ13,OUT027,1536.5332723145286
FDW27,OUT013,2114.949075085331
FDX10,OUT049,687.1835871626591
FDY08,OUT018,1846.2722198255165
FDA49,OUT017,1393.9770830881516
FDC32,OUT018,1224.6157458427906
FDO04,OUT035,958.3628512118223
NCZ54,OUT013,3008.7372976540496
FDY40,OUT045,751.59905311541
FDW36,OUT045,1597.3742467789075
FDE11,OUT017,3572.9975206883355
DRE37,OUT045,3155.623263159236
NCK19,OUT017,3156.9213951815827
FDT19,OUT035,2798.4118448169925
FDE56,OUT045,921.4960721196917
FDZ57,OUT010,272.8032774221718
FDB35,OUT035,1547.9563141555343
FDF09,OUT010,88.96790911614863
FDO34,OUT046,2907.101412104728
FDA55,OUT046,3973.666979085076
NCM18,OUT035,1286.5700268805474
FDJ20,OUT019,252.9511445977167
DRQ35,OUT019,294.5583181286991
FDG02,OUT013,3343.711788640011
NCU29,OUT018,2122.028897976871
FDL27,OUT027,1583.3517978724585
NCA54,OUT035,2875.927710851237
FDJ32,OUT035,943.3572573745519
FDB21,OUT019,515.4538846756918
FDR46,OUT035,2675.3036879464835
FDZ32,OUT046,1678.2491340394306
DRF36,OUT017,3313.60175694997
NCU54,OUT017,3635.960961747842
NCI31,OUT017,649.6409103105378
DRA59,OUT035,2973.366580531771
NCC55,OUT045,693.2314637565313
FDE44,OUT018,624.0469394472237
NCN26,OUT018,1651.815840796972
FDC11,OUT049,1390.7090820492385
FDV24,OUT035,2186.39889535215
FDR40,OUT019,243.17434122348402
NCQ17,OUT049,2541.879187900314
FDC46,OUT045,3096.8849302878493
NCM18,OUT046,1247.8811131866992
FDK16,OUT046,1500.5159031194335
FDI28,OUT017,1257.5219282997343
FDS11,OUT018,3187.6607616959163
DRD13,OUT046,997.0348304950262
FDL36,OUT035,1339.64155044192
FDI27,OUT013,720.9355474478418
FDJ53,OUT019,282.540214468519
FDS44,OUT045,4073.8783962746215
FDE28,OUT046,3485.181897734998
FDQ33,OUT018,2134.274620414231
FDB37,OUT017,4401.091135417915
FDQ31,OUT045,1422.1660470911513
NCQ05,OUT046,2439.759373931826
FDE10,OUT013,2097.945994125631
FDF38,OUT017,620.4324295478881
FDE50,OUT019,536.60431196254
DRG37,OUT010,456.63776743166557
NCH06,OUT049,3863.7832197036773
FDY14,OUT045,4698.875993751567
FDO27,OUT017,1578.8857506377217
FDQ19,OUT049,4088.7135324287524
FDZ26,OUT019,544.4164089123972
FDN51,OUT013,4465.895393290316
FDK20,OUT035,2161.514512949346
FDD40,OUT018,2749.616507555184
DRI25,OUT018,786.4654269487994
FDH56,OUT017,1819.0595976486306
FDI36,OUT027,5170.049774409819
DRH11,OUT018,754.4517300627263
NCV18,OUT017,2133.1812745712937
DRI01,OUT049,2862.537071782622
DRE48,OUT049,3049.499134847938
FDS51,OUT035,986.5153988120368
FDM38,OUT017,799.5233763537955
FDB60,OUT027,4786.917148514173
FDY58,OUT035,4087.8455416601264
FDY22,OUT045,2170.114089163243
FDF11,OUT027,5854.597156764174
FDZ51,OUT035,1564.1911111217096
FDQ45,OUT017,3553.073895574279
FDF17,OUT035,3250.393769733698
NCF31,OUT027,3230.4500819676387
FDA37,OUT013,2072.08916713667
FDO51,OUT046,780.0413811542726
FDF34,OUT013,3020.0674079914215
FDD57,OUT018,1155.8451591421288
FDO37,OUT046,3963.411972654748
FDR49,OUT049,774.4715833051273
FDS39,OUT049,2027.6814842070016
FDI48,OUT027,1471.581642863109
DRM35,OUT049,3029.4928563752533
FDV57,OUT035,3098.321331687151
FDZ55,OUT013,2575.4476170537287
FDI28,OUT035,1172.7877334382947
FDS21,OUT045,966.4756471303009
FDT34,OUT013,1643.379629117186
DRI25,OUT035,963.4693875152519
FDT47,OUT010,219.30524000976314
DRH39,OUT045,1124.1798413207673
NCD54,OUT045,2462.1220057677406
FDU16,OUT027,2239.2585453235038
NCW29,OUT045,1859.5091534774754
FDV25,OUT027,5587.70295924505
FDM56,OUT035,1643.5644176761039
FDZ04,OUT027,2029.6772206533808
FDG59,OUT019,58.34937958771291
FDI56,OUT045,1348.3224438687873
FDS33,OUT035,1482.376059270518
FDC23,OUT049,3099.666698866058
FDT11,OUT049,3220.635198385293
FDG17,OUT045,4389.728093003474
FDZ44,OUT045,1794.1306029125453
FDJ52,OUT013,2436.0669459814167
DRI23,OUT046,2583.0378343463567
DRE15,OUT010,205.89116348024618
NCF07,OUT013,1629.6961496744436
NCR29,OUT049,796.082547678088
FDE44,OUT019,121.99539956630105
FDT23,OUT035,1318.84912334444
NCG06,OUT017,4106.145249975391
NCU41,OUT010,549.9741208782795
FDH46,OUT017,1716.4326662684557
FDV31,OUT013,2806.3071165971137
NCT41,OUT027,4788.454206645795
FDE22,OUT027,3807.781420156366
FDC26,OUT045,1735.205009828628
DRF51,OUT017,643.0009722051876
NCY53,OUT019,291.7022181426546
FDY21,OUT017,3224.017256809827
FDL27,OUT013,979.5408662468543
FDZ34,OUT049,3558.960577530975
NCF43,OUT010,362.90041225402985
FDC21,OUT035,1686.388287754715
FDL26,OUT013,2513.300090237978
FDT25,OUT010,250.6776905931269
NCR30,OUT046,914.273828613342
DRL23,OUT019,239.03342494347405
NCR05,OUT049,3141.417111751798
NCE19,OUT018,755.0121426773627
FDY07,OUT035,793.0603992122166
FDB10,OUT017,3985.4578552962294
FDP57,OUT013,1649.6592356366004
FDU48,OUT019,302.3660335368202
FDH48,OUT035,1374.016532803955
FDO33,OUT035,1905.154170900794
NCU29,OUT045,2306.3278609617964
FDW35,OUT046,851.1476806844895
FDH05,OUT010,573.6601518244111
FDP26,OUT049,1601.2900303086085
DRG27,OUT035,691.9146398417507
FDQ33,OUT046,2598.476739256479
FDH20,OUT010,207.3347898103838
FDV14,OUT046,1337.3520493067667
DRD01,OUT046,902.3521583918962
NCI17,OUT049,1531.911432313468
FDF39,OUT010,592.7542823033573
FDX37,OUT046,1725.6928228269828
NCX17,OUT035,3293.170246306885
FDN03,OUT013,4152.022568422607
NCS41,OUT010,422.67579670683847
FDH34,OUT045,3211.8452756006577
NCX53,OUT018,1721.1364068807734
FDY31,OUT046,2288.27550492738
FDD20,OUT017,2183.5088990609943
FDE51,OUT045,742.5213569279113
FDV27,OUT046,1353.7360711741412
FDF16,OUT035,2330.7511140440565
FDZ02,OUT049,1479.9524781449456
NCK05,OUT045,968.9657021665861
FDM12,OUT027,4567.824892234752
NCA05,OUT018,2009.4610887402043
FDX33,OUT045,2530.851269088285
FDM25,OUT049,3141.833200829293
FDE41,OUT018,1330.304951706241
FDW14,OUT045,1318.0574336535012
NCD30,OUT046,1526.4661690573662
FDB23,OUT010,576.4161753945327
FDF45,OUT046,932.2804551954698
FDW20,OUT017,2347.545822111571
FDF47,OUT045,2987.3111743709887
NCR05,OUT019,670.9318345968663
DRB01,OUT046,3183.3112360719865
FDE36,OUT013,3022.338378928038
FDU56,OUT049,2990.4729566733477
FDB23,OUT049,3926.1724062923236
FDN48,OUT049,1344.435517964649
FDS43,OUT013,3039.4329263423424
NCN05,OUT013,3339.3855867693287
NCL53,OUT049,2854.7602685753427
FDL56,OUT046,1350.1929603820734
FDH17,OUT018,1376.006089231339
FDP37,OUT046,2186.1971256202496
FDG09,OUT019,520.6622383251979
FDA55,OUT045,4075.2707354067265
FDX31,OUT049,4047.234522269321
FDJ41,OUT045,4354.888661287988
DRC24,OUT045,2581.4738411467088
FDQ21,OUT035,2276.7705831694766
NCT54,OUT045,1488.1217355574054
FDH08,OUT049,4102.047028001867
FDY38,OUT018,3924.173041040861
DRM11,OUT010,576.5266057451072
FDG32,OUT049,3301.9072791306435
NCH18,OUT046,3929.7907290046255
FDI20,OUT035,3868.9898537759236
FDA33,OUT018,2337.6725020803656
FDN45,OUT013,3402.7651418018436
FDT45,OUT010,165.00788393628562
FDR32,OUT035,3935.6928981072706
FDA48,OUT017,3665.489343565217
FDN23,OUT017,2591.0176168480307
NCR18,OUT035,690.1686623120738
FDD45,OUT046,1412.8911973233803
FDI22,OUT018,2834.3840867033523
FDT09,OUT013,2264.964636775533
DRC24,OUT027,4077.1037923386043
FDT39,OUT046,2209.9138546980976
FDX28,OUT045,1551.2116412621142
FDA50,OUT018,1300.9471048547464
FDT33,OUT027,4365.830729267068
FDQ60,OUT049,2092.034011794394
NCM19,OUT018,1662.273518184519
FDF40,OUT046,3897.3532816623256
NCI30,OUT035,4066.3713197697834
FDK34,OUT049,4006.560610182111
FDA38,OUT027,5851.767588723351
FDT02,OUT045,614.2974846118293
FDC11,OUT017,1337.459401798816
FDD08,OUT046,686.9029932905547
NCS29,OUT046,4977.6371088270325
DRI03,OUT010,512.5537189673881
FDK48,OUT035,1047.6929816055695
FDM52,OUT049,2511.4739312537176
FDP49,OUT035,854.9313148882895
DRA24,OUT046,2481.0824064731582
NCJ43,OUT049,2900.728445712657
FDE11,OUT045,3422.4065421808123
FDP01,OUT049,2191.4007807644257
FDQ59,OUT018,1260.7207436486137
FDA43,OUT019,479.49504111700446
FDL14,OUT017,2227.1286600070543
FDV50,OUT010,223.13002786636775
FDT01,OUT027,6270.906856512764
NCC42,OUT035,2023.49089823038
FDO28,OUT046,1915.1423626191972
FDD32,OUT019,227.21599511966596
FDV45,OUT035,3098.6814283503163
NCW17,OUT019,338.89186874982596
NCJ17,OUT027,2599.8996146045274
NCF18,OUT049,3058.5572923816826
FDP01,OUT045,2234.153888679792
FDH24,OUT045,2572.054044112883
FDI38,OUT027,6150.118921811783
FDX03,OUT035,671.2714568987882
FDY28,OUT046,3228.0004292685194
FDN34,OUT018,2434.736120995933
FDJ02,OUT045,2530.723154797324
FDW40,OUT019,280.0777153384489
FDX03,OUT017,672.3016258060596
FDE17,OUT027,3709.738553330723
FDT58,OUT046,2761.2684043609147
FDI38,OUT013,4002.651675876153
FDW22,OUT035,4044.1219738810328
FDS15,OUT027,2746.6546405646245
NCX06,OUT013,3485.3027983099387
DRK47,OUT035,3924.998435846728
FDC23,OUT027,5583.656763543096
FDM56,OUT010,235.28364702714308
FDP21,OUT046,3275.1725758736015
FDP58,OUT046,3270.138727520407
FDA27,OUT019,528.6235177587569
FDK41,OUT019,236.9176548644043
NCH42,OUT046,3962.2985266119417
FDG29,OUT045,689.3886250245944
FDW15,OUT018,1983.5101713681447
FDD28,OUT018,779.9085023845566
FDQ37,OUT049,3818.5718584611227
FDC23,OUT035,3606.679217940776
FDV13,OUT035,1295.6010348601685
FDK33,OUT046,3739.320913161511
FDO33,OUT013,2400.8452589878502
FDN21,OUT017,2487.269189655958
NCW06,OUT027,5109.429445794482
FDI38,OUT035,4355.411885183872
FDC21,OUT027,2488.193674477378
NCS05,OUT046,2101.271524452925
NCN53,OUT049,710.7085234796547
FDV40,OUT010,161.51618589704464
FDG60,OUT017,4083.0318652543956
NCY30,OUT027,5280.717041734704
FDM40,OUT045,2152.241211799453
NCO30,OUT046,3166.0934392245135
FDK10,OUT046,2780.407594031957
FDM36,OUT045,2840.3570468917455
FDN10,OUT013,1976.3884907054257
FDM46,OUT018,1202.8082228813323
FDX50,OUT049,1706.595668448593
FDP33,OUT045,3917.6468381954196
FDO12,OUT045,3248.7640713625647
FDC28,OUT013,1761.7937323714173
FDO31,OUT045,1438.9287197440624
FDX45,OUT035,2641.459427967984
FDV21,OUT049,2229.2921744289797
FDH04,OUT049,1374.5160671412275
NCG54,OUT013,2967.7150862343656
FDO13,OUT046,2551.019377992378
FDA09,OUT027,5524.601708619382
FDC38,OUT017,2104.3898933188093
NCO42,OUT046,2423.019935231716
FDL45,OUT049,2100.944516448768
NCK31,OUT013,759.4329911719483
FDM39,OUT017,2978.1948442525486
FDC22,OUT010,440.2991331513875
FDF46,OUT046,1836.1682646496683
FDQ37,OUT045,3797.3633895630624
FDH41,OUT010,571.544652538617
FDQ04,OUT046,684.1201891667405
NCQ02,OUT027,3821.684112345872
FDJ57,OUT027,5384.910770666927
NCE07,OUT049,1980.9643992681708
FDE56,OUT013,819.8503143555163
FDI20,OUT049,3620.0550108792754
FDK36,OUT018,715.2910981367421
FDP08,OUT027,5626.286247292982
FDF44,OUT017,2141.4374339481765
NCU53,OUT017,2597.12074274344
FDF47,OUT035,2983.2174562821892
FDS55,OUT010,349.5004490757914
FDZ52,OUT010,234.84737581781715
FDL04,OUT018,1346.81974744684
NCM26,OUT035,2486.330988679835
FDX43,OUT049,2975.229706946337
FDP52,OUT049,4259.4939208953865
DRK49,OUT045,679.5592470450684
FDE38,OUT013,2489.736440198206
DRF13,OUT035,2598.887232736761
FDK41,OUT010,194.58414199719212
FDJ04,OUT027,2850.5793878751924
FDZ44,OUT018,1682.6242717627022
FDS11,OUT013,3807.738481894183
FDA55,OUT049,4027.262938490815
NCW53,OUT046,3052.3541334879437
FDB49,OUT027,2501.985856696105
FDD23,OUT017,3609.123802659185
NCV42,OUT045,1738.3162171563447
NCZ29,OUT018,1812.5877665266758
FDQ26,OUT013,679.0212407589212
FDV08,OUT017,656.5522668815022
FDC53,OUT049,1515.7508532533902
FDV58,OUT010,526.254609376969
NCP02,OUT019,181.6204134642134
DRI37,OUT045,891.3644459980665
FDQ12,OUT049,3961.560931835845
FDE33,OUT046,1415.4013734040082
FDX27,OUT045,1531.5758125755062
FDM22,OUT017,771.9289862234847
NCH30,OUT019,277.25336589166386
FDC04,OUT017,3700.305707038538
FDO38,OUT046,1223.1381653463022
FDV52,OUT027,2962.570963386638
FDB32,OUT013,1674.6127572982755
FDV43,OUT018,640.7622526804934
FDI24,OUT018,2460.102491633364
FDR40,OUT017,1353.8142158346434
FDW02,OUT049,2059.7554014379803
FDE44,OUT049,705.1261655546264
FDL38,OUT046,1338.657484196117
NCT54,OUT010,194.29483472000788
DRJ39,OUT010,579.3652895594563
FDW55,OUT049,4141.120305700154
DRF13,OUT019,355.87636281200844
NCW17,OUT049,2315.5734799826228
FDP13,OUT035,679.9095781196007
FDS08,OUT018,2704.44551960171
NCP17,OUT035,959.1458326773712
NCO53,OUT035,3262.5841071514146
FDH19,OUT045,2672.3202031088267
FDJ04,OUT017,2174.971412132582
FDG10,OUT049,761.4548507171041
FDA40,OUT010,192.68789061001496
FDI53,OUT045,2517.187460156094
FDU09,OUT010,183.19335237062728
FDK60,OUT045,1587.2933512986356
FDR43,OUT017,577.5701160046133
FDW22,OUT017,3720.134576040181
DRP47,OUT010,556.2069821322441
DRG48,OUT010,548.9185466226359
FDA14,OUT035,2569.2291390109594
FDU49,OUT013,1370.2698087175177
FDK28,OUT045,3842.735708019877
FDT19,OUT046,2931.844770567619
NCQ42,OUT045,1974.2059808753577
FDD03,OUT045,3433.9091401277146
NCM53,OUT013,1685.5209418553914
NCX53,OUT045,2206.1761371316793
FDV14,OUT027,1994.0621714194322
NCZ54,OUT017,3204.323391260907
FDB39,OUT013,765.8216845742155
DRC24,OUT046,2498.2674581285137
FDY36,OUT013,1227.3215658341114
FDN01,OUT035,3233.6072469332157
DRH25,OUT046,873.0984936318325
FDV08,OUT046,810.2312151503379
NCP53,OUT049,4142.2471837272205
FDU52,OUT010,609.4241030438088
NCI42,OUT045,3318.116409066896
FDZ14,OUT035,2084.806381407828
FDF11,OUT046,3952.048056233312
FDQ13,OUT018,1394.692789265001
FDO32,OUT010,175.72568432014083
DRJ37,OUT018,1973.3332794087628
FDY43,OUT046,2860.532333380924
NCT41,OUT017,2522.936715548593
NCV17,OUT045,2288.042099464585
FDM04,OUT027,1505.7877149251392
DRB48,OUT018,359.1362786018043
FDM24,OUT013,2247.1341551019436
FDT37,OUT049,3994.6154479240295
NCO05,OUT010,305.03518154921954
FDL13,OUT046,3950.9861130044424
FDL15,OUT017,2514.0370273740677
FDB11,OUT018,3119.8984903255996
FDL14,OUT019,355.37425924872286
FDY10,OUT019,291.00266115822876
FDJ40,OUT049,1710.2002432756435
NCW18,OUT046,4068.577469895074
NCY06,OUT013,2176.993478294027
DRE13,OUT018,1320.7194592947615
FDA26,OUT045,3413.501146044081
NCE19,OUT010,184.56438940199044
FDE33,OUT035,1320.7284203772444
DRL59,OUT027,1452.5862103806253
FDY07,OUT046,929.8331515680874
FDF57,OUT018,2228.591879813639
FDM58,OUT035,1681.5252551690528
FDP26,OUT027,2310.7731543379473
FDY32,OUT046,2628.1724038395027
FDD51,OUT010,120.45709687633072
FDU22,OUT018,1801.594615423268
FDZ49,OUT018,3812.6695203313016
NCI42,OUT017,3550.181915952743
FDT04,OUT027,750.9093526491741
NCU41,OUT045,3063.927738936335
FDS56,OUT045,3652.430571750492
NCN42,OUT017,2651.598081684532
FDK34,OUT046,4046.518162385613
FDB03,OUT017,3755.393705689654
DRJ25,OUT035,805.7696868204885
FDT25,OUT027,3479.9841074069404
FDN20,OUT013,2804.069311474845
FDP09,OUT013,3536.370255185806
FDM20,OUT019,503.94644335624355
NCG55,OUT046,1966.3056445219888
NCP14,OUT045,1728.5269178307267
NCH06,OUT046,3755.5347776823855
FDV52,OUT013,1764.9405086892218
NCL07,OUT035,646.3036325844997
DRJ11,OUT027,5334.60307147671
DRO59,OUT013,1191.9652348356437
FDW15,OUT010,317.1437844058169
NCQ30,OUT035,2033.7973020365362
NCN54,OUT019,177.50971243245252
FDY01,OUT027,3460.8688650153617
FDX39,OUT035,3815.065341640178
FDH53,OUT027,2161.975360252026
FDA57,OUT035,666.0740571891187
NCC07,OUT010,248.71257556816727
FDU28,OUT013,3097.5678707931183
FDK36,OUT010,104.86077686859315
FDR36,OUT018,522.2794569031071
NCQ17,OUT035,2482.9560832993666
FDS28,OUT019,158.05705853332202
FDE08,OUT045,2556.5794324176327
FDU22,OUT046,2047.2883543989271
FDG41,OUT045,1635.4625898568474
FDO31,OUT010,209.22288497955668
FDM21,OUT019,527.2574250323917
FDU40,OUT017,2960.8477679232774
FDV36,OUT018,1651.630131300332
FDT10,OUT027,1714.621710086523
FDX38,OUT045,706.9079089787448
NCU30,OUT027,3906.371163674387
NCV06,OUT049,3251.8027722280003
FDT16,OUT035,3912.175367975642
NCP41,OUT027,2597.6553591933734
FDZ56,OUT017,2901.974363329882
FDC22,OUT035,3165.5249720032234
FDU10,OUT035,688.4594460799406
FDS46,OUT045,1805.6145319005486
FDO08,OUT049,2784.0677070760353
NCV42,OUT018,1627.1360599295
FDP33,OUT035,4010.6657777112555
FDJ12,OUT046,3721.008750892367
FDH04,OUT045,1407.745113359223
NCU54,OUT013,3204.654916025604
FDO36,OUT010,542.3062044529871
FDT37,OUT027,6561.413834889794
FDD14,OUT010,565.1964023211575
FDA16,OUT013,3476.162200732614
NCS42,OUT019,246.16822669481186
FDP10,OUT019,248.8959772954822
FDQ28,OUT049,2509.2785697206778
FDK57,OUT010,218.34056579416819
FDK02,OUT013,1957.9081349389644
FDW47,OUT018,1781.3845195590757
NCC42,OUT018,1907.2418573984105
FDQ37,OUT018,3174.964491193255
FDL40,OUT046,1510.7140496849936
DRE13,OUT010,195.9746851771858
FDQ34,OUT027,2887.906627130584
NCB54,OUT046,2001.0348310140755
FDS48,OUT049,2498.1649593367147
FDO15,OUT045,1050.9496387276197
NCT30,OUT013,753.5357126011426
FDU49,OUT027,2602.8107858355197
FDE21,OUT046,2143.9270754859394
FDS49,OUT019,229.09239594384954
FDT38,OUT027,2017.3991875820911
FDZ01,OUT045,1651.5910075965207
FDC41,OUT035,1193.3425571594528
DRG13,OUT010,448.8596460556613
NCZ42,OUT018,3400.5187896465504
NCM07,OUT045,1350.3235130626326
NCV17,OUT018,1700.8642081413311
DRK39,OUT035,1341.2518595115666
FDS37,OUT018,1624.9402106225266
FDV12,OUT019,259.25740039777446
NCG19,OUT018,4067.0996457421875
FDS51,OUT013,808.3684759961056
NCO14,OUT046,710.9169293563236
FDC38,OUT046,2121.2966368907646
FDN15,OUT046,2051.656700219425
NCH42,OUT013,4036.5180981560725
FDQ22,OUT046,605.4735145767548
FDC05,OUT013,3113.1481949585605
FDZ31,OUT013,3147.607887263162
DRJ23,OUT049,3027.183712741849
FDC52,OUT035,2423.5383986852958
DRD12,OUT010,189.00349800549114
FDV55,OUT017,2490.890760877636
FDD32,OUT046,1285.940186066807
FDR01,OUT049,3338.507598769576
FDY08,OUT019,468.68487697293887
FDQ45,OUT045,3240.599779703754
DRN11,OUT027,3560.0287618040993
NCS05,OUT018,1758.2062579568696
FDY32,OUT035,2565.6696452226415
NCD31,OUT045,2968.8920068589728
NCE06,OUT049,2521.363903758795
NCP14,OUT046,1825.1311029500223
NCF18,OUT019,483.2604620658369
FDF14,OUT018,2266.0539137976234
FDB22,OUT017,2187.217615020251
NCH54,OUT049,2863.427171927278
FDU27,OUT035,719.8978234609439
FDS58,OUT027,4296.2849008709645
NCU29,OUT035,2603.9003507677935
FDJ57,OUT013,3497.892993920327
FDL56,OUT049,1328.2352940895396
FDH60,OUT035,3081.7989648885678
FDN24,OUT018,795.9874478148138
FDD02,OUT017,2414.4064699402998
FDP15,OUT017,4275.704267658516
FDB28,OUT027,5343.344320533277
DRC49,OUT045,2539.905790317509
NCG30,OUT018,1825.1151171399708
FDJ14,OUT049,1243.5068575961948
FDL52,OUT045,673.9651715811474
NCG19,OUT027,6520.721325534309
NCN41,OUT035,2090.144089785737
FDW22,OUT013,3933.239433486615
FDI02,OUT013,1909.3800824308498
FDV51,OUT045,2604.6632085683436
FDV48,OUT046,1309.6635739937303
NCL17,OUT019,323.87358674875827
FDP46,OUT045,1376.321841143718
FDU10,OUT045,593.3502877528917
FDT37,OUT010,563.2813516574901
FDI27,OUT035,742.7186629564327
FDN51,OUT046,4433.38316698018
FDW07,OUT035,1236.2411094897152
FDN45,OUT049,3332.194325815377
DRN37,OUT027,4955.385811844016
DRF48,OUT049,3156.2997317548893
FDP38,OUT019,163.93216599437233
NCX18,OUT027,4402.074713107205
FDK45,OUT018,1652.7016576783963
FDZ37,OUT049,1314.5884234970165
FDS50,OUT018,3185.871043888508
NCR54,OUT018,2740.657764642732
NCS17,OUT035,1595.54358332573
FDV31,OUT046,2663.8434297473364
DRE27,OUT017,1528.556526283184
FDN60,OUT013,2722.893051715422
FDK26,OUT013,3374.8521768402106
FDX37,OUT018,1274.3252352437287
FDW31,OUT046,3018.6135425746675
FDX26,OUT018,2577.326445746232
DRL49,OUT019,316.2275241170592
FDU49,OUT017,1431.2238236013272
FDY58,OUT046,3967.3058710130194
FDN03,OUT045,3967.553057488208
NCV06,OUT010,499.1386236364149
FDH53,OUT045,1331.3377624492973
FDG31,OUT018,934.0862681961313
NCC06,OUT045,2487.7068004841735
FDS13,OUT049,3906.904659895445
FDP16,OUT035,4268.073288920296
FDA35,OUT013,2152.4190708715505
DRP47,OUT018,3793.6603326083127
FDY28,OUT010,607.829594187694
FDY20,OUT035,1346.3470736383342
NCH30,OUT017,1685.028367365988
NCR29,OUT019,157.5694788163448
NCP05,OUT013,2506.262696537522
NCF30,OUT019,282.83391692878814
FDA08,OUT035,2942.5024812894176
FDN51,OUT027,6840.9790831955
FDH12,OUT046,1691.0795986986302
FDY39,OUT017,3653.899986454379
NCO53,OUT045,3040.8426207456414
FDB40,OUT046,2555.2046805114105
FDH02,OUT049,1246.3238359287614
FDY11,OUT027,1674.340520969808
FDQ09,OUT019,302.30631666652624
FDP16,OUT013,4197.629447580194
NCF55,OUT018,287.07302915552276
FDY09,OUT027,5259.502877963517
FDY39,OUT045,3820.7300496304356
NCU53,OUT049,2533.415607092159
NCT41,OUT049,2455.747577581673
FDJ45,OUT046,647.4178439943107
FDR28,OUT013,2722.5644401842765
FDN08,OUT013,1888.0873130102325
FDJ07,OUT049,1928.1398448471448
FDZ09,OUT027,3836.898295902712
FDQ14,OUT017,2459.9356146655655
FDY12,OUT027,1334.687874953138
FDK57,OUT046,2057.029807533522
FDD20,OUT049,2106.209238985776
FDS36,OUT018,1624.7405410807548
FDI40,OUT049,1669.4596691027139
FDJ40,OUT045,1702.4411629007657
FDE08,OUT013,2516.6107957010813
DRK01,OUT013,1467.4923575430971
FDC58,OUT049,700.0684103567094
FDE50,OUT046,3175.614013180511
FDX48,OUT035,2537.6241581711474
DRM35,OUT018,2418.409400896779
FDG41,OUT013,1687.0872228877895
FDB52,OUT046,3584.4559680957955
FDV19,OUT045,2790.711205462131
DRG48,OUT017,2618.4625633265664
FDI26,OUT013,2912.6897036101054
FDU11,OUT019,293.5526929389771
FDF59,OUT019,299.29340416984707
FDR07,OUT049,1560.7340955937893
NCE06,OUT017,2454.2148007860987
FDE10,OUT046,2095.3802547650644
NCO55,OUT046,1629.8464959649903
FDZ13,OUT013,817.5578108136369
FDT50,OUT017,1584.902402738979
FDH12,OUT010,208.76922179339314
FDD21,OUT045,1933.1528000804328
NCM05,OUT013,5392.677888900724
FDK04,OUT013,802.1986476806264
FDN33,OUT017,1541.690271741538
NCM18,OUT010,169.03879908009284
DRC25,OUT049,1498.8646941357222
FDT47,OUT017,1835.6872174960706
FDD45,OUT027,2565.665383991555
NCD07,OUT018,1740.5574765605304
NCY54,OUT010,448.6842774918008
FDL12,OUT049,836.8796523557565
FDL02,OUT017,1796.2471518250854
FDC60,OUT035,1820.8119542435174
FDR37,OUT017,3164.710990565563
FDY16,OUT017,3309.295977810137
FDU26,OUT045,2054.0000305198623
FDN24,OUT013,835.7503081009437
FDH44,OUT013,2511.0072784013105
FDE23,OUT010,101.79970888944075
FDW60,OUT017,2936.8875132818384
FDQ55,OUT049,2017.3438163025735
FDV32,OUT027,1730.949898664555
FDV03,OUT010,287.25228267408687
FDY14,OUT010,515.9988842806839
NCL55,OUT027,5453.819192494525
DRF25,OUT017,702.3331479167609
FDX03,OUT046,666.6728203883011
FDF40,OUT045,3813.0432664923324
FDX24,OUT010,192.87802197739182
FDA25,OUT049,1697.8614097717739
FDH21,OUT018,2803.240421324157
FDB47,OUT010,638.3364872070596
FDT34,OUT019,345.1028299949562
FDS39,OUT010,339.3636992059749
NCU05,OUT046,1355.9360930270566
FDE02,OUT049,1366.853904523467
FDL25,OUT035,1290.1899057449796
FDC50,OUT049,1534.9174513061164
FDZ32,OUT049,1672.6131013807108
FDV14,OUT045,1409.2266085711901
FDR07,OUT045,1561.7851105330408
FDB26,OUT049,799.7014648735319
NCR50,OUT045,2639.3529187576137
FDP01,OUT018,2043.211442804298
FDH57,OUT045,2066.7760395820455
FDM60,OUT027,1021.4821765002393
FDA45,OUT017,3687.6460018493603
FDU55,OUT017,4809.893799971013
FDH40,OUT035,1311.0644897463872
FDG40,OUT019,62.84787387066618
FDT12,OUT049,3844.8926355101216
DRL59,OUT045,806.8660193472025
FDT47,OUT018,1475.6946426690854
FDI60,OUT017,976.4648628896363
DRF51,OUT027,873.2323254019356
NCK31,OUT049,742.4557062520767
FDB08,OUT045,2480.5059038195996
FDM44,OUT035,1690.325484283535
FDD46,OUT018,2378.89236442242
FDR27,OUT019,333.57477854564587
FDV56,OUT010,248.33031034249183
FDM02,OUT049,1367.247568807908
FDU45,OUT018,1855.4675178682892
FDZ10,OUT017,2161.9552079197797
NCK31,OUT010,96.81200717658632
FDR27,OUT035,2123.3716450001307
FDF33,OUT013,1776.7476501174115
FDJ36,OUT046,1632.0346826619052
FDP33,OUT049,3928.632204982305
FDG17,OUT046,4239.691470294049
FDG47,OUT027,3864.7226761510437
NCW29,OUT046,1869.5370379810308
DRH59,OUT017,1039.2411835103676
FDR32,OUT017,3839.3480210345874
FDP48,OUT035,3878.1249464709877
FDG17,OUT035,4304.330265192096
DRJ59,OUT017,644.8150639497753
FDY48,OUT027,2630.361235647117
FDB02,OUT046,2840.203277793881
FDN10,OUT019,293.2807325238707
NCD55,OUT035,727.7225063287842
FDX34,OUT013,2227.095857331297
FDZ38,OUT045,3798.5909472107537
DRF37,OUT049,4419.722572215283
DRL47,OUT019,283.0029932626462
FDL27,OUT035,1052.297409383872
NCP53,OUT035,4146.99839127064
FDT03,OUT019,437.02801694449505
FDJ28,OUT035,3196.2636554583655
FDF40,OUT018,3422.135149985351
FDA32,OUT035,3526.8882328124023
NCP02,OUT017,756.7649871172057
FDZ31,OUT045,3224.4006524207903
NCQ29,OUT013,4083.0654631196066
FDP57,OUT010,242.3787198947123
FDL32,OUT027,3568.2968429522944
DRB01,OUT035,3137.6276081490732
FDJ40,OUT046,1706.236763365331
FDO24,OUT018,2178.5121928390263
FDO11,OUT018,3262.54249591654
FDA56,OUT035,2061.5065786012374
FDF02,OUT045,1706.063004291343
FDA10,OUT013,2113.8392292749545
NCI55,OUT017,2554.999513410771
FDZ40,OUT010,208.97697744753924
FDV08,OUT049,680.4907865824384
FDN48,OUT013,1350.5271711273235
FDU57,OUT017,2283.679081242722
DRF49,OUT013,1873.7263598893746
FDS02,OUT035,3201.6099376662214
FDS43,OUT046,3115.0940677224758
FDT16,OUT013,4383.284091784676
FDX19,OUT027,6540.672589742346
FDK15,OUT046,1607.915047568288
DRA12,OUT049,2055.753597120468
FDY35,OUT017,770.5506880775918
NCU42,OUT013,3150.039688925928
FDD26,OUT013,3229.1339237231964
FDR11,OUT018,2860.0459788340536
NCP53,OUT045,4104.5883076072505
FDP34,OUT045,2651.465444998512
NCV41,OUT019,380.6969492132567
FDN20,OUT018,2283.40436420059
FDZ16,OUT018,3175.118267870934
FDZ28,OUT049,2050.307466285814
NCL55,OUT013,4101.19936798254
NCJ17,OUT046,1339.480506811556
FDT37,OUT046,3935.4012389210834
FDV51,OUT049,2763.477316183307
FDZ28,OUT035,2047.4434497761872
FDN27,OUT013,1812.449828853408
FDS14,OUT019,321.2822673737532
FDZ58,OUT045,2136.1509303342996
FDD46,OUT046,2176.9330188777767
FDJ03,OUT035,668.6423055685481
FDU03,OUT010,556.6685511292571
FDA33,OUT027,3115.840360721954
NCW53,OUT035,3085.8406481344787
NCC55,OUT017,619.9961369345029
FDP52,OUT019,541.8180075655969
FDE39,OUT049,2090.540436921005
FDB44,OUT035,3490.668904094558
FDG59,OUT013,660.4679957933622
FDI05,OUT013,1198.967992641669
FDF59,OUT045,1977.7831578989944
FDM39,OUT019,467.4942161335155
FDB14,OUT013,1462.3503634021313
NCS05,OUT019,339.0973944740175
DRJ35,OUT045,840.969615061239
FDO31,OUT019,235.51797464572053
FDA31,OUT046,2745.3254307108455
FDX40,OUT049,664.2385480534925
FDW56,OUT045,3269.3022869118554
FDH09,OUT018,722.8597842267012
FDA52,OUT019,393.7040138432964
FDF20,OUT019,492.56453967070746
FDE40,OUT046,926.0687461156361
NCU17,OUT046,2165.3231066057474
NCP14,OUT035,1791.1059214680506
FDN25,OUT027,2069.496616652346
FDU39,OUT049,873.1282999054741
NCM05,OUT017,4781.919552116142
FDU07,OUT017,2523.0080169182315
FDF28,OUT049,2039.9228481424059
FDR57,OUT049,2504.4741652580697
FDJ33,OUT013,2040.7317677949954
DRH23,OUT035,964.210219718653
FDQ52,OUT046,4187.1943169542
DRK13,OUT035,3224.8741743180335
FDP09,OUT046,3793.0135930423567
FDR08,OUT027,2587.8078194719355
FDV50,OUT045,1993.9239888485085
FDT13,OUT049,3336.6877499304865
FDJ27,OUT027,3213.1951963127995
FDH21,OUT046,2954.5369712202173
FDW14,OUT027,2056.4159354342137
FDL52,OUT049,712.0149614549376
FDW28,OUT017,3126.9790746103768
FDL40,OUT049,1521.5044349201376
FDE24,OUT046,2138.220038185596
FDX35,OUT049,3618.935798821218
FDP46,OUT017,1351.1598816057985
FDX56,OUT045,3727.0982066531947
FDQ45,OUT049,3265.8646792780664
FDK50,OUT027,4038.1408988634903
FDY26,OUT045,4498.039104986771
FDQ09,OUT017,1837.0249855025943
FDN39,OUT049,3312.5792030726802
FDP13,OUT017,665.0108094307734
FDR51,OUT013,2424.7293363691847
FDZ49,OUT010,629.8532232574496
FDL28,OUT018,3134.955472311783
FDZ10,OUT035,2115.9943056837014
FDK38,OUT013,2229.41335534045
DRL49,OUT027,3453.3903567478333
FDR15,OUT013,2375.837520506515
FDQ24,OUT035,4380.949758953764
FDD56,OUT013,2912.3364073180915
NCR42,OUT046,616.1807566997228
FDH52,OUT045,1044.907825059214
FDH57,OUT019,299.2653602266879
FDR15,OUT010,360.52512838479794
FDJ34,OUT035,2080.360187254682
FDW37,OUT035,1414.6009480934313
FDQ23,OUT018,1389.7607001917331
FDP34,OUT013,2657.893500736465
FDE04,OUT027,5173.654128989781
FDC48,OUT045,1363.4429507850393
FDA47,OUT019,339.2471349142836
FDI35,OUT018,2796.826770629002
NCV05,OUT013,2372.4355836758396
FDR28,OUT045,2778.6860757430895
FDH31,OUT017,1596.196459712165
FDP59,OUT019,245.29740305083178
FDS19,OUT018,1038.142715799103
FDM60,OUT045,665.4950593303251
FDJ44,OUT018,2656.086027740295
DRH51,OUT017,1264.6999081917556
DRC25,OUT017,1523.2680446581558
DRE25,OUT013,1477.4360660264385
NCX05,OUT049,2037.9314982966382
FDR11,OUT017,2589.082215156073
DRP47,OUT045,3900.015513023347
DRC49,OUT019,372.756858240031
FDQ47,OUT027,873.3053977432012
FDL20,OUT013,1738.7432957526037
FDM34,OUT035,2304.0372881113694
NCN55,OUT013,4239.973374909015
FDD41,OUT035,1686.6628048035514
FDE52,OUT049,1302.6085896323864
NCT18,OUT019,369.83699139781197
FDJ32,OUT018,839.0670395025938
FDE16,OUT046,3665.535230465458
FDZ09,OUT045,2666.5582156461232
DRZ11,OUT046,2046.860628280434
FDK41,OUT049,1274.7237894126865
FDE56,OUT049,872.3523621333069
FDH34,OUT013,3208.7518589937013
DRI49,OUT013,1287.639599532869
DRI59,OUT046,3732.0476748198976
DRC36,OUT049,2781.762357236973
FDS15,OUT019,251.43857231727787
FDI07,OUT018,3124.405077472091
FDZ15,OUT018,1659.2360388486197
NCX41,OUT027,5817.739224612493
NCO29,OUT019,361.3581670686833
FDF57,OUT013,2835.0449520830066
FDI33,OUT035,1377.065250780535
DRJ47,OUT049,2690.264243324716
FDB34,OUT046,1378.4604658926423
FDY22,OUT027,3568.1079358566676
DRL11,OUT017,2595.949869823872
FDY46,OUT035,3046.9633272449823
FDG17,OUT013,4327.143330793837
FDE52,OUT018,1281.719624092219
DRP47,OUT027,6171.904070688904
FDO01,OUT010,325.99576054902593
FDL09,OUT046,2675.7098643559193
FDR57,OUT013,2353.3918814090084
DRD37,OUT035,839.701832077178
FDQ36,OUT027,833.7633306706317
FDL33,OUT049,3185.795540309836
FDL48,OUT045,678.975877924425
FDL28,OUT049,3753.192805031992
NCN29,OUT046,777.0291441711593
FDO13,OUT035,2630.2717217912304
FDB38,OUT045,2685.152238600946
FDI36,OUT035,3171.345436688851
FDI58,OUT035,1394.7331735814887
FDH22,OUT018,1938.27227491909
FDQ27,OUT013,2050.929769198654
FDT33,OUT046,2689.3898062220787
FDC56,OUT045,1989.4162900230951
FDF14,OUT046,2260.014375362329
FDQ39,OUT017,3210.0145764638473
NCM43,OUT017,2813.3683004009504
FDS46,OUT035,2073.9406669952286
FDI22,OUT049,3467.3035773872375
NCE43,OUT045,2953.8146170512114
FDZ36,OUT010,531.7236112403106
FDR13,OUT019,263.2167656325404
FDP46,OUT018,1273.0019867176854
FDW56,OUT019,478.13694718496595
FDB40,OUT017,2570.5811482222007
FDM28,OUT018,2772.752189656738
FDV49,OUT013,4646.987669722704
NCS53,OUT018,2437.8628338244835
FDO03,OUT049,4068.6728305024762
FDT15,OUT035,3229.5533457218808
FDD33,OUT049,3715.6657622324883
FDX13,OUT017,4626.584465615562
FDH60,OUT013,2943.047466925278
DRH51,OUT046,1258.884417928863
NCL07,OUT049,743.4415712106788
FDW51,OUT045,3281.9497258064284
FDF21,OUT019,492.44300540508897
FDH26,OUT019,286.9317390845905
FDJ03,OUT049,690.3629629565039
FDU35,OUT017,1761.3878514952107
DRL01,OUT018,3051.49829999898
FDE59,OUT045,635.4085366060203
FDI60,OUT035,973.394257794781
DRH39,OUT035,1312.4876034119943
FDK36,OUT049,843.4383456295838
FDN52,OUT045,1352.504908590817
FDU12,OUT017,4036.95625011358
NCT05,OUT027,5758.504449070408
FDS37,OUT027,2907.454594498211
FDK24,OUT017,757.8577565613907
DRF36,OUT013,3226.699633300144
FDN46,OUT010,225.68320639282337
NCN06,OUT045,2706.599050763636
FDD59,OUT035,1397.02531373347
FDM14,OUT045,1756.7797273331796
FDO10,OUT018,728.8615986233634
FDU35,OUT013,1707.9870533508208
NCA30,OUT018,2815.476268605404
NCO41,OUT049,1603.6726137250039
FDI24,OUT046,2747.918493295046
FDZ16,OUT046,3104.842663857612
FDV47,OUT046,1311.3346536538336
FDV16,OUT045,600.9601207197865
FDZ22,OUT035,1387.860360439091
FDO20,OUT010,553.743434414394
FDW38,OUT013,825.9213687660416
FDW52,OUT045,2820.366012961682
FDT43,OUT019,133.0188929842555
NCS29,OUT045,4691.378580631754
NCC31,OUT017,2271.81774031507
FDA21,OUT017,3229.681027858892
FDQ55,OUT046,2058.0900106015297
NCE54,OUT049,967.693838762448
FDD45,OUT017,1444.4939372275996
NCP17,OUT017,986.8203068295594
FDR47,OUT035,3101.6219040139113
DRM35,OUT013,2976.5434236258466
FDR47,OUT019,478.380192386312
FDX19,OUT010,551.8237906716595
FDV22,OUT027,5131.626450716605
FDQ46,OUT027,3610.7347133174007
DRO47,OUT045,1708.7713761121613
FDB44,OUT010,597.2881965088128
FDN02,OUT010,567.0546914540033
FDW10,OUT045,3221.2183467503614
FDJ41,OUT019,575.7633149132063
FDM50,OUT046,858.3619409031504
FDW10,OUT035,2688.9471521615233
FDY48,OUT049,1666.4576216811647
NCE30,OUT027,5432.098012694338
FDO04,OUT045,914.1620993679055
FDQ26,OUT010,149.27276530572692
NCX29,OUT018,2012.8997707989568
FDE39,OUT046,1886.3122758812128
NCR54,OUT027,5521.080174942001
NCP55,OUT027,1602.4963547042373
FDX22,OUT017,4090.8529715642608
FDI05,OUT035,1177.3016892593396
FDC51,OUT027,3538.96959849186
FDC10,OUT013,1947.3726065296912
FDJ46,OUT045,3396.480067065829
FDV10,OUT010,98.60735542175007
FDX12,OUT027,6352.911015559249
FDL43,OUT019,209.32644679863952
DRB13,OUT046,3175.3284825079086
FDF59,OUT027,3068.8670679041807
FDT35,OUT049,2784.6075946447572
NCJ19,OUT035,977.115327057135
FDT35,OUT018,2892.796041820359
FDI48,OUT046,725.6402812782106
DRC24,OUT019,371.2870482296619
NCZ05,OUT017,1689.154973382162
FDJ57,OUT049,3692.5771703543883
FDX11,OUT017,3394.046297111756
FDE09,OUT035,1707.1747535153543
NCK06,OUT049,1986.2805517348233
DRE37,OUT017,3197.741009335683
FDV56,OUT046,1630.1330820344945
FDY43,OUT017,2850.415356389893
FDV35,OUT013,2544.159908662774
FDF05,OUT019,594.4007198016038
FDA36,OUT035,3266.122614873698
FDS13,OUT027,6674.59004806984
FDU47,OUT013,2271.1075077866594
FDI36,OUT010,472.3465628494342
FDH48,OUT046,1360.157399763008
FDZ14,OUT013,2093.1337485104286
FDS46,OUT013,2172.788250205253
FDE21,OUT017,1938.3729888969278
FDA26,OUT049,3528.4935451107012
FDV12,OUT046,1602.2278578904377
FDL46,OUT019,279.8630724560171
FDN57,OUT013,2188.74520545413
NCJ18,OUT017,2105.8719648297474
FDO36,OUT045,2859.689676977871
FDX55,OUT018,2915.7696423450197
FDT25,OUT019,280.2268704337229
FDD16,OUT049,966.4051731729054
NCX18,OUT013,3197.038756827631
NCG55,OUT018,1622.5795105836617
NCV18,OUT049,2021.7422596644892
NCS18,OUT035,1686.8539441329162
FDC37,OUT045,1658.7382076468975
FDE47,OUT046,2036.632818941687
DRG49,OUT019,517.8913754813595
FDC39,OUT049,3671.974706569108
FDH24,OUT019,401.2601574518796
FDV39,OUT027,4212.573924877128
NCL17,OUT045,2171.631972269288
NCY53,OUT035,1986.8474000267636
FDH52,OUT013,1045.1175486164434
NCD19,OUT018,707.3530587421451
FDI44,OUT046,1173.526802468273
DRD49,OUT027,6649.941234665453
FDN08,OUT035,1907.2931992288034
FDO20,OUT027,7354.5807703010805
FDY02,OUT046,4123.76282002705
FDX23,OUT045,1376.1787289600868
FDX01,OUT017,1930.7876819255139
FDH20,OUT027,2573.020408674318
NCX41,OUT017,3965.102041811955
FDD21,OUT027,3218.44308774186
DRH11,OUT019,166.3841093373079
DRE60,OUT018,3755.8588962416375
FDB10,OUT013,4000.6702297998654
FDH38,OUT013,2037.1632674691825
NCL07,OUT018,367.14308824578234
FDD48,OUT046,1997.4542554362522
NCT54,OUT027,2851.656264986059
FDF32,OUT027,5195.018594545746
DRH51,OUT045,1226.7676110392072
DRG03,OUT035,2617.9213841190167
NCY42,OUT019,347.88490203364285
FDH32,OUT017,1623.594072979654
NCJ06,OUT027,2974.301379785455
FDH47,OUT027,2773.459557308245
FDZ08,OUT018,1163.176542634272
FDK16,OUT017,1546.570654984504
DRG01,OUT018,829.8039900129581
NCM53,OUT027,2621.1832646696716
NCB07,OUT035,3075.692025034977
NCZ06,OUT035,3735.0362742994453
FDU48,OUT049,2095.2469934735173
NCB55,OUT027,1646.6339463117924
FDP15,OUT013,4253.947263233215
FDF17,OUT046,3298.955349567203
NCN06,OUT049,2713.8223678350832
DRM48,OUT018,447.2162752707585
FDH10,OUT046,2312.369562582083
FDC60,OUT018,1483.0951457608403
FDE35,OUT018,738.2097610516034
DRI23,OUT013,2583.0161643514925
NCR38,OUT013,3831.987222242181
FDP04,OUT035,969.4424140112269
NCW17,OUT045,2295.5963445445905
FDX34,OUT017,2144.019968914836
NCK53,OUT045,1594.7341532673634
NCO54,OUT010,164.6459239066916
NCH55,OUT046,2045.989094341611
FDT44,OUT027,3666.91655209678
DRG49,OUT046,4695.54363239571
FDX46,OUT010,168.57233935704676
DRG36,OUT049,2950.164840426452
FDU37,OUT049,1379.0099881119063
FDK10,OUT049,2842.9884699668223
DRF37,OUT027,7681.526299034515
FDC44,OUT035,1833.4586021497212
FDP15,OUT046,3955.8562322305147
FDZ27,OUT027,1490.0126765227367
FDY22,OUT019,343.86545898966216
DRG51,OUT035,3013.203468570265
FDN58,OUT045,3975.3037265461708
FDW01,OUT049,2506.590685003779
FDX24,OUT018,1353.8864539622589
FDO51,OUT017,723.8445455082411
FDJ52,OUT027,3581.915823098254
NCY06,OUT010,293.41764472198054
FDE20,OUT018,2472.602433863002
FDT23,OUT010,165.53519114056624
FDQ51,OUT046,706.8508782442913
FDE35,OUT046,874.3045786489688
FDB46,OUT013,3312.2611390176626
NCG19,OUT035,3283.5529557828168
NCL06,OUT018,3223.959720622368
FDT36,OUT019,62.51083323357563
FDC56,OUT049,2155.3423124205965
FDJ26,OUT049,3067.6793981993146
FDZ59,OUT017,2762.4727436909543
FDV11,OUT027,4899.404227535079
FDR13,OUT010,238.45488876266216
FDI15,OUT018,3851.990778570156
FDF47,OUT018,3593.5927158434733
NCB54,OUT019,308.3890497693105
NCK19,OUT027,5567.818333859228
FDX16,OUT017,2655.3310545113
FDL50,OUT045,1963.2633095446145
NCE31,OUT035,579.9121673145428
DRJ01,OUT049,2332.021049831409
FDE22,OUT013,2697.390590471234
FDY20,OUT019,235.21216843033332
NCO14,OUT045,701.5660969588473
NCR50,OUT017,2661.1420856650075
DRM47,OUT017,3217.9748706648415
FDO27,OUT010,359.7233647804617
FDJ20,OUT027,2771.6448209395207
NCX17,OUT013,3362.6848243276327
FDG59,OUT049,617.8993869952811
FDD52,OUT045,1594.6920252513682
FDO48,OUT017,3931.939859688719
FDC59,OUT019,147.43373790967672
FDS15,OUT018,1374.6870952370257
FDB47,OUT035,3559.090354299216
FDV14,OUT019,211.08609037809987
FDB27,OUT013,3159.0997295781744
FDA35,OUT035,2053.973639338082
FDN51,OUT018,3258.8893255824905
FDO39,OUT019,476.20588937381103
FDB28,OUT049,3025.876688448024
DRJ25,OUT046,815.2312806343566
FDH46,OUT027,2529.318100851774
FDI10,OUT045,2842.257287603851
FDU21,OUT018,412.049970872654
FDD09,OUT049,3012.4990665362275
FDD10,OUT046,2454.580011108158
FDN31,OUT010,500.1660320322229
FDA46,OUT018,3208.924722332092
FDM56,OUT046,1642.275050598394
FDF11,OUT010,603.1376665646786
FDS32,OUT018,1917.87549339675
NCM06,OUT013,2305.9163665143046
FDZ26,OUT045,3764.2535302521196
FDO01,OUT013,2305.460780246102
FDJ46,OUT049,2785.205792874858
FDG26,OUT019,549.9374566380706
FDZ38,OUT035,3762.35338918956
NCO55,OUT013,1655.3942087460634
FDT60,OUT035,2066.871630873823
FDW37,OUT049,1341.223495897672
NCK42,OUT018,3152.1616578932317
FDA45,OUT046,2404.017822878768
FDW55,OUT018,3690.887056347582
FDY44,OUT017,3194.637860223615
FDQ31,OUT017,1451.6399395753626
FDM09,OUT049,2899.4094665294424
FDH12,OUT018,1381.396811720338
NCQ43,OUT035,1700.6170027331389
FDT33,OUT035,3032.583036382793
NCT41,OUT018,2037.7708965522702
DRJ25,OUT010,124.39892063997385
NCQ41,OUT046,3254.759270379343
NCN17,OUT049,1611.051627847317
DRO35,OUT027,2728.4100683735196
FDU27,OUT018,742.2327488464663
FDY43,OUT027,4483.603996703229
FDG46,OUT035,1872.5881793830451
DRL49,OUT018,1887.6421844203182
NCB55,OUT049,799.6218806637568
FDK28,OUT049,4072.637449331025
FDO49,OUT045,755.6639319039377
FDT03,OUT013,2869.9618148779027
FDW33,OUT027,2880.654921615542
FDR02,OUT035,1804.9001787478287
FDF50,OUT013,3142.528980249131
FDA40,OUT018,1360.7128599645762
NCT53,OUT018,2809.2243278116116
FDY60,OUT035,2140.33847895675
FDP44,OUT027,2462.4334548756583
NCQ50,OUT045,3485.233540023924
NCC30,OUT017,2825.282410530604
FDQ60,OUT018,2024.2015148674318
FDG41,OUT046,1665.6444634961993
FDQ03,OUT046,3680.927525940541
FDM03,OUT045,1809.7594217285944
FDZ51,OUT018,1307.6949965176875
DRF51,OUT035,669.9225565676949
FDF39,OUT017,4997.0896677128885
FDW52,OUT035,2753.236826802544
FDY22,OUT049,2621.300668805978
FDG14,OUT013,2505.773324203956
FDA57,OUT017,634.1903126862718
FDL45,OUT019,317.3608064943864
FDX28,OUT046,1549.935798291352
NCQ54,OUT013,3333.6313966567773
FDH40,OUT045,1291.9595346021144
FDU52,OUT035,2347.3033444486837
FDT60,OUT010,260.7898229768445
FDK08,OUT045,1534.2728569011033
FDN04,OUT049,3044.864953969188
FDE50,OUT013,3169.2561534696288
FDI16,OUT049,827.2591568836776
FDM50,OUT049,949.5209301826945
NCV30,OUT049,899.7072500415181
FDT44,OUT013,1977.8234358829523
FDY60,OUT013,2517.932534085579
FDT56,OUT017,883.648567561704
FDV58,OUT018,2847.751158805126
FDU04,OUT013,2057.6753318919764
NCN05,OUT027,4813.395539049941
FDI53,OUT018,2179.271414009028
FDD34,OUT046,2670.698712402807
FDW47,OUT027,3676.065992160397
FDT51,OUT027,3792.570658211835
FDO27,OUT013,1417.2736258517452
NCQ18,OUT018,1262.5884837582992
NCW05,OUT013,2075.303741444441
FDI15,OUT010,498.7639644768058
NCH43,OUT010,543.4973696411646
FDT40,OUT049,1982.4700901903468
NCG19,OUT017,3169.104023442233
NCM30,OUT035,642.1488180567611
FDB38,OUT017,2656.2641486172374
FDB22,OUT046,2290.1134631224277
FDC58,OUT046,705.464354772362
NCI29,OUT013,1987.2583212470076
FDA23,OUT010,229.06141908714488
DRG48,OUT013,2605.435692753544
FDV21,OUT013,2280.15491900587
NCG18,OUT019,257.06442978848554
FDG40,OUT045,550.095961543722
FDU24,OUT018,1171.7829517979415
FDA22,OUT049,3060.253312308142
FDY35,OUT046,798.3875816541788
FDJ15,OUT045,4421.596183206214
NCW18,OUT018,3377.965139293274
FDK56,OUT018,3004.080798713449
FDF44,OUT046,2162.6929752018327
FDP51,OUT049,2043.9675643757907
FDU22,OUT027,3373.6084084658864
FDM28,OUT017,2671.2162908783957
NCL42,OUT046,4116.758436516953
FDJ15,OUT019,531.989232337499
FDI32,OUT018,1569.1353642628528
DRL11,OUT046,2608.8914739345073
DRO59,OUT018,942.2649324976308
FDA07,OUT019,263.91892755406917
NCO53,OUT013,3339.240139513929
FDO21,OUT045,3687.293131503217
FDW39,OUT045,3102.0059138002694
NCV17,OUT013,2346.078761643732
FDE22,OUT046,2665.5807077277864
NCB06,OUT018,2215.0804951798914
DRF48,OUT017,3244.2297681910463
FDB05,OUT013,3621.358842975239
FDP28,OUT027,6373.896039731697
FDP23,OUT046,3395.821684013266
NCS41,OUT018,3246.2786700873926
FDS40,OUT018,327.24179870021084
FDA16,OUT017,3560.889775567381
FDN20,OUT035,3422.5100891913735
FDF04,OUT027,7561.543925791629
DRG36,OUT018,2105.766979490198
FDW16,OUT018,1362.624913999876
FDU09,OUT017,839.9332510145141
FDW01,OUT046,2508.476887928784
FDB15,OUT045,5225.338455366404
NCJ17,OUT049,1309.638485336023
NCT18,OUT018,2304.0950391772594
FDG16,OUT018,3073.516619343602
FDP27,OUT017,3244.1361823213283
FDQ44,OUT027,3486.5079742308817
FDL50,OUT027,3373.5388455999796
FDW57,OUT027,5241.640246468144
FDS34,OUT013,1941.564968955252
NCV30,OUT035,1022.6821128457116
FDD26,OUT018,2436.5415893622076
FDA03,OUT045,2424.5339228148227
FDS27,OUT018,2566.5706244596727
FDM12,OUT013,2961.101833495563
NCV42,OUT027,3623.6418998449576
NCS41,OUT046,3254.777886244651
FDN56,OUT018,2904.419068295805
DRK59,OUT046,3561.2033809667873
NCG18,OUT046,1644.5210406946144
NCN26,OUT017,1900.3169403012498
FDI60,OUT027,1689.2932679837147
NCI43,OUT049,714.2314357187466
NCL17,OUT049,2169.6604197907886
FDQ19,OUT019,502.71260177946965
FDY43,OUT049,2911.1997267294214
FDR36,OUT049,723.5697327347855
FDJ58,OUT049,2871.652593982575
DRY23,OUT045,735.0958236978728
FDK26,OUT027,4257.582816402338
DRH03,OUT045,1510.7080597579347
FDC10,OUT010,260.98024468568167
FDD23,OUT013,3319.80886951957
FDP32,OUT045,2036.7541081004072
FDO31,OUT035,1387.643990532094
FDQ57,OUT013,2633.3268043843273
FDX32,OUT027,4272.764628827338
FDC39,OUT027,5428.675441541789
FDU55,OUT046,4943.652933642325
FDL45,OUT013,2189.8076155897384
DRK37,OUT049,3352.1519062953344
FDK22,OUT013,3391.078126473702
DRG37,OUT027,5370.450042550369
FDK22,OUT017,3594.974967475171
DRH36,OUT018,816.2318853141628
DRC36,OUT018,2888.510996732773
DRE03,OUT027,923.0965037535707
FDF34,OUT046,3174.7225716997027
FDZ22,OUT046,1358.32921817866
FDC44,OUT010,286.5895820612354
FDN31,OUT027,5461.605725699472
FDO03,OUT017,4082.0930614031026
FDA01,OUT049,879.0143544022887
NCH42,OUT049,4069.238758785864
FDF46,OUT018,1799.884782421035
DRL35,OUT046,728.1243757890236
FDW46,OUT049,1103.0327718647623
FDB58,OUT046,2106.5878917426685
FDD47,OUT018,2134.735779159825
NCO17,OUT045,1880.6835533228164
FDJ26,OUT017,4217.132976463519
FDU37,OUT045,1358.8729383829532
