Item_Identifier,Outlet_Identifier,Predicted_Item_Outlet_Sales
FDW58,OUT049,1653.130696983482
FDW14,OUT017,1454.7392482342025
NCN55,OUT010,1470.0210573464137
FDQ58,OUT017,2526.580618799256
FDY38,OUT027,6415.685365725311
FDH56,OUT046,2000.6382386132668
FDL48,OUT018,591.9534524130472
FDC48,OUT027,2248.191813709137
FDN33,OUT045,1558.7263310490755
FDA36,OUT017,3158.618706092957
FDT44,OUT017,2021.3755862857515
FDQ56,OUT045,1452.7719462274142
NCC54,OUT019,570.9906213252721
FDU11,OUT049,2108.3823107050407
DRL59,OUT013,756.8883007719805
FDM24,OUT049,2481.5953486099343
FDI57,OUT045,3177.1051028187894
DRC12,OUT018,2758.399138894839
NCM42,OUT027,2807.6710084527795
FDA46,OUT010,1259.63515551089
FDA31,OUT013,2872.433181717394
NCJ31,OUT035,3928.2646627199742
FDG52,OUT046,726.2762193250658
NCL19,OUT019,270.83987446087724
FDS10,OUT035,2971.9198664999167
FDX22,OUT010,1370.0045873996442
NCF19,OUT035,726.2762193250658
NCE06,OUT046,2659.3410439493587
DRC27,OUT046,4056.7043067349005
FDE21,OUT035,2000.6382386132668
NCR42,OUT019,181.89879793071006
FDX51,OUT018,2766.6260023900563
NCR06,OUT018,591.9534524130472
FDU31,OUT027,5563.109711245295
FDU59,OUT017,2686.0346984669923
FDR03,OUT027,5324.765081532353
FDS49,OUT027,2320.9583572618035
FDD48,OUT010,672.0271093532859
NCF18,OUT017,3147.6151353752416
NCD43,OUT027,2586.225727022732
NCD54,OUT018,1603.6229741945926
FDY19,OUT010,672.0271093532859
NCY54,OUT017,2872.433181717394
NCL19,OUT018,2148.2394457582773
FDP23,OUT010,1380.715419078157
FDC26,OUT013,1728.8201331020111
FDR14,OUT010,353.6596094772147
NCS41,OUT035,3148.4301620340266
FDF41,OUT035,3970.533269771893
FDU34,OUT046,2116.6187566804515
DRH11,OUT046,826.4675556613811
FDM03,OUT013,1653.130696983482
FDS31,OUT017,2995.3490788495315
FDJ20,OUT017,2108.3823107050407
FDV44,OUT027,5131.687691158672
FDG02,OUT049,3155.3711303894293
FDA09,OUT013,2981.0765072305326
FDT04,OUT013,718.6663360212399
FDL58,OUT019,569.5656310858963
FDE52,OUT045,1480.9256029053724
FDW12,OUT035,2467.039578619989
FDL51,OUT017,3574.9290541392493
NCY42,OUT027,3323.4323919457315
FDR07,OUT017,1574.6633503711803
FDN40,OUT045,2499.237642509075
FDB35,OUT027,2561.75273900297
FDA22,OUT017,2704.4781095219805
NCL06,OUT046,4159.820334654575
FDI35,OUT013,3018.0633873231723
NCW42,OUT045,3734.487375677794
NCX06,OUT049,2971.419975666003
FDC37,OUT027,2609.811926348202
FDZ14,OUT018,1572.5521379888364
DRG49,OUT049,4118.958752555316
NCG06,OUT045,4092.140414523317
DRC36,OUT045,2870.60872905088
FDV21,OUT019,269.2639491352167
FDB53,OUT046,2473.23003761584
DRP47,OUT019,569.5656310858963
FDA14,OUT013,2467.039578619989
DRC24,OUT035,2499.237642509075
FDW21,OUT018,1565.9124561394453
NCH29,OUT046,1577.4682656011971
FDU58,OUT013,3150.2546147005405
FDY27,OUT017,2897.43534766594
FDV56,OUT035,1674.0577989165704
FDT59,OUT046,3938.2421679886334
FDB23,OUT046,3858.9192686910246
FDR49,OUT045,726.2762193250658
FDB03,OUT010,1475.4044942130804
FDN39,OUT045,2700.4475606142882
FDX02,OUT027,5795.070271988981
FDQ16,OUT027,2621.7380407450623
FDU35,OUT018,1565.9124561394453
NCT29,OUT013,2108.3823107050407
FDZ27,OUT046,726.2762193250658
FDN57,OUT017,2132.1203276145006
FDA03,OUT018,2148.2394457582773
FDZ36,OUT045,3150.2546147005405
NCU05,OUT013,1372.4110445836893
FDT39,OUT018,2163.347914511968
FDK60,OUT017,1574.6633503711803
FDZ25,OUT017,2850.195225305985
FDG12,OUT046,2108.3823107050407
DRB01,OUT019,506.8917692814677
NCC43,OUT027,6346.507433821298
FDX13,OUT019,569.5656310858963
FDM22,OUT049,794.7286097363508
FDJ03,OUT027,1381.6715639889946
FDU14,OUT018,3337.627688005442
FDB33,OUT010,1051.396980217607
FDP27,OUT046,3150.2546147005405
FDO38,OUT010,561.1350272067357
FDE28,OUT027,6464.817598793418
FDO27,OUT035,1558.7263310490755
DRL23,OUT027,2601.8049772494646
FDS28,OUT046,826.4675556613811
FDX24,OUT013,1507.709135745263
FDZ02,OUT035,1569.4859870119699
FDL46,OUT045,2000.6382386132668
FDS60,OUT027,5069.78013808052
NCO06,OUT017,718.6663360212399
FDO16,OUT035,1443.5773056239943
FDC60,OUT049,1454.7392482342025
FDA48,OUT018,3128.014296545616
FDZ36,OUT027,4938.8169606231495
FDK27,OUT045,2102.904125417354
FDW23,OUT018,591.9534524130472
FDM14,OUT018,1565.9124561394453
FDM14,OUT013,1653.130696983482
FDW60,OUT018,2662.5713233861943
FDE21,OUT013,2000.6382386132668
NCM42,OUT035,1674.0577989165704
FDY59,OUT010,666.338871468465
DRI49,OUT049,1372.4110445836893
FDT28,OUT019,355.388758291544
FDQ22,OUT018,591.9534524130472
FDR60,OUT049,1318.0719293770753
FDC50,OUT019,288.8217855508175
FDV24,OUT013,2481.5953486099343
DRF48,OUT010,1237.283544284167
FDQ47,OUT046,718.6663360212399
DRN36,OUT049,1577.4682656011971
NCY06,OUT035,2116.6187566804515
FDE52,OUT035,1479.0521534844565
NCB54,OUT045,2116.6187566804515
NCF31,OUT035,2499.237642509075
FDJ08,OUT027,5102.975788141889
NCC07,OUT017,1647.895053401979
NCD19,OUT027,1757.2105016065034
FDL46,OUT049,2038.8577698081688
FDM20,OUT045,4082.4213683695148
NCI06,OUT010,1192.825150998915
DRM11,OUT035,4169.30522400828
NCH07,OUT018,2388.0401694612883
FDS23,OUT013,2128.3506256076007
FDO49,OUT018,591.9534524130472
FDS35,OUT049,1016.9027670419227
DRK39,OUT045,1375.3477802125874
DRI39,OUT049,828.9717680538344
FDV04,OUT017,2613.179669306672
NCN14,OUT035,3145.1860221257934
FDH08,OUT013,3970.856227724412
FDS20,OUT046,3150.2546147005405
FDV40,OUT049,1135.5162857907378
FDZ48,OUT010,673.9673806387659
FDS24,OUT027,2395.9304012940847
FDK44,OUT049,2867.3645891426468
FDS48,OUT045,2477.28803612691
FDK26,OUT010,1228.2516138444844
FDD23,OUT045,3163.1335662072033
NCH54,OUT017,2659.3410439493587
NCP14,OUT010,673.9673806387659
FDM60,OUT010,343.29444885571417
FDV24,OUT017,2478.209244224784
FDH08,OUT018,3221.8653346635483
FDS12,OUT027,3290.4090482299816
FDR39,OUT027,5165.82392391662
FDP12,OUT027,950.196412927085
DRF60,OUT027,6382.8390577811315
FDC09,OUT035,1617.191891349596
FDF50,OUT018,3084.1071583033504
FDG28,OUT035,4073.801762776841
NCE19,OUT017,826.4675556613811
NCM53,OUT010,673.9673806387659
NCN18,OUT049,1707.902363810528
FDF32,OUT035,3191.9948656548445
FDF11,OUT013,4070.124675418354
DRI59,OUT049,3869.4802091348556
NCG54,OUT035,2852.0196779724993
FDM44,OUT046,1612.0174432063475
FDT57,OUT018,3256.3954727145438
FDV24,OUT046,2478.209244224784
FDI50,OUT019,569.5656310858963
FDS09,OUT035,738.8120961823938
NCC31,OUT027,3978.5386696194405
FDQ07,OUT019,567.9164630119117
FDC22,OUT017,3152.6837279499887
FDZ56,OUT046,2848.735492766398
FDZ40,OUT019,187.75342745970676
FDS46,OUT027,3067.8396780829453
DRD24,OUT045,2132.1203276145006
FDV45,OUT017,3145.1860221257934
FDL26,OUT045,2529.336380684354
FDA56,OUT018,1572.5521379888364
FDN27,OUT046,2006.1597780043967
FDM20,OUT049,4082.4213683695148
FDO16,OUT017,1375.3477802125874
FDL03,OUT035,3147.6151353752416
FDE58,OUT046,2000.6382386132668
FDI02,OUT027,3116.06072081749
NCC55,OUT019,181.89879793071006
FDR03,OUT018,3094.5113552225575
FDB14,OUT017,1507.709135745263
FDR45,OUT013,4072.933652950751
NCN07,OUT017,2128.3506256076007
FDM51,OUT019,271.20422042069674
FDT52,OUT027,6345.450108871389
FDL26,OUT046,2516.0641630447235
NCZ42,OUT046,4031.931033206986
DRI47,OUT019,353.71474377034474
FDW40,OUT013,2132.1203276145006
FDN34,OUT046,2866.7899186380137
FDS01,OUT035,2913.836056499403
NCG55,OUT045,1998.0881857736333
FDC11,OUT035,1454.7392482342025
FDX35,OUT018,3184.138763756756
NCB06,OUT046,2633.328136066341
FDR09,OUT019,569.5656310858963
FDC53,OUT017,1574.6633503711803
FDY45,OUT013,4114.382139725125
FDA22,OUT010,1073.1770913655885
FDE02,OUT035,1558.7263310490755
FDW21,OUT045,1603.952007632189
FDV34,OUT046,1071.4600544321765
FDS59,OUT049,1674.0577989165704
NCW17,OUT017,2116.6187566804515
NCK54,OUT046,2000.6382386132668
FDG17,OUT019,569.5656310858963
FDG35,OUT017,2892.333046572979
FDD08,OUT010,343.29444885571417
NCO07,OUT017,3592.9553875461233
FDJ10,OUT010,671.5500563946574
FDW36,OUT017,1617.191891349596
FDW21,OUT010,673.9673806387659
FDY19,OUT017,2006.1597780043967
DRE03,OUT013,726.2762193250658
NCC55,OUT049,718.6663360212399
FDH52,OUT010,378.8356790959819
FDO09,OUT017,4106.13351046883
FDU43,OUT045,4054.878458111516
FDX09,OUT010,1166.1936039486764
FDH40,OUT019,314.77517952151845
FDW58,OUT017,1617.191891349596
FDC47,OUT017,3803.959475314028
NCR41,OUT035,1558.7263310490755
DRG49,OUT035,4121.819518220672
FDC52,OUT027,4119.919318863828
FDY13,OUT046,1090.7876169616668
FDY35,OUT013,719.9581070527206
FDI35,OUT017,3158.864475450762
NCU18,OUT049,2132.1203276145006
FDY33,OUT018,2388.0401694612883
FDC15,OUT027,3720.5282419884206
FDU01,OUT049,3157.722716946752
NCU42,OUT046,2857.1361936613876
NCV29,OUT018,2662.5713233861943
NCY30,OUT017,3145.1860221257934
FDQ46,OUT049,1728.8201331020111
FDG58,OUT027,4095.032304174665
FDK33,OUT017,3591.1309348796094
NCD07,OUT045,1998.0881857736333
NCX29,OUT027,3791.2920732216403
NCT42,OUT013,2473.23003761584
DRN59,OUT035,726.2762193250658
FDI44,OUT035,1341.1285225996608
FDA45,OUT049,2896.3532652296526
FDP31,OUT045,1016.9027670419227
FDY01,OUT046,1998.0881857736333
FDT09,OUT018,1583.7137405797466
DRH03,OUT027,2485.341635792625
FDA36,OUT018,2697.209259254787
NCF31,OUT017,2516.0641630447235
FDG14,OUT049,2478.209244224784
FDG28,OUT027,6350.365707968051
FDU14,OUT049,4097.025924381304
FDY47,OUT019,269.7206004054753
FDI56,OUT049,1480.9256029053724
DRD01,OUT013,826.4675556613811
FDM22,OUT046,826.4675556613811
FDH33,OUT013,718.6663360212399
DRZ24,OUT013,2021.3755862857515
NCQ38,OUT046,1625.1411074622142
FDO16,OUT027,2331.671944658787
FDU07,OUT027,3727.8596954887353
NCB07,OUT013,3147.6151353752416
FDU48,OUT045,2130.0788449522083
NCM43,OUT045,2689.326761489366
FDR31,OUT010,922.0519633352071
DRK49,OUT018,591.9534524130472
NCI30,OUT010,1470.0210573464137
DRD60,OUT017,3005.184435816509
NCG19,OUT046,3833.2500618481317
FDH12,OUT035,1625.1411074622142
FDM32,OUT035,1502.9179334356938
FDM27,OUT035,2533.5840593828434
NCU53,OUT027,4325.2393407552445
NCQ18,OUT046,1596.0843639760005
FDS10,OUT013,2956.8567321615988
FDB33,OUT027,4037.874410328937
FDI12,OUT013,1452.7719462274142
NCW42,OUT013,3739.752880773179
NCC06,OUT018,1572.5521379888364
FDW02,OUT017,2116.6187566804515
NCD43,OUT017,1617.191891349596
FDM57,OUT018,1109.5566063389026
FDA58,OUT017,3899.0066787805354
FDK56,OUT046,3150.2546147005405
FDP52,OUT045,3947.367122472083
FDW20,OUT018,1572.5521379888364
FDS52,OUT049,1598.0952950968538
NCT29,OUT018,1572.5521379888364
NCL54,OUT013,2895.0168142997636
FDC05,OUT045,3171.84716601506
FDF34,OUT035,3160.24011995124
FDP03,OUT027,3293.747899889336
FDD32,OUT010,605.6811359630373
FDZ10,OUT045,2116.6187566804515
FDZ40,OUT035,826.4675556613811
FDD51,OUT018,591.9534524130472
NCY30,OUT019,433.0395788141949
FDP58,OUT017,3526.4856599743816
FDV49,OUT017,4239.1336243958285
FDY24,OUT019,184.2110242907792
NCO55,OUT017,1653.130696983482
FDR13,OUT017,2000.6382386132668
FDS51,OUT017,939.6629631439416
FDP26,OUT045,1619.7985703029817
NCB54,OUT027,3332.3883934135147
FDF32,OUT017,3150.0550116876047
FDN31,OUT018,2695.8510673699075
DRM48,OUT017,718.6663360212399
FDN20,OUT049,2846.9510853977517
DRL01,OUT046,4004.587549001494
FDV56,OUT049,1653.130696983482
DRH13,OUT027,2610.2614495265
FDA03,OUT017,2467.039578619989
FDF47,OUT027,5743.211682026563
FDX32,OUT046,2467.039578619989
FDX57,OUT049,1569.4859870119699
NCA30,OUT045,3145.1860221257934
FDO49,OUT013,726.2762193250658
FDL04,OUT019,271.20422042069674
DRM48,OUT035,718.6663360212399
FDR16,OUT013,3511.5485443182306
NCC19,OUT018,2758.399138894839
NCE42,OUT045,3966.1218237309304
FDY24,OUT017,826.4675556613811
FDH19,OUT049,2867.3645891426468
FDJ46,OUT013,2872.433181717394
FDN45,OUT010,1421.1005709200101
FDY08,OUT035,2132.1203276145006
FDZ37,OUT035,1452.7719462274142
NCT30,OUT045,726.2762193250658
DRY23,OUT018,591.9534524130472
NCZ30,OUT018,1572.5521379888364
FDC44,OUT018,1572.5521379888364
FDB45,OUT035,1619.7985703029817
FDY04,OUT013,2670.1823803985485
FDM27,OUT046,2630.1234881171595
FDZ43,OUT017,4075.0534221180646
FDT39,OUT019,355.25476625091505
NCC06,OUT019,269.2639491352167
FDL15,OUT027,4004.54977209243
FDL57,OUT017,4119.186582363698
FDU08,OUT046,1583.8843984579792
FDK40,OUT017,4238.415180646272
FDQ12,OUT010,1444.065454380245
FDS48,OUT017,2478.209244224784
FDP09,OUT045,3582.844161940465
FDW21,OUT049,1596.0843639760005
FDY25,OUT035,3001.176341960603
DRE13,OUT017,1452.7719462274142
FDV43,OUT019,181.89879793071006
FDD22,OUT045,1724.1689497817895
FDM46,OUT019,309.6154184893483
NCO30,OUT010,1218.5236740403996
FDM25,OUT046,2878.7645154587117
NCN41,OUT049,2108.3823107050407
FDU24,OUT045,1530.3037339171208
FDZ50,OUT046,3148.4301620340266
FDP45,OUT013,4108.616712316981
NCM54,OUT045,2116.6187566804515
FDW10,OUT019,426.10784161979495
FDP20,OUT017,2116.6187566804515
FDK32,OUT046,2478.209244224784
FDN52,OUT049,1456.5966862689609
FDM58,OUT045,1707.902363810528
FDZ46,OUT027,3095.726297087919
NCA18,OUT018,1572.5521379888364
FDD35,OUT046,2108.3823107050407
NCK31,OUT035,726.2762193250658
FDI40,OUT027,2696.7307330715003
FDT50,OUT019,283.74808025040386
NCT06,OUT046,2680.9661058922447
FDT31,OUT035,3150.302537814682
FDT45,OUT049,794.7286097363508
FDT13,OUT045,3153.5466777229153
FDO50,OUT045,1482.344209248455
NCU18,OUT010,671.5500563946574
NCR54,OUT049,3147.6151353752416
NCO18,OUT018,2662.5713233861943
FDU09,OUT045,826.4675556613811
FDT13,OUT018,2691.1949179165113
FDE09,OUT046,1728.8201331020111
NCK53,OUT019,271.20422042069674
FDG45,OUT049,3584.6686146069787
DRH15,OUT035,721.354281549678
FDO21,OUT019,568.4874809881758
FDD14,OUT027,5351.633757454185
FDC09,OUT046,1617.191891349596
FDH45,OUT027,973.6900583329343
FDV32,OUT046,1016.9027670419227
FDG12,OUT035,2054.1617799483047
FDS32,OUT013,2132.1203276145006
NCL55,OUT018,3324.2114939453277
DRE01,OUT035,3997.1722403427098
DRE15,OUT049,1341.1285225996608
NCL42,OUT045,4055.0461970439915
FDP31,OUT013,1014.223847461919
FDN33,OUT018,1443.927823168622
FDZ59,OUT046,2686.0346984669923
FDE45,OUT010,1168.003285667823
FDJ07,OUT013,2021.3755862857515
FDQ45,OUT018,2691.1949179165113
FDM33,OUT027,5547.526023207855
FDO15,OUT010,449.7284962115493
FDM46,OUT013,1505.1104000318476
FDR03,OUT045,3490.4483542400053
FDY49,OUT018,2435.735246163043
FDQ60,OUT045,2038.8577698081688
FDW10,OUT049,2887.9815620670265
FDO51,OUT049,719.9581070527206
FDJ40,OUT018,1565.9124561394453
FDS20,OUT018,2676.2822334172693
FDU45,OUT013,1767.5448174725896
FDV02,OUT035,2846.9510853977517
FDN09,OUT046,4059.8481838984985
NCM55,OUT027,5221.575913783677
FDN23,OUT018,2148.2394457582773
FDY31,OUT010,933.2570081499513
FDW03,OUT010,673.9673806387659
FDD14,OUT046,3140.6808347174333
FDV23,OUT017,2116.6187566804515
DRI03,OUT045,2877.549697406282
FDN13,OUT035,1596.0843639760005
FDF45,OUT027,1757.44768403911
FDU46,OUT035,1454.7392482342025
FDB57,OUT049,3835.9015093562275
FDV12,OUT049,1598.0952950968538
FDQ58,OUT013,2478.209244224784
NCA18,OUT017,1998.0881857736333
FDH52,OUT049,935.3019773241188
FDM24,OUT018,2156.046998424816
NCP43,OUT027,5104.673027294265
NCO18,OUT019,426.10784161979495
FDM32,OUT017,1484.4986281877623
NCL07,OUT017,718.6663360212399
FDK03,OUT013,4095.04801908161
FDP59,OUT017,1614.6042270027867
FDQ24,OUT049,4101.488535934665
FDQ16,OUT018,1565.9124561394453
FDU44,OUT013,2636.572275974574
FDH28,OUT010,343.29444885571417
FDV28,OUT019,181.89879793071006
FDM22,OUT045,826.4675556613811
FDR56,OUT046,3150.8592752834747
FDV39,OUT049,3163.4876956547682
FDU37,OUT019,306.84158157961696
FDQ11,OUT010,1511.1884750841875
FDX02,OUT045,3831.92401346336
NCS42,OUT018,1386.1281837087693
FDY57,OUT027,2649.1833402231982
FDB21,OUT049,3945.774255133473
FDE28,OUT017,3828.1786470173765
FDQ55,OUT017,1923.162648083217
FDA48,OUT049,3730.9701345094004
FDZ19,OUT045,2872.433181717394
NCC43,OUT045,3952.5414835096576
NCV18,OUT046,1375.3477802125874
NCA42,OUT018,2388.0401694612883
FDY45,OUT046,4109.09929648537
NCC30,OUT045,2953.8008555356714
FDM57,OUT013,1452.7719462274142
FDL09,OUT010,1073.8033625962535
FDB09,OUT027,3425.294113575963
FDT44,OUT035,2038.8577698081688
NCT06,OUT027,4103.473826993551
FDX26,OUT049,3145.1860221257934
FDK32,OUT013,2511.67149524431
DRA12,OUT046,2132.1203276145006
FDO46,OUT010,1228.2516138444844
FDE52,OUT013,1452.7719462274142
NCH42,OUT045,3920.1763755708917
FDV08,OUT035,718.6663360212399
FDB47,OUT018,3092.5783809289514
FDC28,OUT010,673.9673806387659
FDD22,OUT046,1939.8486025507634
FDS07,OUT027,3146.038708272156
DRI13,OUT045,3600.1272171241003
FDG32,OUT018,3147.152682004811
FDU14,OUT017,4105.312697320448
FDD28,OUT019,189.44080001311414
NCP41,OUT017,1674.0577989165704
FDS08,OUT049,2872.433181717394
FDX47,OUT045,2567.8787771619145
FDC53,OUT019,271.20422042069674
FDQ19,OUT035,4073.5761786696908
FDL14,OUT045,2521.2816558711565
FDM33,OUT019,568.4874809881758
FDA51,OUT045,1923.162648083217
FDZ27,OUT018,591.9534524130472
FDT04,OUT046,718.6663360212399
DRC13,OUT049,2116.6187566804515
FDR16,OUT027,5501.180486295726
FDQ03,OUT027,6427.556878786616
FDE38,OUT035,2847.2964653676595
DRH23,OUT027,1754.5954868216495
FDT11,OUT019,492.80224130592063
FDD09,OUT035,2969.598329587392
FDR40,OUT045,1375.3477802125874
FDX07,OUT017,3150.302537814682
FDR07,OUT035,1574.6633503711803
FDA51,OUT017,1956.780638870668
FDT59,OUT019,569.5656310858963
FDF20,OUT017,3150.8592752834747
FDR13,OUT045,1970.038717270012
FDY26,OUT049,3571.022643587932
FDW04,OUT017,2128.3506256076007
FDK52,OUT017,3851.6159673126326
FDN60,OUT049,2567.8787771619145
FDM09,OUT019,414.176251402177
FDP46,OUT049,1456.5966862689609
FDB50,OUT019,301.1211331908119
NCQ29,OUT049,4068.4490774010405
FDP16,OUT027,6318.906088006201
FDX33,OUT018,2404.8435351267394
FDP07,OUT010,1263.2836490839059
FDN22,OUT046,3966.3728952374063
FDF39,OUT049,4193.414013655673
FDS21,OUT017,910.4888553069338
NCM42,OUT013,1653.130696983482
FDK50,OUT019,401.88595371359975
DRF13,OUT027,3743.353842206838
FDH35,OUT018,2419.0694840968645
FDP60,OUT018,1565.9124561394453
DRJ49,OUT027,3314.720518380158
NCT42,OUT019,354.9462147601657
FDE38,OUT049,2845.3414258906996
FDI04,OUT049,3180.3492427270226
NCH54,OUT045,2574.284630655245
FDT56,OUT049,865.8769237973391
DRD15,OUT018,3234.968792587564
FDV58,OUT013,3155.64664278784
FDP21,OUT049,3150.2546147005405
FDH05,OUT013,3832.205392437765
FDR10,OUT027,4354.047590448522
NCP06,OUT045,2473.23003761584
FDF33,OUT049,1650.8133147455158
DRK37,OUT013,3162.791309521499
DRH49,OUT045,1391.8819578802902
FDT58,OUT013,2845.3414258906996
FDD41,OUT018,1565.9124561394453
FDP40,OUT018,1565.9124561394453
FDM51,OUT027,2649.9648550261186
FDO45,OUT010,651.4523083987827
FDW33,OUT010,673.9673806387659
FDY24,OUT045,826.4675556613811
FDB10,OUT010,1464.0546893206085
FDM40,OUT035,2132.1203276145006
NCI06,OUT017,2997.1735315160454
FDW12,OUT019,327.33409172062056
FDX48,OUT027,4062.6618290885044
NCW05,OUT027,2741.7212011691468
FDX27,OUT017,1558.7263310490755
DRM37,OUT045,3171.84716601506
FDA38,OUT045,4053.072921753787
FDR36,OUT046,718.6663360212399
FDZ45,OUT046,3180.3492427270226
FDG05,OUT017,2620.9489739172013
FDK28,OUT013,4174.108545071142
FDV47,OUT045,1452.7719462274142
FDN21,OUT045,2633.328136066341
FDP20,OUT027,3450.909080365739
FDI35,OUT045,3158.864475450762
DRY23,OUT013,718.6663360212399
FDA56,OUT017,2108.3823107050407
FDB09,OUT013,2108.3823107050407
NCO26,OUT027,3012.5745680556765
FDQ49,OUT018,2312.525473030766
FDI52,OUT027,3130.9614790425553
FDZ44,OUT027,3172.751831967038
FDZ09,OUT018,2435.735246163043
FDY03,OUT049,1923.162648083217
NCG42,OUT017,2128.3506256076007
DRI13,OUT027,5771.652970045888
FDQ32,OUT013,2116.6187566804515
FDW16,OUT035,1482.344209248455
FDU27,OUT046,726.2762193250658
FDR28,OUT010,1078.050311657773
FDQ49,OUT010,1038.7592379200564
FDS37,OUT046,1998.0881857736333
FDW26,OUT018,3128.014296545616
FDX12,OUT018,3287.2524625182937
NCP06,OUT013,2475.722143773364
FDW45,OUT010,933.2570081499513
NCN30,OUT049,1558.7263310490755
FDN24,OUT049,794.7286097363508
NCL41,OUT027,1042.6918333311446
FDR02,OUT019,271.20422042069674
FDD09,OUT010,1193.45142222958
FDS33,OUT010,651.4523083987827
FDU22,OUT045,2100.2094097584786
FDI53,OUT013,2667.9645190676993
DRH01,OUT049,2870.316241772224
FDX32,OUT013,2135.7167260193496
NCP30,OUT018,591.9534524130472
FDB60,OUT045,3152.6837279499887
FDB14,OUT049,1530.3037339171208
NCP02,OUT035,828.9717680538344
FDJ10,OUT017,2132.1203276145006
FDG34,OUT046,1704.8589591863742
NCB18,OUT017,1456.5966862689609
FDM16,OUT049,1088.0955199252828
FDW25,OUT018,1131.9618413802525
FDB35,OUT010,654.8651874417046
DRN11,OUT013,2138.8727698841294
FDF41,OUT019,569.5656310858963
FDH16,OUT045,1462.6251722533575
NCQ50,OUT018,3092.5783809289514
DRH23,OUT018,602.3186130345479
DRJ37,OUT013,2481.5953486099343
DRJ24,OUT027,5396.344074002518
FDY16,OUT035,3145.1860221257934
FDQ27,OUT045,1625.1411074622142
FDZ33,OUT045,2473.23003761584
FDF29,OUT045,2130.0788449522083
FDA08,OUT049,2673.426520306781
FDG31,OUT046,1016.9027670419227
FDE34,OUT019,471.43975416359933
NCR30,OUT027,1974.3576557126478
FDV33,OUT035,4183.760093429501
DRZ24,OUT018,1572.5521379888364
NCL54,OUT035,2872.433181717394
FDR12,OUT049,2872.433181717394
NCC54,OUT046,3945.6005466670754
DRN59,OUT013,726.2762193250658
FDX50,OUT019,271.20422042069674
FDV31,OUT027,5112.262504312188
NCA29,OUT027,4888.762319735381
FDW60,OUT049,2900.1333299886523
FDX08,OUT017,3153.5466777229153
DRD49,OUT013,3947.8062463279216
FDD33,OUT046,3816.930958938069
FDW35,OUT013,718.6663360212399
FDJ36,OUT017,1617.191891349596
FDV51,OUT035,2822.417397328498
FDW36,OUT046,1650.8133147455158
FDH35,OUT046,2693.845057398908
NCS30,OUT027,3234.6042589084063
FDN49,OUT017,718.6663360212399
FDL08,OUT018,3287.2524625182937
FDI09,OUT013,3912.2337981666365
FDP19,OUT018,1575.6385025482384
FDU21,OUT010,343.29444885571417
NCP41,OUT045,1653.130696983482
FDY10,OUT013,1801.0564909602426
FDP12,OUT018,591.9534524130472
NCN26,OUT049,1998.0881857736333
FDK44,OUT013,2867.3645891426468
FDC28,OUT049,1674.0577989165704
FDJ41,OUT027,6196.368578410236
NCT29,OUT035,2113.888382757826
NCH42,OUT019,569.5656310858963
FDU60,OUT018,2435.735246163043
FDS02,OUT045,3152.6837279499887
FDC51,OUT046,2108.3823107050407
FDU03,OUT013,3145.1860221257934
FDX39,OUT045,3582.844161940465
NCY05,OUT010,343.29444885571417
NCL06,OUT027,6273.8613050051035
FDD32,OUT035,1359.7622240774904
NCN41,OUT045,2108.3823107050407
NCX53,OUT049,2132.1203276145006
FDU57,OUT019,354.9462147601657
FDQ23,OUT046,1617.191891349596
FDQ52,OUT045,3975.4978497208563
FDC14,OUT045,718.6663360212399
FDY09,OUT035,2893.1923616332497
FDQ28,OUT045,2533.5840593828434
FDV25,OUT046,3741.626544602897
FDJ07,OUT035,1998.0881857736333
DRB25,OUT049,1645.1264917990754
FDK52,OUT019,569.5656310858963
FDY52,OUT027,1765.6046124735271
FDB28,OUT046,3155.123604262352
FDT36,OUT035,718.6663360212399
FDV25,OUT017,3835.2750491370452
NCN07,OUT027,3371.574227234047
FDC57,OUT017,3147.6151353752416
FDQ03,OUT018,3262.103334538841
FDU23,OUT017,2850.4579415795874
NCX41,OUT035,3595.8222018676393
NCD06,OUT035,726.2762193250658
FDW08,OUT045,1653.130696983482
NCU29,OUT017,2467.039578619989
NCE06,OUT013,2642.2198290230426
FDV52,OUT010,672.0271093532859
FDB02,OUT017,2895.0168142997636
NCR18,OUT045,718.6663360212399
FDK16,OUT049,1558.7263310490755
NCQ29,OUT010,1507.5399815111718
FDZ01,OUT019,271.20422042069674
FDW27,OUT035,2567.8787771619145
FDD17,OUT018,3277.0333186348157
FDW39,OUT013,2895.0168142997636
DRH59,OUT045,1022.7811769306919
FDS52,OUT013,1612.0174432063475
FDU40,OUT027,5314.227863335301
NCF54,OUT013,2867.3645891426468
FDH46,OUT045,1617.191891349596
NCP14,OUT049,1617.191891349596
FDH50,OUT049,3160.966856854985
DRF15,OUT010,986.9099397686192
FDV27,OUT027,2441.028990765532
NCJ06,OUT049,2102.904125417354
FDN02,OUT018,3088.497013884281
FDQ51,OUT049,726.2762193250658
FDQ07,OUT017,3752.967086377872
FDS45,OUT049,1625.1411074622142
NCJ06,OUT045,2105.764736035995
FDD36,OUT035,2000.6382386132668
FDY25,OUT045,3150.2546147005405
FDU52,OUT046,2521.2816558711565
DRK47,OUT017,3931.04848017646
NCL30,OUT017,2116.6187566804515
FDN22,OUT035,3974.6596681765513
NCF30,OUT027,3190.751490435262
FDK03,OUT035,4101.156020025391
FDT45,OUT017,826.4675556613811
NCC54,OUT027,6294.9067455618115
FDP08,OUT018,2766.6260023900563
FDU44,OUT046,2673.426520306781
DRG39,OUT035,793.1233179574151
FDU32,OUT049,2108.3823107050407
FDY27,OUT049,2958.2212306889523
NCP54,OUT013,2108.3823107050407
NCZ41,OUT049,2116.6187566804515
DRL49,OUT013,2168.155258666346
FDI05,OUT018,934.0250794583255
FDY56,OUT045,3922.545828710587
DRC13,OUT013,2116.6187566804515
NCV29,OUT017,2967.0418404252337
FDR24,OUT049,1479.0521534844565
FDZ34,OUT018,2720.163250169315
FDP37,OUT035,2116.6187566804515
FDX08,OUT027,5114.014276782792
FDS57,OUT045,2132.1203276145006
NCG18,OUT049,1617.191891349596
FDK25,OUT018,2441.1186830297097
FDH53,OUT049,1364.1754874919382
DRI59,OUT018,3141.7692451381445
FDA52,OUT046,2891.732629093662
FDT20,OUT010,343.29444885571417
FDE36,OUT019,400.8534207280194
FDI24,OUT017,2872.433181717394
FDB28,OUT018,3084.1071583033504
FDV11,OUT017,2895.0168142997636
FDP01,OUT046,2516.0641630447235
FDD34,OUT027,4040.338321906624
FDJ50,OUT027,1476.9478065238925
FDZ44,OUT013,2021.3755862857515
DRO59,OUT035,1160.7623190101194
DRB48,OUT045,718.6663360212399
FDR21,OUT018,2662.5713233861943
NCE42,OUT010,1464.6809605512735
FDO23,OUT046,1532.5326673526183
NCE30,OUT018,3092.5783809289514
FDQ22,OUT035,718.6663360212399
FDY01,OUT045,1998.0881857736333
FDS08,OUT017,2897.43534766594
FDG28,OUT018,3287.2524625182937
FDQ51,OUT018,591.9534524130472
FDB05,OUT017,3994.3860736889974
FDO56,OUT049,2000.6382386132668
FDE02,OUT018,1378.3373278153172
FDN45,OUT017,3735.2180697524104
FDS09,OUT013,726.2762193250658
NCA54,OUT018,2676.2822334172693
FDP09,OUT010,1370.6308586303091
FDC53,OUT045,1596.0843639760005
NCM55,OUT017,3148.4301620340266
FDL09,OUT018,2441.1186830297097
FDA11,OUT019,305.79147697929284
FDA50,OUT045,1558.7263310490755
FDC23,OUT017,2971.7963227312225
FDE22,OUT049,2620.9489739172013
FDD23,OUT046,3163.1335662072033
NCA29,OUT049,2872.433181717394
FDK38,OUT046,2467.039578619989
DRC13,OUT046,2108.3823107050407
NCP43,OUT049,2956.8567321615988
FDX28,OUT049,1598.0952950968538
FDF08,OUT049,1479.0521534844565
FDZ33,OUT046,2473.23003761584
FDD10,OUT049,2936.5579447821774
FDO58,OUT017,2664.720379159467
FDI50,OUT017,3956.155213735311
FDO58,OUT045,2683.85286728226
FDX08,OUT013,3000.4655945384193
NCK17,OUT010,343.29444885571417
FDF39,OUT035,4200.625444114362
FDU45,OUT010,672.0271093532859
NCJ18,OUT018,1572.5521379888364
DRC27,OUT019,569.5656310858963
DRC25,OUT035,1452.7719462274142
FDU59,OUT035,2636.572275974574
FDU28,OUT035,3157.722716946752
NCP30,OUT046,718.6663360212399
FDB39,OUT018,602.3186130345479
FDE41,OUT013,1452.7719462274142
DRH11,OUT010,353.6596094772147
FDA58,OUT045,3890.719905841391
FDU50,OUT046,1998.0881857736333
FDM34,OUT013,2128.3506256076007
FDM44,OUT027,2627.7494137509
FDR39,OUT045,3145.1860221257934
FDM25,OUT045,2878.7645154587117
FDQ49,OUT049,2531.7996520141983
DRH25,OUT018,594.2656787731164
FDM09,OUT027,4191.388052136168
FDL44,OUT019,396.2291314855939
NCR42,OUT018,591.9534524130472
DRL59,OUT046,789.917047097226
FDX43,OUT013,2847.2964653676595
DRK47,OUT010,1419.6999574878605
FDU48,OUT018,1579.1071985144476
FDY12,OUT045,727.5942445824155
NCN43,OUT018,1572.5521379888364
NCM55,OUT018,2680.111500780959
FDQ21,OUT027,3429.737113739202
FDX13,OUT035,4101.748673038983
NCK30,OUT027,6302.917222171707
FDG20,OUT049,2870.60872905088
DRG27,OUT017,718.6663360212399
FDY14,OUT018,3342.261643408447
FDP59,OUT035,1617.191891349596
FDU60,OUT017,2863.5457787297805
NCC18,OUT019,422.3800478572154
DRJ39,OUT017,3587.8385711123374
FDS07,OUT049,1926.6543786675
FDM08,OUT027,5803.196360467573
FDP51,OUT045,2102.904125417354
FDU16,OUT035,1375.3477802125874
FDH12,OUT013,1650.8133147455158
DRE48,OUT010,1280.8586848990215
NCL42,OUT027,6348.209471616997
FDR21,OUT045,2892.3667550911928
NCW29,OUT035,2130.0788449522083
FDO11,OUT013,4114.382238540572
NCM31,OUT049,2132.1203276145006
FDV35,OUT019,370.45823048961296
FDF58,OUT017,935.3019773241188
NCE43,OUT049,2852.0196779724993
FDA02,OUT035,2452.5087195519354
DRL37,OUT010,343.29444885571417
FDR24,OUT018,1351.6162522958707
FDW59,OUT049,1375.3477802125874
FDS22,OUT049,719.9581070527206
FDW24,OUT017,727.5942445824155
FDU24,OUT035,1558.7263310490755
FDA21,OUT027,5190.038387886786
FDH58,OUT027,3068.338418405193
FDW36,OUT018,1565.9124561394453
FDI45,OUT027,4903.775945113594
FDU01,OUT018,2704.6111119766256
FDF35,OUT027,2729.3350892859644
FDU43,OUT019,569.5656310858963
FDE24,OUT019,350.96761782788053
FDK50,OUT049,2673.426520306781
FDG31,OUT045,967.4075361695134
FDC60,OUT045,1480.9256029053724
FDL36,OUT013,1480.9256029053724
FDP21,OUT013,3150.2546147005405
FDW16,OUT045,1480.9256029053724
FDX02,OUT017,3845.2083272725417
FDQ58,OUT027,3920.411341769876
FDT51,OUT046,1704.8589591863742
FDD59,OUT049,1341.1285225996608
NCM42,OUT018,1565.9124561394453
FDA57,OUT018,591.9534524130472
FDZ48,OUT035,1728.8201331020111
FDE46,OUT045,2490.6959906985094
NCZ30,OUT019,269.2639491352167
FDB56,OUT017,3150.2546147005405
FDA25,OUT027,2650.1975224837643
FDD20,OUT013,2116.6187566804515
FDL25,OUT013,1502.9179334356938
NCO18,OUT049,2898.3088773221384
FDJ45,OUT017,718.6663360212399
FDR12,OUT035,2852.0196779724993
NCF19,OUT010,343.29444885571417
FDK25,OUT046,2851.6727596320166
NCR17,OUT046,1956.780638870668
FDC52,OUT046,2481.5953486099343
NCA54,OUT017,3001.940295908276
FDR45,OUT010,1469.3947861157485
NCM19,OUT049,1923.162648083217
FDF39,OUT027,4603.651206130014
FDX23,OUT049,1574.6633503711803
FDD58,OUT027,2618.9145583126283
FDX28,OUT013,1603.952007632189
NCD31,OUT013,2673.0810347565875
FDU57,OUT018,2159.2153643508645
FDI27,OUT046,726.2762193250658
NCM42,OUT046,1653.130696983482
FDD32,OUT027,2261.2398276203276
FDI34,OUT013,3840.922722138464
NCM29,OUT049,2128.3506256076007
FDG46,OUT018,1572.5521379888364
DRC01,OUT010,343.29444885571417
FDB15,OUT027,6215.12452014668
NCA17,OUT027,3717.540796250258
FDF10,OUT046,2473.23003761584
FDR26,OUT027,5021.943310861942
FDI02,OUT049,1728.8201331020111
NCM54,OUT010,672.0271093532859
FDF14,OUT013,2478.209244224784
FDJ33,OUT010,672.0271093532859
FDM20,OUT035,4085.282134034871
FDC03,OUT027,5295.612501694013
NCX05,OUT046,2000.6382386132668
NCM41,OUT027,2608.5516576043383
NCU29,OUT010,943.8838857035616
FDQ59,OUT017,1388.4303636005432
FDH46,OUT010,673.9673806387659
FDH09,OUT013,736.0077760137286
NCD06,OUT045,726.2762193250658
FDC15,OUT035,2529.336380684354
DRD37,OUT027,978.5079790186778
FDT28,OUT027,3698.9713680629484
FDR28,OUT027,4124.621292723538
FDT38,OUT017,1452.7719462274142
FDV34,OUT027,2002.3360129789883
FDY52,OUT035,942.347388490324
FDB34,OUT013,1452.7719462274142
DRL23,OUT018,1565.9124561394453
DRB24,OUT046,2516.0641630447235
FDJ50,OUT046,826.4675556613811
FDQ49,OUT035,2516.0641630447235
FDP20,OUT035,2116.6187566804515
FDV19,OUT027,4189.91912957133
NCR54,OUT045,3147.6151353752416
FDO09,OUT010,1508.1662527418368
FDS57,OUT018,1592.156189381971
FDN10,OUT049,2000.6382386132668
FDV23,OUT049,2116.6187566804515
FDY28,OUT049,3507.533248876608
DRG51,OUT013,2673.0810347565875
FDD45,OUT019,305.79147697929284
NCL18,OUT027,5369.179732199705
NCM29,OUT013,2128.3506256076007
FDF17,OUT027,5314.227863335301
FDE22,OUT017,2659.3410439493587
FDQ22,OUT017,718.6663360212399
FDS01,OUT013,2971.422782253906
FDW35,OUT027,984.3996436959809
FDJ33,OUT046,2116.6187566804515
NCF54,OUT035,2867.3645891426468
FDE09,OUT013,1692.4052637806135
NCE06,OUT045,2659.3410439493587
DRH49,OUT049,1361.9202817065009
FDY43,OUT045,2850.195225305985
NCT05,OUT017,4130.217094198964
FDZ34,OUT045,3165.5626794566515
FDL38,OUT017,1454.7392482342025
FDZ31,OUT017,3148.4301620340266
FDR14,OUT035,826.4675556613811
NCN54,OUT049,1341.1285225996608
NCC42,OUT027,3381.8993504367827
FDK08,OUT017,1598.0952950968538
FDP59,OUT013,1625.1411074622142
FDV22,OUT035,2572.995292850803
FDD33,OUT035,3846.4063492394885
DRE60,OUT027,6297.0131901921995
FDK52,OUT046,3845.9956236607604
FDA02,OUT017,2467.039578619989
FDM56,OUT049,1674.0577989165704
FDE57,OUT035,2132.1203276145006
FDM32,OUT045,1479.0521534844565
NCQ30,OUT027,3080.7788974285468
FDQ27,OUT027,2624.7670489238635
FDT60,OUT027,3265.799994005736
FDU43,OUT049,4060.942004963336
NCO55,OUT035,1653.130696983482
FDG02,OUT045,3155.3711303894293
FDJ28,OUT013,3155.3711303894293
FDP40,OUT045,1724.1689497817895
FDJ38,OUT045,3150.2546147005405
NCC54,OUT017,3959.3133268800075
NCZ41,OUT046,2116.6187566804515
FDK38,OUT019,354.9462147601657
FDU52,OUT013,2526.580618799256
FDC40,OUT046,1197.7210280381742
NCR30,OUT017,1090.7876169616668
NCN18,OUT017,1724.1689497817895
FDB50,OUT035,1341.1285225996608
FDG04,OUT013,3156.7942534264425
FDR26,OUT035,2885.443034316657
NCT17,OUT018,2695.8510673699075
FDX35,OUT027,5970.86572083179
FDS12,OUT046,2116.6187566804515
NCZ29,OUT027,3295.656864152481
FDB38,OUT010,1073.3050688469825
FDP12,OUT013,718.6663360212399
FDP22,OUT046,748.1592562462648
FDS26,OUT018,3342.261643408447
FDR52,OUT046,3150.8592752834747
DRJ13,OUT046,2676.98942411955
FDU48,OUT027,3371.040479137257
FDE29,OUT035,910.4888553069338
NCT29,OUT049,2108.3823107050407
DRK37,OUT018,2695.8510673699075
FDK55,OUT046,1456.5966862689609
FDR07,OUT046,1560.3592776216633
FDO21,OUT027,5863.492954702666
FDK46,OUT049,4186.306347571012
FDB12,OUT045,1617.191891349596
FDT31,OUT027,4989.223837239959
FDJ33,OUT045,2116.6187566804515
FDC26,OUT027,2966.395917591772
NCQ02,OUT045,3158.618706092957
FDP08,OUT010,1259.63515551089
FDB11,OUT027,5677.07808980645
FDV55,OUT013,2467.039578619989
FDW20,OUT049,2105.764736035995
NCJ18,OUT019,269.2639491352167
FDC41,OUT018,747.2965953520419
FDE14,OUT027,2638.5886779024186
FDG35,OUT013,2888.1604431444366
FDF45,OUT035,826.4675556613811
FDS19,OUT027,2261.8672379060263
FDS58,OUT019,391.6366846935426
FDA26,OUT017,3660.135879056246
FDM32,OUT049,1456.5966862689609
FDL45,OUT046,2116.6187566804515
FDZ55,OUT049,2628.5071560178644
FDY37,OUT049,2132.1203276145006
FDO46,OUT046,3155.3711303894293
FDQ60,OUT046,2100.2094097584786
FDA19,OUT018,1575.6385025482384
FDL15,OUT046,2516.0641630447235
FDM10,OUT018,3092.5783809289514
NCL05,OUT017,718.6663360212399
DRK49,OUT010,343.29444885571417
NCE18,OUT027,6430.779691398729
FDG40,OUT049,718.6663360212399
DRI59,OUT045,3764.691869875653
FDK28,OUT035,4099.657491656899
NCD06,OUT019,181.89879793071006
FDO11,OUT019,569.5656310858963
FDK27,OUT046,2095.226463562001
FDT43,OUT027,1377.7882341944892
FDD38,OUT018,1565.9124561394453
FDA16,OUT049,3641.9808690689865
FDL14,OUT027,4090.5456859555125
NCM17,OUT049,718.6663360212399
FDD20,OUT045,2116.6187566804515
FDA40,OUT045,1464.3142820779965
FDL43,OUT045,1341.1285225996608
FDV15,OUT045,1617.191891349596
FDE52,OUT046,1479.0521534844565
NCL17,OUT010,915.7062043626285
NCJ31,OUT045,3925.403897054618
FDR60,OUT045,1341.1285225996608
NCA18,OUT035,1998.0881857736333
FDS21,OUT027,1747.7912069522288
FDW09,OUT035,1341.1285225996608
FDL26,OUT035,2520.1221615557934
FDS47,OUT018,1329.725926205169
FDC39,OUT046,3436.3894797602925
FDT51,OUT035,1710.744406347989
FDK40,OUT035,4201.764166938519
NCG19,OUT045,3838.6760691219197
FDZ07,OUT046,939.6629631439416
FDF08,OUT027,2546.1169696238903
FDO04,OUT013,826.4675556613811
FDK41,OUT018,1131.9618413802525
FDP15,OUT049,3993.4308901178924
NCD43,OUT018,1565.9124561394453
NCP18,OUT013,2473.23003761584
FDZ51,OUT046,1530.3037339171208
DRH13,OUT035,1661.1923046074357
FDF38,OUT045,718.6663360212399
NCI43,OUT045,726.2762193250658
FDM38,OUT027,1817.5108705005064
FDS03,OUT013,1016.9027670419227
DRJ47,OUT017,2867.3645891426468
FDT50,OUT010,665.2809762974653
FDV02,OUT046,2867.3645891426468
NCG18,OUT017,1617.191891349596
FDW52,OUT046,2684.2102458004783
FDS40,OUT035,718.6663360212399
FDN31,OUT017,3150.2546147005405
FDA37,OUT045,2108.3823107050407
FDA15,OUT046,4099.7302276203145
FDL39,OUT046,3005.184435816509
FDJ53,OUT045,2108.3823107050407
FDX22,OUT013,3577.755831503186
NCZ42,OUT045,4037.3570404807747
FDD56,OUT027,5009.255784506531
FDD40,OUT017,3152.7316510641303
FDS50,OUT013,3699.479560455085
NCN14,OUT013,3157.722716946752
FDT15,OUT013,3150.2546147005405
NCS18,OUT027,2608.574986357079
NCO26,OUT010,672.0271093532859
FDF58,OUT018,610.3017739419442
NCB19,OUT013,1452.7719462274142
FDH26,OUT017,2132.1203276145006
DRB24,OUT027,3965.4953177806788
FDA49,OUT018,1269.7984258817532
FDB32,OUT045,1558.7263310490755
FDI36,OUT017,3167.6602990833107
NCA17,OUT010,943.8838857035616
FDH22,OUT013,2116.6187566804515
NCM26,OUT018,2247.328178119341
FDT15,OUT027,5262.066774375599
FDB16,OUT018,1275.0816572678
NCP54,OUT027,3271.2467134448657
FDJ36,OUT013,1614.6042270027867
FDO28,OUT045,2100.2094097584786
FDU09,OUT013,826.4675556613811
FDF29,OUT017,2116.6187566804515
FDY08,OUT013,2132.1203276145006
DRJ59,OUT018,591.9534524130472
FDT23,OUT027,2246.4099413523136
FDU15,OUT018,591.9534524130472
FDT47,OUT013,1574.6633503711803
FDI53,OUT019,400.8534207280194
FDR59,OUT018,3342.261643408447
FDD53,OUT035,718.6663360212399
FDY51,OUT017,3596.196541556113
FDT04,OUT049,718.6663360212399
FDU51,OUT049,2889.948221725017
FDG14,OUT035,2481.5953486099343
NCU06,OUT045,3852.7912548204913
DRG25,OUT046,3155.3711303894293
DRH49,OUT035,1388.4303636005432
FDN15,OUT035,2132.1203276145006
FDL43,OUT018,801.7422396847288
NCT18,OUT049,3148.4301620340266
NCB31,OUT013,4044.5014107374936
FDK57,OUT035,2054.1617799483047
FDY04,OUT019,400.8534207280194
NCP54,OUT046,2108.3823107050407
FDF41,OUT013,3958.3109555448063
FDM01,OUT045,1617.191891349596
FDW03,OUT045,1617.191891349596
FDF28,OUT045,2108.3823107050407
FDY37,OUT017,2132.1203276145006
FDQ03,OUT017,3940.098822622475
FDP51,OUT027,3051.4295138096745
FDJ40,OUT017,1707.902363810528
FDC32,OUT049,1532.5326673526183
DRI49,OUT027,2360.277905672579
NCW54,OUT017,826.4675556613811
FDF09,OUT017,718.6663360212399
FDP45,OUT018,3324.2114939453277
DRJ23,OUT018,2691.1949179165113
FDS59,OUT017,1710.744406347989
FDY08,OUT046,2132.1203276145006
FDX16,OUT049,2473.23003761584
FDY16,OUT018,2691.1949179165113
FDK32,OUT035,2507.4338758817403
FDQ22,OUT013,718.6663360212399
NCC31,OUT018,2275.714480869259
FDG58,OUT049,2516.0641630447235
DRF48,OUT013,3150.2546147005405
DRH36,OUT049,1051.756724688152
NCR30,OUT035,1160.7623190101194
FDB03,OUT019,569.5656310858963
FDZ28,OUT027,3285.848305945429
FDR35,OUT017,3187.2902110824243
DRD15,OUT027,6361.127407506122
FDJ33,OUT019,269.2639491352167
FDA56,OUT010,672.0271093532859
FDP56,OUT046,726.2762193250658
NCT30,OUT046,726.2762193250658
FDK15,OUT017,1598.0952950968538
FDH44,OUT018,2148.2394457582773
FDV01,OUT013,2521.2816558711565
DRG03,OUT017,2490.6959906985094
FDG50,OUT027,2595.8937236228735
FDR16,OUT010,1377.2837317413055
FDZ60,OUT046,1653.130696983482
DRG03,OUT045,2516.0641630447235
FDS56,OUT018,3342.261643408447
FDU33,OUT045,725.1384803753873
DRD27,OUT035,1596.0843639760005
FDW22,OUT046,3835.6580519014838
DRA24,OUT045,2670.1823803985485
FDF38,OUT049,718.6663360212399
FDX48,OUT013,2516.0641630447235
FDS58,OUT018,2388.0401694612883
FDC32,OUT046,1516.7070950930042
NCQ29,OUT045,4082.712851627541
DRK39,OUT018,1131.9618413802525
NCS38,OUT017,1956.780638870668
DRO47,OUT013,1728.8201331020111
DRG27,OUT027,975.3360110472199
FDC57,OUT027,5276.679482391766
FDS55,OUT046,2467.039578619989
NCJ06,OUT018,1572.5521379888364
FDO01,OUT019,269.7206004054753
NCM55,OUT045,3148.4301620340266
FDC52,OUT049,2486.507494544958
FDQ15,OUT045,1359.7622240774904
NCT30,OUT027,1351.0353218932162
NCR42,OUT027,920.5259826813493
FDD28,OUT035,828.9717680538344
FDQ34,OUT049,1617.191891349596
FDZ12,OUT027,3283.2745901817198
DRE13,OUT019,328.1394681798912
NCN07,OUT019,270.83987446087724
FDM28,OUT035,2995.3490788495315
FDI10,OUT017,2872.433181717394
FDQ25,OUT013,2853.603111699523
FDA38,OUT010,1469.3947861157485
DRI13,OUT049,3598.056409628511
FDY20,OUT027,2571.6560959651483
NCZ53,OUT035,3155.3711303894293
NCM31,OUT013,2452.5087195519354
DRB01,OUT017,3150.2546147005405
DRF37,OUT046,4131.928011029187
NCF42,OUT049,2889.948221725017
FDF16,OUT018,2156.046998424816
FDB41,OUT013,726.2762193250658
FDR34,OUT013,3934.0557728705157
FDR15,OUT018,2272.217612413259
NCV42,OUT019,269.2639491352167
FDW51,OUT035,3519.6737096840516
FDU36,OUT017,1574.6633503711803
FDX60,OUT049,1372.4110445836893
FDY03,OUT035,1886.7639543910198
FDW55,OUT045,4103.137710167162
FDT01,OUT010,1376.0142954969756
FDG58,OUT013,2521.2816558711565
FDK21,OUT017,4115.540835097402
NCS41,OUT019,469.84904250906874
FDS10,OUT045,3139.504005231052
NCT53,OUT046,2686.0346984669923
FDJ28,OUT018,2715.8909937495664
FDX44,OUT045,1456.5966862689609
FDT20,OUT018,591.9534524130472
FDO44,OUT017,1692.4052637806135
NCX17,OUT049,3867.528672415726
FDY01,OUT017,2000.6382386132668
FDJ12,OUT027,5444.998786301513
DRK35,OUT018,591.9534524130472
FDD47,OUT019,406.8007619448058
NCM53,OUT035,1647.895053401979
FDO45,OUT013,1454.7392482342025
NCM42,OUT010,673.9673806387659
FDE04,OUT046,2977.8323673222994
NCI30,OUT027,6287.874220408155
FDZ19,OUT013,2872.433181717394
FDW57,OUT013,2897.43534766594
FDA25,OUT013,1614.6042270027867
FDT22,OUT046,865.8769237973391
FDP51,OUT013,2038.8577698081688
FDD48,OUT027,3060.316941614726
FDY39,OUT035,3150.2546147005405
FDO48,OUT010,1402.1905800129375
FDD23,OUT027,5195.814915551456
DRN35,OUT027,946.2652688422587
FDT01,OUT035,3516.9116974323033
FDC20,OUT010,353.6596094772147
DRJ35,OUT035,939.6629631439416
FDB32,OUT046,1546.4126269811002
FDL24,OUT046,2875.431542897884
NCV42,OUT035,1767.5448174725896
FDZ46,OUT046,1674.0577989165704
FDC15,OUT013,2529.336380684354
FDD08,OUT019,181.89879793071006
FDY50,OUT049,1479.0521534844565
FDD36,OUT013,2054.1617799483047
FDG57,OUT027,1376.9869230167394
FDL21,OUT018,591.9534524130472
FDN16,OUT027,2592.1764926880014
FDJ09,OUT027,988.6634252701854
FDS01,OUT010,1168.8217790983217
FDV33,OUT017,4200.418401279808
DRE12,OUT017,1956.780638870668
FDR07,OUT013,1574.6633503711803
FDP48,OUT010,1201.9448205349604
NCB55,OUT035,828.9717680538344
FDQ08,OUT013,894.2186375498603
FDR34,OUT035,3946.528940927778
FDO33,OUT046,1731.537559466772
FDP13,OUT045,718.6663360212399
FDX12,OUT049,4069.5731120452465
NCT06,OUT049,2822.417397328498
FDR16,OUT019,561.8702982310173
FDE36,OUT046,2686.0346984669923
FDZ36,OUT049,3150.2546147005405
FDV13,OUT045,1462.6251722533575
NCZ17,OUT035,718.6663360212399
FDU56,OUT045,3145.1860221257934
FDM09,OUT035,2869.5787246232444
FDV02,OUT017,2867.3645891426468
FDS34,OUT018,1572.5521379888364
FDA11,OUT049,1558.7263310490755
FDP09,OUT017,3591.1309348796094
FDB29,OUT027,2980.027526827936
FDT19,OUT017,2889.0278750494226
DRH15,OUT017,719.9581070527206
FDY38,OUT046,3823.8350032549865
FDF14,OUT027,3713.2645954173645
FDN48,OUT010,626.5311218273964
FDQ12,OUT013,3950.7963516447358
NCJ43,OUT045,2872.433181717394
FDE17,OUT019,358.76541766791337
FDB05,OUT035,3988.96006641521
FDH10,OUT045,3143.1099479668815
NCR06,OUT017,718.6663360212399
FDU32,OUT018,1572.5521379888364
FDD56,OUT049,2870.60872905088
FDO36,OUT018,2676.2822334172693
FDH16,OUT010,654.8651874417046
FDX10,OUT018,591.9534524130472
FDZ37,OUT017,1462.6251722533575
FDU31,OUT010,1385.5766583244747
DRC49,OUT049,2132.1203276145006
FDL15,OUT045,2490.6959906985094
FDN32,OUT019,495.1393745902741
DRH59,OUT027,1979.0243375130617
NCU29,OUT049,2473.23003761584
FDR37,OUT019,471.43975416359933
FDS14,OUT018,2314.476680263778
FDU02,OUT027,6043.872861680737
FDJ08,OUT035,3152.6837279499887
NCZ06,OUT045,3954.744489439254
FDO31,OUT049,1372.4110445836893
FDH31,OUT018,1565.9124561394453
FDS58,OUT017,2638.71587500601
NCA53,OUT027,1381.7490537794129
FDF50,OUT046,3167.6602990833107
NCW42,OUT049,3815.0978312547895
NCQ17,OUT045,2533.5840593828434
FDK51,OUT018,3348.2759847467228
NCW41,OUT010,1007.3861250542855
NCR29,OUT017,826.4675556613811
FDB08,OUT019,390.0824337984516
FDA40,OUT027,2437.7936711727334
FDL14,OUT018,2331.9413914995503
FDB47,OUT046,3533.1020015375025
FDO03,OUT035,3928.8722258034854
DRK13,OUT019,512.9735744701155
FDX13,OUT010,1484.8794963663458
FDF52,OUT046,3150.2546147005405
FDT11,OUT013,3150.2546147005405
FDB08,OUT013,2642.77387351708
FDQ28,OUT018,2272.217612413259
FDD29,OUT045,4111.75253296728
NCQ29,OUT027,6308.711286847401
NCO02,OUT013,1016.9027670419227
FDR56,OUT010,1286.8683929963531
NCM54,OUT049,2116.6187566804515
FDP51,OUT035,2000.6382386132668
FDT38,OUT013,1451.0455390389707
FDZ20,OUT018,3324.2114939453277
FDJ53,OUT013,2102.904125417354
FDX13,OUT049,4098.887907373626
FDP58,OUT035,3603.5345773648332
NCK31,OUT019,182.92518587338148
FDA35,OUT018,1572.5521379888364
FDV37,OUT018,3084.1071583033504
NCO07,OUT027,5315.516532903981
FDA20,OUT045,3150.2546147005405
FDZ59,OUT035,2847.2964653676595
NCY17,OUT017,719.9581070527206
FDQ28,OUT035,2514.1003917401863
FDV35,OUT017,2521.2816558711565
FDQ36,OUT013,718.6663360212399
FDD34,OUT018,2413.9794006446778
FDK51,OUT045,4278.807931594628
FDV31,OUT035,2872.433181717394
FDR04,OUT035,1560.3592776216633
FDR14,OUT049,826.4675556613811
DRC36,OUT010,1164.097435607111
FDE39,OUT019,269.2639491352167
FDP57,OUT049,1617.191891349596
FDE57,OUT046,2132.1203276145006
NCN18,OUT046,1713.7629628843717
NCQ05,OUT018,2156.046998424816
FDW47,OUT035,2102.904125417354
FDV46,OUT035,2132.1203276145006
NCP29,OUT045,942.347388490324
FDE09,OUT018,1565.9124561394453
NCU06,OUT027,6432.107084942289
FDT19,OUT010,1158.9320928548225
DRF15,OUT017,2486.507494544958
DRI51,OUT013,2846.9510853977517
NCX54,OUT013,1617.191891349596
DRE01,OUT013,3996.450543954812
NCB07,OUT045,3147.6151353752416
FDU50,OUT035,1956.780638870668
FDG40,OUT035,718.6663360212399
FDW10,OUT018,2662.5713233861943
FDX51,OUT013,3157.8002436388774
NCP17,OUT045,992.269688854603
FDP21,OUT035,3150.2546147005405
FDL04,OUT045,1625.1411074622142
FDV23,OUT013,2108.3823107050407
FDF24,OUT046,1372.4110445836893
FDH56,OUT027,3139.564276389927
FDB51,OUT049,935.3019773241188
FDI58,OUT027,2549.3337526037963
FDR20,OUT013,726.2762193250658
FDC51,OUT018,1572.5521379888364
FDB16,OUT027,2358.355570268686
FDE40,OUT049,910.4888553069338
NCM17,OUT035,718.6663360212399
FDU56,OUT035,3157.722716946752
FDS32,OUT019,270.83987446087724
FDX02,OUT049,3836.9215543333976
FDT39,OUT027,4404.179186144025
FDE35,OUT017,826.4675556613811
NCI42,OUT019,557.7119224600058
DRL23,OUT046,1625.1411074622142
FDA10,OUT046,2108.3823107050407
FDA11,OUT013,1558.7263310490755
NCM06,OUT046,2521.2816558711565
NCT05,OUT035,4142.568515199695
NCQ02,OUT010,1229.8816915623286
NCY06,OUT049,2128.3506256076007
FDY56,OUT035,3851.058095235176
FDL02,OUT035,1617.191891349596
NCI06,OUT035,2908.7195408105144
FDQ14,OUT045,2473.23003761584
FDQ12,OUT017,3932.0838480476527
FDP36,OUT046,726.2762193250658
FDK21,OUT027,6844.022444876227
FDO40,OUT045,2473.23003761584
NCK54,OUT019,269.2639491352167
FDY09,OUT018,2662.5713233861943
NCW30,OUT049,4160.769309535199
NCC55,OUT027,902.6076859683213
FDE58,OUT018,1572.5521379888364
FDR39,OUT013,3145.1860221257934
FDU28,OUT049,3145.1860221257934
FDH08,OUT017,3952.1437241273293
FDG35,OUT045,2888.1604431444366
FDG22,OUT049,718.6663360212399
FDC34,OUT035,2559.370741942239
FDP15,OUT018,3335.2939272710555
FDK34,OUT010,1470.0210573464137
FDU45,OUT035,1998.0881857736333
FDQ04,OUT027,964.4312959111838
FDX22,OUT018,3092.5783809289514
FDB45,OUT017,1617.191891349596
NCH43,OUT027,5469.217909478483
DRE60,OUT046,3778.9345715200193
FDD17,OUT027,6290.444363606546
NCM54,OUT017,2116.6187566804515
NCH55,OUT013,2116.6187566804515
NCT06,OUT017,2680.9661058922447
FDA48,OUT027,5612.608295591537
FDY58,OUT027,6520.512939370881
FDO25,OUT045,3511.5485443182306
FDN50,OUT045,1558.7263310490755
FDH35,OUT035,2693.845057398908
FDK09,OUT045,3798.3418223750296
FDO16,OUT013,1375.3477802125874
FDW11,OUT045,1014.223847461919
FDU47,OUT027,3672.6926752636846
NCQ42,OUT010,672.0271093532859
FDK55,OUT027,2606.4360768491956
FDN08,OUT049,1998.0881857736333
FDT57,OUT045,4022.5458190285735
FDJ12,OUT018,3088.497013884281
DRL59,OUT017,760.4750413677423
NCN53,OUT046,718.6663360212399
FDO51,OUT010,343.29444885571417
FDK56,OUT017,3150.2546147005405
FDY12,OUT035,762.7100485029044
FDU15,OUT035,718.6663360212399
FDQ19,OUT046,4070.3225232147684
DRF15,OUT045,2516.0641630447235
DRE25,OUT019,310.4855701155511
FDK57,OUT018,1572.5521379888364
FDD33,OUT010,1458.9243778960983
FDR34,OUT027,6549.949453628014
FDU04,OUT045,2105.764736035995
FDE35,OUT019,195.73658836710314
NCD31,OUT035,2678.543035995669
FDJ56,OUT035,1598.0952950968538
NCU53,OUT046,2686.0346984669923
FDD39,OUT035,3581.795119796557
NCU17,OUT019,271.20422042069674
FDJ20,OUT046,2108.3823107050407
NCW41,OUT018,2327.758522641424
FDL52,OUT035,718.6663360212399
FDS39,OUT035,2132.1203276145006
DRJ47,OUT045,2867.3645891426468
FDP13,OUT010,343.29444885571417
DRK39,OUT010,577.1955345990744
FDF28,OUT010,672.0271093532859
FDB09,OUT045,2116.6187566804515
FDM51,OUT046,1598.0952950968538
DRM49,OUT018,591.9534524130472
DRF23,OUT013,2880.9606487181045
DRH01,OUT035,2867.3645891426468
FDH12,OUT027,2630.642372197493
FDA28,OUT019,269.2639491352167
FDW37,OUT018,1335.146356427404
FDF02,OUT046,1617.191891349596
DRL37,OUT046,718.6663360212399
NCF43,OUT046,2132.1203276145006
FDH08,OUT010,1440.2307466429907
FDR34,OUT019,569.5656310858963
NCK19,OUT049,3152.6837279499887
NCD55,OUT018,591.9534524130472
FDT27,OUT049,3943.977437848199
FDQ57,OUT045,2467.039578619989
FDA47,OUT035,2667.9645190676993
DRG15,OUT027,1801.7482382300097
FDE05,OUT018,2148.2394457582773
FDN46,OUT046,1603.952007632189
FDX27,OUT027,2647.9342625936774
FDT51,OUT045,1704.8589591863742
FDU33,OUT013,719.9581070527206
FDJ16,OUT027,1754.3943828271936
FDD20,OUT019,269.2639491352167
FDT36,OUT049,718.6663360212399
DRF15,OUT027,3618.002553353674
FDN52,OUT010,651.5642409722328
FDC22,OUT027,5329.258195533401
FDX15,OUT045,2633.328136066341
FDT13,OUT013,3153.5466777229153
FDU04,OUT017,2105.764736035995
FDU31,OUT019,560.7503038121063
FDW59,OUT027,2347.296695155919
NCO29,OUT046,2686.0346984669923
FDL15,OUT035,2486.507494544958
FDI41,OUT049,2467.039578619989
FDQ48,OUT049,1593.2749922709334
DRI39,OUT013,826.4675556613811
FDI08,OUT013,4110.194242595102
FDC21,OUT049,1704.8589591863742
FDF58,OUT035,942.347388490324
FDS08,OUT010,1168.003285667823
FDE47,OUT045,2108.3823107050407
NCP18,OUT019,360.22679690113415
NCR41,OUT013,1574.6633503711803
FDA27,OUT013,4091.8465601643165
FDA43,OUT035,3152.6837279499887
FDA49,OUT045,1452.7719462274142
NCE55,OUT018,2675.987517446309
DRM49,OUT027,982.4922320160166
FDF22,OUT027,5454.725909790159
FDQ15,OUT018,1080.4568428820523
NCS54,OUT017,2875.7252447397677
NCY05,OUT013,718.6663360212399
FDR45,OUT046,4052.7506617529816
FDK57,OUT049,2105.764736035995
FDF41,OUT010,1490.2629332330125
FDV21,OUT046,2116.6187566804515
FDD51,OUT046,725.1384803753873
FDF33,OUT046,1674.0577989165704
FDA38,OUT046,4035.6736511411077
FDR56,OUT045,3150.8592752834747
NCN41,OUT017,2108.3823107050407
FDC60,OUT027,2510.448391061214
FDB47,OUT045,3533.1020015375025
DRH01,OUT013,2867.3645891426468
FDW08,OUT046,1622.3859104444762
FDF38,OUT027,959.5937950821768
FDY32,OUT017,2673.426520306781
FDG34,OUT049,1674.0577989165704
FDG47,OUT019,569.5656310858963
NCF18,OUT035,3145.1860221257934
FDL39,OUT019,462.36767704790435
NCH55,OUT035,2116.6187566804515
DRJ35,OUT049,910.4888553069338
FDS44,OUT035,3930.8962312363465
DRE01,OUT018,3292.635899384961
FDY39,OUT013,3150.2546147005405
FDY32,OUT018,2419.362837511344
FDR33,OUT027,3166.616222063587
NCP50,OUT049,1372.4110445836893
FDZ47,OUT018,1524.3642381739535
FDU57,OUT049,2486.507494544958
FDY44,OUT013,3155.9757909723635
DRH59,OUT018,650.6781626077277
FDB03,OUT027,6424.095484040116
FDY46,OUT045,3145.1860221257934
FDM39,OUT045,2895.0168142997636
FDY36,OUT035,1119.336370336285
NCM55,OUT035,3148.4301620340266
FDJ50,OUT010,346.8782571509954
DRL60,OUT013,2475.722143773364
NCJ54,OUT049,3917.792872435324
FDX59,OUT017,718.6663360212399
FDI07,OUT013,3194.710390214495
DRF51,OUT010,343.29444885571417
FDM14,OUT017,1674.0577989165704
FDP21,OUT045,3150.2546147005405
FDE40,OUT035,965.0177902953421
FDE05,OUT035,2467.039578619989
FDM13,OUT027,3319.4390252709004
FDC34,OUT027,3843.9078869438845
NCI55,OUT018,1572.5521379888364
NCE43,OUT018,2435.735246163043
FDW58,OUT018,1565.9124561394453
FDG60,OUT045,3982.73880826851
FDV31,OUT017,2880.9606487181045
FDR47,OUT013,3147.6151353752416
FDM60,OUT019,181.89879793071006
NCF06,OUT018,3342.261643408447
NCN26,OUT027,3033.5214330895265
FDQ59,OUT049,1452.7719462274142
FDF09,OUT046,718.6663360212399
NCS06,OUT017,4221.865137043805
FDT44,OUT046,2006.1597780043967
FDI19,OUT017,4064.5709853329063
FDT22,OUT017,894.2186375498603
NCF54,OUT027,4172.582852338427
DRG25,OUT045,3155.3711303894293
FDB59,OUT017,3155.1715273764935
FDQ37,OUT017,3149.441281708199
FDP56,OUT035,726.2762193250658
FDW44,OUT035,2872.433181717394
FDJ26,OUT010,1377.9100029719705
FDU43,OUT018,3277.0333186348157
FDW33,OUT045,1622.3859104444762
NCX53,OUT027,3407.4487302097905
FDN56,OUT010,933.2570081499513
DRF15,OUT049,2486.507494544958
FDO33,OUT017,1956.780638870668
FDZ39,OUT010,673.9673806387659
NCJ19,OUT017,826.4675556613811
FDU01,OUT035,3157.722716946752
FDT12,OUT035,3832.269605493612
NCM18,OUT018,610.3017739419442
FDP19,OUT017,2116.6187566804515
NCR42,OUT049,718.6663360212399
FDN10,OUT046,2024.9725898303734
FDG44,OUT017,826.4675556613811
FDQ10,OUT046,2870.60872905088
DRH13,OUT049,1625.1411074622142
FDT52,OUT013,4079.634434183646
FDM56,OUT045,1704.8589591863742
NCO43,OUT010,673.9673806387659
NCV29,OUT035,2911.6115076317924
NCF06,OUT013,4168.131181920961
FDO50,OUT035,1488.8699098020543
FDT59,OUT013,3952.361612334583
FDX40,OUT027,941.8575581764351
FDE50,OUT017,3150.302537814682
FDX51,OUT017,3160.24011995124
NCD30,OUT018,1524.3642381739535
FDK15,OUT013,1598.0952950968538
FDL12,OUT045,935.3019773241188
FDK46,OUT017,4184.182593476822
DRH49,OUT010,566.2033906414304
FDQ57,OUT046,2467.039578619989
FDY59,OUT017,1532.5326673526183
FDO09,OUT018,3347.6450802751137
NCG30,OUT035,2116.6187566804515
FDM09,OUT017,2849.671444950502
NCN17,OUT027,2633.824225522719
NCS42,OUT013,1480.9256029053724
FDD02,OUT019,269.2639491352167
FDE34,OUT013,3147.809976610613
FDU38,OUT045,3152.6837279499887
FDB33,OUT046,2571.210885482157
NCJ29,OUT017,1452.7719462274142
FDZ27,OUT035,726.2762193250658
FDI40,OUT013,1598.0952950968538
FDG22,OUT013,718.6663360212399
FDT51,OUT017,1704.8589591863742
FDF20,OUT018,3084.1071583033504
FDV50,OUT035,2108.3823107050407
FDT02,OUT049,718.6663360212399
DRC49,OUT017,2467.039578619989
FDF26,OUT049,2481.5953486099343
FDV52,OUT035,2032.7088598317562
FDX59,OUT049,718.6663360212399
FDV25,OUT035,3763.311418598728
FDW23,OUT027,943.2190960583795
FDE53,OUT018,1565.9124561394453
FDA19,OUT017,2128.3506256076007
FDH22,OUT046,2116.6187566804515
NCO41,OUT013,1580.3345344252145
FDX12,OUT017,4076.222320275185
FDF17,OUT013,3155.123604262352
FDS11,OUT045,3832.0222474334378
FDR51,OUT035,2473.23003761584
FDT49,OUT010,673.9673806387659
FDC56,OUT013,2102.904125417354
FDR13,OUT027,3050.716650338256
FDQ60,OUT035,2102.904125417354
FDN38,OUT049,3967.2310453462064
NCL29,OUT013,2571.51348464365
FDO13,OUT027,4164.575145551076
FDE26,OUT018,2125.471178390885
FDA31,OUT010,1154.2256530776083
FDX14,OUT035,1135.5162857907378
FDA34,OUT045,2890.428648912946
FDF26,OUT013,2511.67149524431
FDE38,OUT045,2845.3414258906996
DRI11,OUT046,1926.6543786675
FDQ60,OUT027,3057.027975995416
FDL21,OUT027,935.2116540598661
DRC12,OUT027,5479.231010169608
FDC47,OUT046,3790.2466951010956
FDE57,OUT045,2132.1203276145006
FDT14,OUT045,2102.904125417354
NCZ53,OUT046,3155.3711303894293
FDE28,OUT018,3227.248771530214
FDR19,OUT035,2452.5087195519354
NCF54,OUT019,422.3800478572154
FDZ08,OUT046,1372.4110445836893
NCJ05,OUT018,2247.328178119341
FDF59,OUT046,2116.6187566804515
NCO05,OUT035,1598.0952950968538
FDW24,OUT018,591.9534524130472
NCX42,OUT018,2441.7495875013187
NCA53,OUT035,726.2762193250658
FDI45,OUT019,427.053407080906
FDG46,OUT046,1884.5970595677247
FDM20,OUT010,1469.3947861157485
FDW11,OUT010,361.64277038461097
FDX08,OUT035,2965.2173877587197
NCK17,OUT035,718.6663360212399
FDK32,OUT018,2172.834465210159
NCA42,OUT035,2626.15866584055
DRI01,OUT035,2869.5787246232444
NCL55,OUT049,4103.702920964286
DRE25,OUT018,1503.3651209516736
FDD14,OUT017,3140.6808347174333
FDB10,OUT046,3995.903773779513
DRN11,OUT035,2467.039578619989
FDP38,OUT018,591.9534524130472
NCA30,OUT017,3145.1860221257934
FDT15,OUT017,3150.2546147005405
NCP55,OUT018,602.3186130345479
FDF12,OUT035,2473.23003761584
FDM21,OUT018,3335.2939272710555
FDX56,OUT035,3489.0282947964542
FDF10,OUT017,2467.039578619989
FDT32,OUT045,3145.1860221257934
FDM51,OUT018,1565.9124561394453
NCR50,OUT018,2247.328178119341
FDI19,OUT049,4049.7298445990587
FDX21,OUT017,1653.130696983482
FDR31,OUT035,2467.039578619989
FDY02,OUT013,4086.278280574992
NCA29,OUT045,2886.173417955273
NCX17,OUT046,3800.7930760620693
FDM12,OUT045,3145.1860221257934
FDI53,OUT027,3928.3729393871804
NCU30,OUT049,2695.5029438089637
FDC56,OUT027,3217.225331801086
FDK27,OUT018,1572.5521379888364
NCK18,OUT017,2857.7635157941854
FDB52,OUT019,569.5656310858963
DRG25,OUT027,5321.250547560476
FDZ13,OUT049,749.7356613078913
FDB57,OUT019,568.4874809881758
FDR40,OUT046,1375.3477802125874
NCO14,OUT019,181.89879793071006
NCN19,OUT045,3153.5466777229153
FDQ28,OUT019,369.950803053739
FDO13,OUT018,2435.735246163043
FDK48,OUT013,1341.1285225996608
FDU07,OUT018,2195.9653459289448
FDW20,OUT046,2108.3823107050407
FDV12,OUT010,676.2578499887817
FDH24,OUT013,2610.546857678967
FDV59,OUT049,3579.3144091649906
FDK57,OUT045,2102.904125417354
FDL16,OUT027,979.4537267026997
NCQ17,OUT046,2531.120788052999
FDJ15,OUT018,2691.1949179165113
FDX24,OUT049,1534.2830634726502
FDT47,OUT046,1565.3536504601082
FDT10,OUT049,910.4888553069338
FDZ37,OUT018,1280.6541532589602
FDW43,OUT027,6566.404296241986
DRN36,OUT017,1558.7263310490755
FDJ14,OUT045,1361.9202817065009
FDA32,OUT013,3584.460533421933
FDJ38,OUT019,501.85810970295773
FDQ57,OUT017,2471.0975771310586
NCQ41,OUT019,511.33246141474973
FDG56,OUT049,894.2186375498603
DRC13,OUT027,3312.2125068209884
FDV55,OUT035,2467.039578619989
FDQ49,OUT045,2575.268883993228
FDE29,OUT010,361.64277038461097
FDR03,OUT013,3494.620957668548
FDD45,OUT049,1516.7070950930042
FDN38,OUT010,1501.586581907183
FDT56,OUT046,828.9717680538344
FDT48,OUT045,3270.287544847856
FDU03,OUT049,2992.1049389412983
FDC56,OUT010,672.0271093532859
NCO43,OUT027,2611.789422451038
FDQ27,OUT017,1612.0174432063475
FDR03,OUT046,3490.4483542400053
DRH23,OUT010,353.6596094772147
FDG22,OUT045,718.6663360212399
NCJ42,OUT013,1617.191891349596
FDR24,OUT046,1480.9256029053724
FDW60,OUT035,2880.5013500358596
FDJ08,OUT013,3150.2546147005405
DRL59,OUT018,592.9798403557188
FDG60,OUT010,1464.6809605512735
FDW27,OUT017,2537.642057893914
FDX14,OUT018,1041.3219156821347
FDC20,OUT013,826.4675556613811
NCS29,OUT018,3342.261643408447
FDJ56,OUT046,1598.0952950968538
FDB20,OUT019,301.1211331908119
FDL28,OUT027,6442.217061027879
FDW01,OUT018,2172.834465210159
FDL03,OUT046,3150.0550116876047
FDX22,OUT049,3574.909924155007
FDJ21,OUT035,2467.039578619989
FDR31,OUT045,2473.23003761584
FDG21,OUT035,2481.5953486099343
FDS22,OUT027,974.1064153091362
FDK08,OUT035,1598.0952950968538
FDE17,OUT018,2172.834465210159
NCN30,OUT017,1560.3592776216633
FDT50,OUT046,1574.6633503711803
NCX42,OUT049,2685.8486102102675
FDJ12,OUT035,3541.535173439213
NCA18,OUT027,3029.39919598781
FDP23,OUT019,560.7503038121063
FDX12,OUT013,4075.532888934294
FDN40,OUT018,2210.166624949809
FDV48,OUT035,1341.1285225996608
NCY54,OUT013,2872.433181717394
FDL16,OUT010,343.29444885571417
FDR45,OUT018,3287.2524625182937
FDJ52,OUT046,2650.340090640575
DRG01,OUT017,1341.1285225996608
FDP52,OUT013,3944.7190700255032
FDU58,OUT017,3150.2546147005405
FDL02,OUT045,1625.1411074622142
FDG28,OUT013,4079.634434183646
FDA19,OUT035,2116.6187566804515
FDW46,OUT027,1924.234908900485
NCD43,OUT049,1617.191891349596
DRG39,OUT013,749.7356613078913
NCF55,OUT049,718.6663360212399
FDJ07,OUT046,2006.1597780043967
FDE08,OUT046,2473.23003761584
FDP56,OUT019,181.89879793071006
FDT45,OUT045,796.987690488793
FDF17,OUT018,2766.6260023900563
FDX44,OUT046,1456.5966862689609
FDM28,OUT027,5126.237508924995
FDI36,OUT049,3155.123604262352
FDS07,OUT045,1998.0881857736333
FDD36,OUT045,2006.1597780043967
FDW11,OUT046,910.4888553069338
FDN40,OUT049,2516.0641630447235
NCQ18,OUT049,1580.3345344252145
NCQ54,OUT017,2845.3893490048404
NCS42,OUT045,1488.8699098020543
DRH39,OUT010,449.7284962115493
FDC09,OUT027,2611.0788710602787
FDT08,OUT010,944.1924371943111
FDC08,OUT035,3875.584466003076
FDT20,OUT017,718.6663360212399
FDS35,OUT035,1014.223847461919
FDX58,OUT018,2676.2822334172693
FDW58,OUT046,1630.3546869507568
DRD27,OUT046,1596.0843639760005
FDH32,OUT019,283.74808025040386
FDS26,OUT035,4062.082936860966
FDQ31,OUT046,1452.7719462274142
FDP11,OUT018,3128.014296545616
FDD58,OUT017,1598.0952950968538
FDM33,OUT045,3522.5796803044313
FDZ16,OUT049,3147.6151353752416
NCS29,OUT010,1502.156544644505
NCM18,OUT019,195.73658836710314
FDP11,OUT049,3612.0360382643976
NCC42,OUT017,2132.1203276145006
DRM23,OUT046,2867.3645891426468
NCN55,OUT027,6217.091672304007
FDK46,OUT013,4180.130514577765
FDR01,OUT046,3182.173695393536
NCA05,OUT045,2473.23003761584
NCP43,OUT017,2900.8584526380127
FDR12,OUT010,1081.9353516879573
FDQ01,OUT013,3992.6603538887884
FDM13,OUT046,2128.3506256076007
FDQ19,OUT017,4084.035303427701
FDK56,OUT019,492.12367269636786
NCX06,OUT010,1198.7418244019357
FDO56,OUT027,3166.7596590697904
FDU45,OUT045,1803.95972023013
FDI16,OUT019,187.75342745970676
FDL32,OUT046,1905.4465505333892
FDA07,OUT046,2113.888382757826
FDA14,OUT045,2467.039578619989
FDV46,OUT027,3427.19169949268
NCO07,OUT035,3590.124659972654
NCP41,OUT046,1630.3546869507568
FDY60,OUT018,1583.7137405797466
FDN38,OUT017,3975.5178182853515
FDO15,OUT046,1119.336370336285
FDT60,OUT013,2108.3823107050407
FDA55,OUT035,3851.058095235176
FDE02,OUT010,662.6985927864366
DRJ39,OUT049,3742.5061211905745
FDV34,OUT035,1096.3990986668114
FDS20,OUT027,5263.947522445165
FDF02,OUT027,2737.8268190744775
FDW40,OUT017,2149.4055288760665
NCB43,OUT046,3145.1860221257934
FDR58,OUT017,1480.9256029053724
DRJ59,OUT035,718.6663360212399
NCD30,OUT017,1593.2749922709334
FDE14,OUT017,1580.3345344252145
FDC28,OUT018,1565.9124561394453
FDU16,OUT018,1140.711548572832
NCD19,OUT035,826.4675556613811
FDU21,OUT046,718.6663360212399
FDV59,OUT027,5494.572259513429
FDU03,OUT045,3155.2780788568252
FDC33,OUT010,1378.1679729964985
NCR42,OUT035,718.6663360212399
DRH59,OUT035,1135.5162857907378
NCM31,OUT035,2132.1203276145006
FDS50,OUT035,3832.3642154983613
FDP39,OUT046,763.9962440355449
FDQ55,OUT013,2000.6382386132668
FDV36,OUT019,269.2639491352167
FDI05,OUT027,2299.87650279561
FDS45,OUT027,2606.1963420919665
FDA39,OUT045,718.6663360212399
FDC37,OUT010,673.9673806387659
FDJ60,OUT027,4217.246649408648
DRQ35,OUT046,2108.3823107050407
NCJ06,OUT046,2102.904125417354
NCY42,OUT018,2148.2394457582773
DRM37,OUT049,3163.395970104433
FDR14,OUT045,749.7356613078913
FDE51,OUT049,719.9581070527206
FDT33,OUT017,2845.3414258906996
FDR08,OUT013,1803.95972023013
FDE36,OUT010,1077.4240404271077
FDL22,OUT019,316.3048022394897
FDR44,OUT013,2130.0788449522083
FDI56,OUT019,318.0057478275087
FDE47,OUT010,672.0271093532859
FDV27,OUT010,664.151751295785
FDV10,OUT049,718.6663360212399
FDC40,OUT045,1341.1285225996608
NCX41,OUT013,3583.4533733981707
NCQ38,OUT027,2601.2844845160234
FDV12,OUT027,2592.874161541995
FDE52,OUT017,1462.6251722533575
FDG20,OUT027,5039.034108453196
FDV16,OUT027,941.8575581764351
FDI32,OUT017,1956.780638870668
FDJ32,OUT049,935.3019773241188
FDN39,OUT018,2435.735246163043
FDY34,OUT017,2850.4579415795874
FDC14,OUT035,718.6663360212399
FDA55,OUT017,3862.3521982114103
FDZ50,OUT010,1202.3092189103727
DRG13,OUT049,2680.9661058922447
FDP01,OUT013,2514.1003917401863
NCG54,OUT017,2872.433181717394
FDM13,OUT045,2130.0788449522083
NCO18,OUT027,5083.271815436014
NCW41,OUT013,2531.7996520141983
FDM52,OUT027,3708.659511814042
NCF55,OUT035,718.6663360212399
FDT09,OUT046,2130.0788449522083
NCM19,OUT035,1704.8589591863742
FDW12,OUT018,2148.2394457582773
FDP15,OUT019,572.2637963840912
FDK36,OUT045,726.2762193250658
FDZ25,OUT035,2870.60872905088
NCW06,OUT049,3149.399542743887
FDW60,OUT046,2916.435679481107
DRC49,OUT013,2467.039578619989
NCT17,OUT035,3150.2546147005405
NCN06,OUT018,2435.735246163043
FDC45,OUT013,2864.5101320484973
DRJ47,OUT019,421.3845453684742
NCF06,OUT045,4159.437744848799
FDE21,OUT010,672.0271093532859
DRG27,OUT013,718.6663360212399
FDW40,OUT049,2132.1203276145006
NCO53,OUT046,3146.970429494439
FDE23,OUT049,719.9581070527206
FDQ16,OUT046,1664.5118051035136
FDS26,OUT045,4044.9583969691093
FDZ13,OUT010,343.29444885571417
FDS14,OUT049,2533.5840593828434
FDC10,OUT045,2048.9690449105074
FDY16,OUT049,3157.722716946752
FDJ20,OUT035,2116.6187566804515
FDV43,OUT035,718.6663360212399
FDZ32,OUT027,2611.0788710602787
FDR23,OUT046,2870.60872905088
FDN24,OUT035,793.1233179574151
FDE34,OUT027,5276.4902620843895
FDU31,OUT013,3586.2849860884467
FDW33,OUT018,1565.9124561394453
FDU26,OUT046,2000.6382386132668
FDE20,OUT027,4418.10511102873
NCW05,OUT035,1630.3546869507568
FDB22,OUT018,2172.834465210159
FDO56,OUT046,1998.0881857736333
FDA19,OUT027,3458.41586225125
DRI39,OUT045,826.4675556613811
FDH52,OUT018,610.3017739419442
FDZ50,OUT035,3148.4301620340266
NCN42,OUT035,2473.23003761584
FDB53,OUT013,2473.23003761584
DRG11,OUT017,1674.0577989165704
DRK11,OUT027,4091.650555346151
FDQ60,OUT017,2108.3823107050407
FDT36,OUT017,718.6663360212399
DRG25,OUT018,2691.1949179165113
DRJ23,OUT046,3145.1860221257934
FDG05,OUT035,2613.179669306672
NCK06,OUT018,1572.5521379888364
FDU52,OUT017,2518.5850495745576
FDW07,OUT018,1293.6797032829209
NCM17,OUT045,719.9581070527206
FDA22,OUT045,2862.550396457165
NCA41,OUT018,2766.6260023900563
FDF38,OUT035,718.6663360212399
FDH52,OUT046,939.6629631439416
FDY58,OUT019,569.5656310858963
FDZ16,OUT045,3147.6151353752416
NCM18,OUT017,935.3019773241188
FDA22,OUT018,2435.735246163043
NCJ43,OUT035,2880.9606487181045
FDI34,OUT027,6592.100593069667
FDG56,OUT046,935.3019773241188
FDS34,OUT046,1998.0881857736333
DRC01,OUT035,730.5614875598142
FDQ04,OUT035,718.6663360212399
FDK04,OUT035,828.9717680538344
FDT51,OUT049,1704.8589591863742
FDV26,OUT017,3147.6151353752416
FDS04,OUT049,2132.1203276145006
FDW43,OUT018,3209.2181627163327
FDQ28,OUT010,986.9099397686192
NCK06,OUT017,2105.764736035995
FDS23,OUT018,1575.6385025482384
FDZ36,OUT019,492.80224130592063
FDE56,OUT018,610.3017739419442
FDW10,OUT027,4830.423746050482
NCN14,OUT045,3145.1860221257934
NCQ18,OUT045,1580.3345344252145
FDW08,OUT017,1650.8133147455158
FDU43,OUT035,4021.0681894888735
FDR33,OUT010,673.9673806387659
FDM24,OUT010,944.1924371943111
NCZ05,OUT046,1617.191891349596
NCV41,OUT035,1767.5448174725896
FDV11,OUT018,2635.8500898813722
NCY05,OUT035,718.6663360212399
FDV44,OUT018,2695.8510673699075
FDW32,OUT049,1391.8819578802902
NCU18,OUT027,3388.6780215723397
NCC43,OUT035,4082.4227625983394
FDW19,OUT013,1707.902363810528
FDN31,OUT035,3152.6837279499887
FDI48,OUT045,736.0077760137286
FDS24,OUT017,1480.9256029053724
FDF46,OUT049,1998.0881857736333
DRG23,OUT017,2481.5953486099343
FDG14,OUT018,2159.2153643508645
NCY30,OUT049,2956.8567321615988
FDO28,OUT018,1572.5521379888364
DRD24,OUT035,2132.1203276145006
FDI33,OUT049,1480.9256029053724
FDN32,OUT046,3150.302537814682
FDR16,OUT045,3511.5485443182306
FDF26,OUT046,2516.0641630447235
NCN29,OUT018,591.9534524130472
FDE20,OUT045,2862.093534853988
FDA46,OUT046,3150.8592752834747
FDU28,OUT045,3145.1860221257934
FDQ48,OUT045,1598.0952950968538
FDV36,OUT013,2116.6187566804515
FDR14,OUT018,595.5372607083286
FDP23,OUT017,3587.466980296465
FDP56,OUT013,738.8120961823938
FDK48,OUT010,453.9077577216846
FDR48,OUT046,2490.6959906985094
NCY29,OUT049,826.4675556613811
FDM22,OUT018,595.5372607083286
DRJ01,OUT013,2673.426520306781
FDZ43,OUT045,4075.62047427473
FDV03,OUT035,2518.5850495745576
FDX11,OUT027,5169.594108715168
NCA41,OUT027,5267.977944887122
FDE38,OUT017,2845.3414258906996
FDI27,OUT018,591.9534524130472
FDN32,OUT013,3150.302537814682
NCN43,OUT017,2105.764736035995
FDB47,OUT027,5437.556446463773
FDV03,OUT017,2529.336380684354
NCN30,OUT045,1580.3345344252145
NCV54,OUT010,672.0271093532859
FDV07,OUT013,1692.4052637806135
FDP07,OUT049,3163.1085594970464
FDK48,OUT018,640.1385280593578
FDM15,OUT019,356.2167304876698
FDY19,OUT027,3167.811162719191
FDK46,OUT046,4170.46981326389
FDY11,OUT045,1022.7811769306919
FDH09,OUT046,760.4750413677423
FDO08,OUT027,4231.252286289813
FDU14,OUT013,4105.719361453465
FDD22,OUT027,3085.4243851883693
FDM27,OUT017,2567.8787771619145
FDL02,OUT027,2719.4130466147
NCA17,OUT035,2477.28803612691
FDE38,OUT019,406.8007619448058
NCG07,OUT049,3150.2546147005405
DRC27,OUT013,4073.7649222299387
FDA27,OUT035,4090.21405547581
FDW40,OUT045,2132.1203276145006
DRI11,OUT013,1998.0881857736333
FDN50,OUT046,1558.7263310490755
FDR12,OUT046,2872.433181717394
FDT34,OUT027,2809.8662002275355
FDW11,OUT035,935.3019773241188
NCO30,OUT027,5201.849570498342
FDZ34,OUT017,3165.5626794566515
FDU45,OUT017,1884.5970595677247
NCD42,OUT035,718.6663360212399
FDX25,OUT045,3001.940295908276
NCR29,OUT046,826.4675556613811
FDX43,OUT019,408.43083966265
FDB04,OUT010,651.4523083987827
FDR49,OUT027,1232.8064708875154
FDS39,OUT018,1583.7137405797466
FDW58,OUT045,1630.3546869507568
FDG22,OUT019,181.89879793071006
FDG31,OUT017,942.347388490324
NCV53,OUT027,6556.980869870654
DRJ37,OUT035,2473.23003761584
FDV07,OUT035,1704.8589591863742
FDW52,OUT018,2435.735246163043
FDT15,OUT045,3150.2546147005405
FDD02,OUT018,1572.5521379888364
FDM16,OUT035,1085.3307310165067
NCE55,OUT046,2872.433181717394
FDB57,OUT018,3137.484114440989
FDQ04,OUT013,718.6663360212399
FDQ47,OUT019,181.89879793071006
FDY14,OUT019,569.5656310858963
DRK37,OUT017,3150.2546147005405
FDO25,OUT017,3512.922534153582
FDL57,OUT046,4168.255428234269
NCK29,OUT018,1572.5521379888364
FDK46,OUT027,6690.108550424902
NCB43,OUT010,1233.3798025255421
DRE01,OUT027,6492.09842667169
FDC46,OUT018,2691.1949179165113
FDQ23,OUT045,1617.191891349596
FDX38,OUT049,727.5942445824155
FDG60,OUT018,3256.3954727145438
FDW55,OUT017,4096.310668621504
FDP39,OUT013,727.5942445824155
FDB20,OUT018,1041.3219156821347
FDV21,OUT017,2116.6187566804515
FDZ02,OUT013,1574.6633503711803
FDP19,OUT027,3419.135467774052
FDA38,OUT035,4055.933687419144
FDH22,OUT045,2116.6187566804515
DRM11,OUT045,4180.708232569424
FDO12,OUT027,4994.225766394168
FDT14,OUT049,2102.904125417354
FDW34,OUT010,1469.3947861157485
FDG04,OUT027,4959.29932851995
FDW59,OUT018,1269.7984258817532
FDR33,OUT018,1565.9124561394453
FDP32,OUT013,2116.6187566804515
FDL13,OUT027,6442.465739645837
FDD22,OUT013,1926.6543786675
FDV40,OUT027,1949.2501065148913
NCD55,OUT046,718.6663360212399
FDQ20,OUT010,343.29444885571417
FDD28,OUT045,828.9717680538344
FDC39,OUT045,3507.051167056644
NCR17,OUT049,2000.6382386132668
DRO35,OUT018,1572.5521379888364
FDF40,OUT049,4085.81447925591
FDR31,OUT018,2148.2394457582773
NCQ41,OUT017,3163.395970104433
FDP38,OUT046,727.5942445824155
NCU54,OUT027,5455.55427755516
FDG22,OUT018,591.9534524130472
DRK59,OUT013,3952.3511748772867
FDC37,OUT046,1647.895053401979
NCO42,OUT013,2467.039578619989
NCT42,OUT017,2473.23003761584
FDX27,OUT035,1554.769355404758
FDV40,OUT018,652.3390251203942
FDT45,OUT027,1787.675393872876
FDS47,OUT019,326.6527702792622
FDR45,OUT035,4039.696421136803
FDB03,OUT045,3916.759690334568
FDO49,OUT035,762.7100485029044
FDU60,OUT027,4221.081941668611
FDB26,OUT018,592.9798403557188
FDB46,OUT017,3524.008655717584
FDQ37,OUT019,507.64069482528066
FDN03,OUT017,4103.246241424988
NCX30,OUT045,4082.861098336488
FDK32,OUT019,367.0989057374212
DRM47,OUT013,3152.6837279499887
NCO02,OUT046,1022.7811769306919
FDP04,OUT013,1014.223847461919
NCO43,OUT049,1603.952007632189
FDD59,OUT013,1372.4110445836893
FDQ10,OUT017,2870.60872905088
FDW45,OUT035,2473.23003761584
NCK30,OUT049,4081.207562415353
FDU31,OUT018,3092.5783809289514
NCQ17,OUT019,367.87653659331255
FDN01,OUT017,2878.7645154587117
FDZ19,OUT049,2872.433181717394
DRG37,OUT017,2531.120788052999
FDE32,OUT045,718.6663360212399
FDO34,OUT049,2842.2278727929133
FDM04,OUT019,181.89879793071006
FDZ25,OUT049,2867.7542719567305
FDU08,OUT049,1596.0843639760005
NCW30,OUT045,4150.358782501865
NCM18,OUT013,935.3019773241188
FDS22,OUT035,718.6663360212399
NCH18,OUT017,4055.805289768882
FDC23,OUT013,2924.2460384130222
FDY46,OUT013,3145.1860221257934
NCU06,OUT046,3858.7437523393105
FDX57,OUT045,1580.3345344252145
FDX36,OUT027,5914.793456637821
FDL16,OUT045,726.2762193250658
FDT16,OUT010,1502.156544644505
FDN16,OUT018,1565.9124561394453
FDC03,OUT046,3152.6837279499887
DRF60,OUT013,4105.573417299911
FDS27,OUT027,5188.067820074828
FDP33,OUT010,1508.1662527418368
FDJ36,OUT018,1565.9124561394453
NCR42,OUT013,718.6663360212399
FDV14,OUT017,1452.7719462274142
NCP42,OUT035,3157.8002436388774
FDB50,OUT027,2338.6184193388804
NCC30,OUT027,5016.53580286209
FDA23,OUT018,1565.9124561394453
FDW16,OUT017,1484.4986281877623
FDQ52,OUT010,1490.8892044636775
FDB58,OUT049,2219.0234913071904
NCP29,OUT049,1016.9027670419227
NCM05,OUT045,4230.843945741129
FDO25,OUT013,3508.9283715401975
NCM54,OUT046,2116.6187566804515
NCL54,OUT046,2889.0278750494226
FDL39,OUT010,1193.45142222958
FDF53,OUT018,2676.2822334172693
NCQ42,OUT035,2116.6187566804515
FDF58,OUT013,942.347388490324
FDZ04,OUT035,1014.223847461919
FDE26,OUT019,271.25887203194634
FDS60,OUT017,2952.3515447532386
FDV58,OUT017,3145.5498242792446
FDM04,OUT045,738.8120961823938
FDE08,OUT035,2467.039578619989
NCB43,OUT049,3145.1860221257934
FDU11,OUT010,672.0271093532859
FDF22,OUT019,558.854596337111
FDE24,OUT013,2132.1203276145006
DRJ49,OUT046,2128.3506256076007
NCQ53,OUT035,4028.569716769202
NCL41,OUT013,718.6663360212399
FDR22,OUT013,1707.902363810528
FDH04,OUT035,1502.9179334356938
DRH15,OUT045,718.6663360212399
FDY40,OUT049,726.2762193250658
NCI17,OUT035,1580.3345344252145
NCC18,OUT013,2883.9592824746755
FDY28,OUT027,5564.2865086332895
FDB45,OUT027,2630.8979583617074
NCL30,OUT018,1572.5521379888364
FDM10,OUT017,3552.804019871815
FDH22,OUT027,3221.591497871754
NCZ53,OUT017,3155.3711303894293
NCI18,OUT013,3822.587193502436
FDH14,OUT027,3423.3665274814102
FDR36,OUT027,979.2009703868881
FDW01,OUT045,2481.5953486099343
FDK02,OUT027,3038.543826867747
FDJ02,OUT018,2148.2394457582773
FDU55,OUT013,4207.9647180812435
NCV18,OUT027,2446.6888946279623
FDH14,OUT018,1583.7137405797466
FDZ37,OUT045,1479.0521534844565
FDX49,OUT049,3802.0132671202127
NCD43,OUT046,1617.191891349596
FDZ07,OUT013,935.3019773241188
FDK43,OUT035,2116.6187566804515
FDR32,OUT018,3221.8653346635483
FDT39,OUT013,2481.5953486099343
NCV54,OUT017,2102.904125417354
FDF38,OUT018,591.9534524130472
FDV60,OUT046,3150.0550116876047
FDH44,OUT027,3916.773368329883
FDS21,OUT046,935.3019773241188
NCL41,OUT045,718.6663360212399
FDM46,OUT017,1554.769355404758
FDU27,OUT045,727.5942445824155
NCJ54,OUT017,3944.259464927809
DRG51,OUT018,2435.735246163043
NCA29,OUT019,407.8306115125
FDR47,OUT045,3147.6151353752416
NCL19,OUT027,3387.208292201233
DRG01,OUT049,1194.9203698066192
FDG10,OUT046,828.9717680538344
NCV05,OUT049,2499.237642509075
NCH18,OUT019,569.5656310858963
FDV14,OUT018,1269.7984258817532
DRJ23,OUT035,3145.1860221257934
DRJ11,OUT046,3150.2546147005405
FDZ03,OUT017,3148.4301620340266
FDI27,OUT010,343.29444885571417
FDJ14,OUT018,1101.4021509881934
FDU32,OUT017,2102.904125417354
FDD47,OUT027,4025.8908952517813
DRF36,OUT035,3153.5466777229153
FDM21,OUT046,4163.346692985529
FDV10,OUT018,591.9534524130472
FDH60,OUT018,2766.6260023900563
FDX47,OUT010,989.3043689887307
FDT19,OUT019,422.3800478572154
FDO11,OUT045,4105.688801468411
FDH24,OUT027,4030.371964223531
FDL02,OUT018,1565.9124561394453
FDB02,OUT049,2875.3848343469713
FDA43,OUT046,3152.6837279499887
FDG52,OUT045,726.2762193250658
DRC12,OUT013,3145.1860221257934
FDY37,OUT018,1583.7137405797466
NCU18,OUT045,2132.1203276145006
FDU09,OUT035,826.4675556613811
DRJ25,OUT027,1384.8798183890328
DRE12,OUT018,1572.5521379888364
DRL47,OUT017,2116.6187566804515
DRK01,OUT046,1560.3592776216633
FDC22,OUT019,506.0428134032032
FDG44,OUT013,794.7286097363508
FDW04,OUT035,2128.3506256076007
FDK09,OUT049,3798.3418223750296
NCN43,OUT035,2108.3823107050407
FDG04,OUT049,3156.7942534264425
FDH32,OUT010,662.6985927864366
DRI47,OUT017,2467.039578619989
DRE15,OUT013,1135.5162857907378
FDY11,OUT035,1022.7811769306919
FDO60,OUT049,719.9581070527206
FDQ20,OUT018,591.9534524130472
FDO57,OUT027,4007.2252729118704
FDT14,OUT019,269.2639491352167
FDA57,OUT049,718.6663360212399
DRN35,OUT017,718.6663360212399
FDJ03,OUT046,730.5614875598142
FDX28,OUT017,1603.952007632189
DRE25,OUT045,1488.8699098020543
FDR09,OUT046,4112.2417531935025
FDB23,OUT035,3911.6578205877904
FDO08,OUT045,2673.426520306781
FDQ23,OUT049,1603.952007632189
FDW04,OUT013,2128.3506256076007
DRK13,OUT010,1371.3630228834872
NCL17,OUT027,3366.5072331291026
FDY21,OUT035,3150.8592752834747
FDJ38,OUT027,4855.217550338233
FDA37,OUT019,269.2639491352167
FDV43,OUT013,719.9581070527206
FDL36,OUT046,1502.9179334356938
FDD53,OUT045,718.6663360212399
FDZ19,OUT010,1171.577040815343
FDV21,OUT045,2116.6187566804515
NCL54,OUT018,2636.027454837388
DRI47,OUT027,3799.8309953687044
DRG03,OUT049,2531.120788052999
FDG21,OUT013,2473.23003761584
FDW03,OUT018,1565.9124561394453
NCI55,OUT046,2105.764736035995
DRC36,OUT019,426.10784161979495
FDH22,OUT017,2116.6187566804515
FDV20,OUT045,2116.6187566804515
NCU41,OUT027,5274.575335600325
FDN46,OUT027,2697.7525448672422
FDK50,OUT045,2667.9645190676993
NCA05,OUT027,3768.5016764405736
DRH01,OUT018,2626.474661930422
FDT08,OUT018,2156.046998424816
FDM08,OUT018,3179.5296690915734
FDZ07,OUT035,910.4888553069338
FDS22,OUT017,726.2762193250658
FDV35,OUT027,3959.438115025247
FDI28,OUT010,561.1350272067357
FDW58,OUT027,2620.203679483801
FDT52,OUT045,4070.9409971114846
FDY34,OUT046,2691.15121415588
FDR10,OUT046,2638.444651755229
FDK57,OUT017,2102.904125417354
FDR02,OUT027,2585.0757311461625
FDX49,OUT046,3814.767079399764
FDQ20,OUT046,718.6663360212399
DRK23,OUT045,4095.912572639517
NCW06,OUT046,3149.399542743887
FDR31,OUT017,2467.039578619989
NCE43,OUT013,2852.0196779724993
DRO59,OUT027,2235.9216390591655
FDN09,OUT049,4071.8285589669877
FDR11,OUT046,2650.4938662907243
FDO57,OUT013,2660.215191751107
NCX18,OUT017,3161.663242988254
FDB05,OUT018,3319.0747326826217
FDQ08,OUT018,610.3017739419442
NCG43,OUT035,1554.769355404758
FDJ56,OUT013,1614.6042270027867
FDA13,OUT010,343.29444885571417
FDO56,OUT017,2000.6382386132668
FDB37,OUT018,3300.6686565784084
FDZ02,OUT018,1524.3642381739535
FDQ24,OUT046,4081.6115405695564
FDM16,OUT013,1085.3307310165067
FDU35,OUT049,1598.0952950968538
FDT35,OUT035,2846.9510853977517
NCX30,OUT049,4057.707553207746
FDG04,OUT017,3156.7942534264425
FDI12,OUT035,1452.7719462274142
FDE35,OUT035,896.6486692607801
NCP14,OUT027,2674.5896557499527
NCY53,OUT045,1704.8589591863742
FDP49,OUT017,826.4675556613811
FDQ04,OUT017,718.6663360212399
FDM39,OUT035,2958.869448110418
FDO58,OUT019,397.5873676659997
FDC56,OUT017,2095.226463562001
NCQ54,OUT046,2845.3893490048404
FDV10,OUT027,981.5382190184756
NCK17,OUT046,718.6663360212399
NCF55,OUT027,907.7373769673766
FDV33,OUT013,4194.051507868378
NCH29,OUT019,287.6811994256184
FDA37,OUT027,3301.598524575184
FDH46,OUT018,1565.9124561394453
FDS25,OUT035,1704.8589591863742
FDH04,OUT027,2540.487730936676
FDX52,OUT046,3152.6837279499887
NCD42,OUT017,718.6663360212399
FDW47,OUT017,2108.3823107050407
FDL25,OUT027,2714.986032399611
NCJ06,OUT010,672.0271093532859
FDY09,OUT013,2870.60872905088
FDS40,OUT046,718.6663360212399
FDH41,OUT017,3530.6569073411765
FDG38,OUT035,1452.7719462274142
FDU03,OUT027,5151.094330215705
FDV20,OUT046,2116.6187566804515
DRB13,OUT045,3158.618706092957
NCQ30,OUT013,2102.904125417354
NCH06,OUT013,3993.4247213166855
FDU50,OUT018,1572.5521379888364
NCO42,OUT019,353.71474377034474
FDW09,OUT018,1076.0484554043876
FDH04,OUT013,1480.9256029053724
FDC21,OUT045,1653.130696983482
FDL21,OUT049,718.6663360212399
FDM46,OUT010,630.9739409450664
FDT22,OUT019,195.73658836710314
FDB28,OUT035,3173.671618681574
FDI12,OUT018,1297.9622245527805
FDA28,OUT045,2116.6187566804515
FDF59,OUT013,2116.6187566804515
FDM45,OUT027,3222.778311333581
FDQ56,OUT017,1388.4303636005432
FDR46,OUT049,2467.039578619989
FDT01,OUT013,3514.9854048421025
FDD16,OUT027,2018.2498735718318
NCU30,OUT010,1061.3125540977317
FDM40,OUT010,892.5497729703882
FDI56,OUT035,1529.2141122001067
NCS30,OUT013,2116.6187566804515
FDU08,OUT017,1593.2749922709334
FDX51,OUT027,5333.673814167161
FDA43,OUT045,3155.123604262352
FDX59,OUT010,343.29444885571417
FDC37,OUT018,1565.9124561394453
FDP58,OUT013,3520.4892260335696
NCY42,OUT035,2132.1203276145006
FDF21,OUT018,2703.435292254268
FDU10,OUT027,947.8530377038146
DRL47,OUT018,1572.5521379888364
FDA58,OUT018,3290.4495126949296
FDJ22,OUT049,3147.6151353752416
FDK50,OUT046,2636.572275974574
FDO38,OUT035,1341.1285225996608
DRF60,OUT035,4099.740745893107
NCZ42,OUT019,569.5656310858963
FDD35,OUT049,2038.8577698081688
FDL25,OUT045,1510.1816025285357
FDJ16,OUT013,826.4675556613811
DRK59,OUT049,3936.0387620020656
FDI50,OUT046,3942.442433522378
NCB19,OUT045,1454.7392482342025
DRI37,OUT035,894.2186375498603
FDA14,OUT027,3676.4248157157945
FDC08,OUT018,3209.2181627163327
FDS45,OUT046,1617.191891349596
FDI21,OUT049,1014.223847461919
DRJ47,OUT035,2867.3645891426468
DRE37,OUT027,5295.383991373298
FDT55,OUT018,2383.523468118709
NCG42,OUT027,3297.801247049059
FDA31,OUT049,2872.433181717394
NCW42,OUT046,3739.617541612208
FDF50,OUT017,3152.6837279499887
FDK56,OUT049,3150.2546147005405
FDX10,OUT035,718.6663360212399
NCK07,OUT027,4054.676224160712
FDZ49,OUT017,3679.025969609629
FDR33,OUT013,1661.1923046074357
FDO44,OUT018,1565.9124561394453
FDA20,OUT046,3150.2546147005405
NCL30,OUT045,2116.6187566804515
FDI05,OUT019,234.73834520773045
FDQ12,OUT018,3221.8653346635483
FDH47,OUT017,1560.3592776216633
FDH34,OUT018,2691.1949179165113
FDF29,OUT046,2130.0788449522083
FDG40,OUT018,591.9534524130472
NCE18,OUT017,4093.3622563052527
FDP21,OUT010,1229.2503695121477
FDY50,OUT013,1476.7596456182937
FDB36,OUT049,2128.3506256076007
NCZ29,OUT049,2116.6187566804515
FDU20,OUT018,1572.5521379888364
FDO56,OUT013,2006.1597780043967
FDW31,OUT049,3155.123604262352
DRH59,OUT013,1119.336370336285
NCB30,OUT017,3153.299151595838
FDK43,OUT027,3328.2635467666987
FDW43,OUT045,3941.7035923104927
NCL19,OUT017,2132.1203276145006
FDJ27,OUT046,1598.0952950968538
FDC45,OUT046,2846.9510853977517
FDY40,OUT035,738.8120961823938
NCM41,OUT035,1502.9179334356938
NCK18,OUT019,408.43083966265
FDP37,OUT049,2128.3506256076007
FDA27,OUT027,6359.412466221409
NCX30,OUT035,4060.568318873103
FDR09,OUT017,4049.913085074861
FDG08,OUT027,4752.918101163278
NCU30,OUT013,2686.0346984669923
FDB16,OUT017,1456.5966862689609
FDM16,OUT017,1071.4600544321765
FDC48,OUT013,1372.4110445836893
NCF18,OUT046,3145.1860221257934
FDU46,OUT018,1275.0816572678
FDH41,OUT018,3092.5783809289514
NCN42,OUT010,933.2570081499513
FDU49,OUT046,1462.6251722533575
FDB20,OUT027,2259.6592688324677
FDG50,OUT019,318.0057478275087
FDW20,OUT045,2108.3823107050407
NCO55,OUT049,1674.0577989165704
FDX48,OUT046,2521.2816558711565
FDU48,OUT046,2130.0788449522083
FDR48,OUT019,356.6431907978377
FDK27,OUT013,2108.3823107050407
FDT35,OUT013,2755.325808546904
FDN12,OUT049,1682.1541757305545
NCE31,OUT019,181.89879793071006
FDL21,OUT017,718.6663360212399
FDV56,OUT017,1653.130696983482
FDR16,OUT017,3516.3055644819015
NCP41,OUT049,1674.0577989165704
FDJ27,OUT013,1614.6042270027867
FDA07,OUT017,2108.3823107050407
FDK55,OUT049,1479.0521534844565
FDM33,OUT049,3656.009078616613
FDY46,OUT046,3145.1860221257934
FDD36,OUT046,2006.1597780043967
FDB12,OUT027,2656.7338050145877
FDF28,OUT019,269.2639491352167
NCE07,OUT019,273.21585675804187
FDW50,OUT027,4060.0641237573964
NCW18,OUT017,3998.392239317668
NCJ17,OUT019,328.1394681798912
DRZ24,OUT010,672.0271093532859
FDS07,OUT035,1998.0881857736333
NCW05,OUT010,673.9673806387659
FDZ22,OUT018,1131.9618413802525
FDK02,OUT046,2006.1597780043967
FDZ45,OUT027,4955.302776783921
FDL25,OUT046,1484.4986281877623
FDS08,OUT045,2872.433181717394
NCZ42,OUT027,6945.245780295901
FDX57,OUT035,1574.6633503711803
FDF21,OUT046,3150.2546147005405
FDJ56,OUT018,1524.3642381739535
FDX10,OUT013,718.6663360212399
DRG48,OUT035,2467.039578619989
DRN37,OUT046,2845.3414258906996
NCY41,OUT018,591.9534524130472
FDN28,OUT045,1617.191891349596
FDE34,OUT045,3007.008888483023
FDR10,OUT045,2675.298896087436
FDC32,OUT017,1516.7070950930042
DRG13,OUT046,2680.9661058922447
FDP59,OUT049,1625.1411074622142
NCT53,OUT010,1067.7936544989218
FDL57,OUT027,6285.593518910701
FDN32,OUT010,1218.5236740403996
FDK09,OUT018,3199.0157353948757
FDA52,OUT010,1174.0129937651548
FDC57,OUT049,3147.6151353752416
FDI09,OUT035,3906.401126759831
NCB07,OUT046,3150.0550116876047
FDP26,OUT035,1617.191891349596
FDP40,OUT027,3118.7995021703678
FDL15,OUT013,2481.5953486099343
FDV07,OUT046,1713.7629628843717
FDS03,OUT017,1016.9027670419227
FDE50,OUT049,3150.302537814682
FDQ15,OUT017,1342.9243064325353
FDQ33,OUT010,943.8838857035616
FDT22,OUT013,828.9717680538344
DRO35,OUT035,2000.6382386132668
FDJ41,OUT049,4198.903401273163
FDQ27,OUT035,1622.3859104444762
FDC26,OUT017,1765.0130661868718
NCF43,OUT027,3630.2284727826973
NCR50,OUT035,2514.1003917401863
FDE39,OUT018,1572.5521379888364
FDN49,OUT027,973.6900583329343
DRG11,OUT035,1653.130696983482
NCA18,OUT049,2000.6382386132668
FDM36,OUT018,2613.283085614972
FDW32,OUT017,1452.7719462274142
NCQ18,OUT010,663.3413289814957
FDX14,OUT027,2138.952997632534
FDD46,OUT017,2488.350700648574
FDI34,OUT019,569.5656310858963
NCJ17,OUT035,1452.7719462274142
FDB52,OUT035,4117.664118321179
FDV55,OUT018,2125.471178390885
FDC57,OUT046,3147.6151353752416
FDB29,OUT046,1998.0881857736333
NCO43,OUT035,1598.0952950968538
FDG44,OUT045,789.917047097226
FDJ34,OUT045,2116.6187566804515
FDH40,OUT049,1375.3477802125874
NCD07,OUT027,3137.8324178089983
FDB41,OUT017,726.2762193250658
FDH47,OUT018,1503.3651209516736
DRK37,OUT035,3150.2546147005405
FDM25,OUT019,427.053407080906
NCX06,OUT045,3147.8578997247546
NCS05,OUT017,2132.1203276145006
FDS39,OUT045,2132.1203276145006
FDC47,OUT027,6082.789036370353
FDG20,OUT013,2904.1025925462454
DRL23,OUT017,1647.895053401979
FDY33,OUT013,2613.179669306672
NCH18,OUT045,4047.5185168297376
FDX47,OUT035,2531.120788052999
NCB06,OUT045,2620.2763761808733
FDP36,OUT049,727.5942445824155
FDW44,OUT018,2613.283085614972
NCU41,OUT018,2745.654091383724
NCS17,OUT046,1563.270968937544
FDD46,OUT035,2531.120788052999
FDE45,OUT017,2897.43534766594
FDI09,OUT017,3911.8271340336196
NCJ54,OUT010,1464.0546893206085
NCA29,OUT018,2613.283085614972
NCN41,OUT027,3283.854574413303
FDY34,OUT035,2691.15121415588
NCG55,OUT035,1998.0881857736333
DRM49,OUT046,719.9581070527206
NCB42,OUT049,1998.0881857736333
FDE58,OUT045,2000.6382386132668
DRJ25,OUT013,736.0077760137286
FDS47,OUT010,649.9656104981539
FDY21,OUT049,3166.3526994052795
NCI54,OUT013,1713.7629628843717
FDO24,OUT017,2613.179669306672
FDY43,OUT035,2850.195225305985
FDF35,OUT018,1565.9124561394453
NCP29,OUT019,208.1768042934351
FDN28,OUT027,2583.9769280542305
FDJ50,OUT018,592.9798403557188
FDQ14,OUT027,3656.7800677566674
FDC37,OUT035,1653.130696983482
FDN08,OUT046,2032.7088598317562
FDD04,OUT035,2132.1203276145006
FDW34,OUT018,3287.2524625182937
FDP04,OUT017,1016.9027670419227
NCG07,OUT017,3150.2546147005405
NCN14,OUT018,2680.111500780959
FDJ16,OUT045,828.9717680538344
NCM42,OUT045,1666.822371533988
NCF19,OUT046,727.5942445824155
FDY21,OUT018,3089.4905951700175
FDY19,OUT035,1998.0881857736333
FDV09,OUT045,2473.23003761584
FDA28,OUT013,2116.6187566804515
FDC38,OUT018,1583.7137405797466
FDL28,OUT045,3941.2153527170717
NCH43,OUT049,3567.4848197293018
NCN53,OUT045,718.6663360212399
NCW05,OUT017,1653.130696983482
NCO30,OUT018,2691.1949179165113
FDT04,OUT019,181.89879793071006
FDB27,OUT018,3075.1452420559303
NCK07,OUT013,2808.5233889697543
NCA53,OUT013,726.2762193250658
FDB33,OUT018,2388.0401694612883
FDU37,OUT017,1341.1285225996608
FDR13,OUT035,1998.0881857736333
FDE45,OUT049,2905.9270452127594
FDV37,OUT017,3150.8592752834747
FDX44,OUT019,316.3048022394897
NCL06,OUT017,4173.533114867507
FDJ28,OUT045,3155.3711303894293
FDX55,OUT049,3584.460533421933
NCK17,OUT018,591.9534524130472
FDH52,OUT035,939.6629631439416
FDN13,OUT027,2722.4921962072676
FDK44,OUT018,2613.283085614972
FDU16,OUT046,1375.3477802125874
FDZ07,OUT017,894.2186375498603
NCN06,OUT027,4045.696109200644
FDH02,OUT010,662.4508057077659
NCW18,OUT045,3987.758017736225
FDH57,OUT013,2128.3506256076007
FDV35,OUT045,2529.336380684354
NCU29,OUT013,2467.039578619989
NCP02,OUT046,828.9717680538344
FDN44,OUT013,2644.4034539200816
FDX03,OUT018,591.9534524130472
FDR11,OUT010,1050.863388409762
FDA36,OUT046,3158.618706092957
FDP58,OUT027,5611.976150180154
FDH31,OUT045,1577.4682656011971
FDH34,OUT035,3150.2546147005405
FDS13,OUT035,4062.2455195959406
FDT01,OUT018,3105.9945749890667
FDY09,OUT049,2879.1361960515906
FDV33,OUT027,6312.0107734385265
NCW29,OUT010,672.0271093532859
NCN17,OUT045,1603.952007632189
FDX01,OUT046,2006.1597780043967
FDL03,OUT049,3160.1518301962
DRL59,OUT049,826.4675556613811
DRM11,OUT027,6209.1639107528135
FDA43,OUT049,3155.123604262352
FDZ56,OUT010,1069.4497752972813
FDI44,OUT018,1041.3219156821347
FDB50,OUT013,1341.1285225996608
FDU15,OUT019,181.89879793071006
NCJ19,OUT019,187.75342745970676
FDD48,OUT013,1998.0881857736333
NCW42,OUT035,3737.34814134315
FDL24,OUT017,2875.431542897884
NCB30,OUT013,3153.299151595838
FDK25,OUT013,2858.3510117138167
FDW28,OUT049,3147.6151353752416
FDD47,OUT017,2885.312133224057
FDK16,OUT019,303.767536297938
FDW37,OUT046,1502.9179334356938
FDA48,OUT035,3651.3237046959275
FDA14,OUT017,2467.039578619989
FDV15,OUT013,1614.6042270027867
FDN22,OUT049,3971.798902511195
NCD55,OUT045,718.6663360212399
FDY43,OUT013,2845.4720127011465
NCU05,OUT017,1359.7622240774904
FDF10,OUT035,2473.23003761584
FDR39,OUT018,2680.111500780959
FDG40,OUT013,718.6663360212399
FDZ28,OUT019,269.2639491352167
FDE02,OUT045,1554.769355404758
FDU60,OUT049,2846.9510853977517
FDM21,OUT013,4114.684511247975
FDV52,OUT019,269.2639491352167
NCW06,OUT013,3149.399542743887
FDX36,OUT035,3750.9640919624303
FDT35,OUT027,4227.71388167684
NCL19,OUT010,671.5500563946574
NCD31,OUT046,2691.15121415588
FDE53,OUT019,271.20422042069674
FDW58,OUT019,271.20422042069674
DRF48,OUT046,3162.791309521499
FDW57,OUT035,2875.3848343469713
DRH13,OUT017,1653.130696983482
FDT33,OUT013,2847.2964653676595
DRK47,OUT027,5882.875759395364
FDY22,OUT010,710.5463976870891
FDC35,OUT019,557.7119224600058
FDO03,OUT013,3936.270157900136
FDF24,OUT045,1372.4110445836893
FDF56,OUT018,2676.2822334172693
FDD28,OUT013,826.4675556613811
FDG53,OUT027,3359.5853030668486
FDO27,OUT019,283.74808025040386
NCF54,OUT018,2594.480119531059
FDC20,OUT027,1806.691988682552
FDU10,OUT046,718.6663360212399
DRA24,OUT018,2413.9794006446778
FDA02,OUT010,933.2570081499513
FDG10,OUT017,826.4675556613811
FDW39,OUT010,1179.7333814057006
FDP04,OUT019,208.1768042934351
NCM55,OUT013,3148.4301620340266
FDG47,OUT045,4181.116627807283
NCU41,OUT017,3147.6151353752416
NCK31,OUT017,748.1592562462648
FDZ46,OUT045,1674.0577989165704
FDU13,OUT027,3551.0880872006983
NCF19,OUT045,727.5942445824155
NCJ43,OUT013,2872.433181717394
NCJ05,OUT045,2516.0641630447235
FDS04,OUT027,3238.6368534067487
FDX28,OUT010,673.9673806387659
FDB41,OUT027,1009.2309818842881
FDG53,OUT046,2132.1203276145006
FDL15,OUT010,964.7050412101971
FDQ08,OUT049,935.3019773241188
DRN36,OUT013,1574.6633503711803
FDI46,OUT013,4052.621475459212
FDG16,OUT027,5505.826785399068
FDV32,OUT013,942.347388490324
FDF44,OUT010,660.8641543220768
FDK04,OUT018,602.3186130345479
NCA41,OUT013,3147.6151353752416
FDD51,OUT017,718.6663360212399
NCZ53,OUT045,3155.3711303894293
FDP01,OUT027,3821.157302955087
FDY25,OUT049,3023.6035818150517
FDB17,OUT018,2671.8619620927407
NCV54,OUT018,1572.5521379888364
FDJ32,OUT017,967.4075361695134
FDA37,OUT049,2116.6187566804515
FDG35,OUT035,2888.1604431444366
NCM05,OUT018,3342.261643408447
FDG45,OUT046,3581.837887033509
FDH28,OUT013,718.6663360212399
NCE18,OUT049,4083.9793878921996
FDH38,OUT045,2006.1597780043967
FDR56,OUT013,3171.84716601506
FDH17,OUT027,2539.3500245068394
FDD39,OUT049,3581.4851986878243
FDB41,OUT049,726.2762193250658
NCR53,OUT046,3738.898889706165
FDX46,OUT017,828.9717680538344
FDV28,OUT049,718.6663360212399
FDA08,OUT018,2435.735246163043
FDH45,OUT017,718.6663360212399
NCS38,OUT010,672.0271093532859
FDD40,OUT010,1254.2517186442233
DRM59,OUT035,2520.1221615557934
NCJ43,OUT018,2675.987517446309
NCN29,OUT013,727.5942445824155
NCC19,OUT045,3152.6837279499887
FDR56,OUT035,3153.299151595838
FDZ43,OUT049,4069.066106480028
FDJ32,OUT010,363.2741883048298
DRH03,OUT017,1502.9179334356938
NCZ54,OUT035,2673.426520306781
FDE26,OUT017,2467.039578619989
FDS03,OUT045,1014.223847461919
DRZ24,OUT019,269.2639491352167
FDO48,OUT027,5536.078932862695
FDW39,OUT049,2872.433181717394
NCK05,OUT049,942.347388490324
NCK30,OUT017,4081.6856210170927
FDT27,OUT018,3256.3954727145438
FDS08,OUT019,428.5575374048255
NCJ19,OUT049,826.4675556613811
FDC58,OUT045,718.6663360212399
DRE37,OUT013,3148.4301620340266
FDW02,OUT035,2116.6187566804515
FDJ02,OUT010,943.8838857035616
FDX09,OUT045,2895.0168142997636
FDT31,OUT010,1228.8778850751496
FDI24,OUT049,2905.9270452127594
FDY09,OUT045,2890.155075012486
FDV28,OUT045,718.6663360212399
DRM47,OUT049,3152.6837279499887
FDT52,OUT019,569.5656310858963
FDI48,OUT018,595.5372607083286
FDY55,OUT017,4032.1741770861267
FDU48,OUT013,2130.0788449522083
FDN25,OUT045,826.4675556613811
FDP20,OUT049,2116.6187566804515
FDJ15,OUT013,3155.3711303894293
FDD04,OUT018,1583.7137405797466
FDY58,OUT045,3944.3172996021954
FDR37,OUT018,2680.111500780959
FDF44,OUT013,2128.3506256076007
FDD32,OUT045,1375.3477802125874
FDR57,OUT017,2533.5840593828434
DRG39,OUT027,1813.2461070608729
FDX15,OUT017,2617.704834008968
DRN37,OUT045,2691.599158015318
FDW40,OUT027,3615.558396713106
FDB32,OUT049,1554.769355404758
FDM40,OUT018,1613.1596351257747
FDE39,OUT027,2963.3548216605063
DRH49,OUT017,1375.3477802125874
FDT46,OUT049,727.5942445824155
NCF06,OUT035,4099.516884430652
FDP07,OUT017,3147.6151353752416
FDC04,OUT013,4058.359666799075
FDZ32,OUT017,1617.191891349596
FDD50,OUT045,2846.9510853977517
FDU56,OUT017,3145.1860221257934
FDV34,OUT017,1022.7811769306919
NCY41,OUT013,718.6663360212399
NCK18,OUT046,2711.1801599083574
DRH25,OUT049,763.9962440355449
FDT57,OUT046,4046.0283289759377
FDV56,OUT018,1565.9124561394453
FDV12,OUT045,1574.6633503711803
FDN52,OUT017,1464.3142820779965
FDX38,OUT035,726.2762193250658
FDE47,OUT018,1572.5521379888364
NCO07,OUT013,3584.6686146069787
FDV09,OUT027,3682.4082743189288
FDZ23,OUT019,480.3455343877745
DRH51,OUT018,1293.6797032829209
NCY54,OUT045,2872.433181717394
DRG49,OUT013,4127.652189627477
NCC19,OUT049,3152.6837279499887
NCV53,OUT045,4090.8323783812575
FDZ47,OUT019,271.20422042069674
NCO26,OUT018,1572.5521379888364
NCP02,OUT045,935.3019773241188
NCW30,OUT018,3342.261643408447
NCN55,OUT046,4053.0472898037137
FDB20,OUT010,453.18428563638275
DRL11,OUT013,2559.370741942239
DRD60,OUT045,3145.985523944099
FDW14,OUT010,648.4302632949057
FDL27,OUT010,383.45123341952234
FDU09,OUT018,602.3186130345479
DRH36,OUT027,2011.4305971091555
FDP34,OUT027,3859.8190008041106
FDE04,OUT017,2905.9749683269
FDZ57,OUT027,3350.546074210699
FDF02,OUT010,673.9673806387659
FDG28,OUT045,4070.9409971114846
NCI31,OUT046,718.6663360212399
FDT43,OUT013,738.8120961823938
FDU20,OUT046,2105.764736035995
FDD53,OUT013,718.6663360212399
FDW15,OUT045,2473.23003761584
NCT53,OUT045,2673.426520306781
NCG55,OUT027,2999.060442466567
FDD48,OUT035,1959.4690094414734
FDG47,OUT049,4195.1831199267735
FDI21,OUT017,1014.223847461919
FDT27,OUT017,4003.012956116932
DRO35,OUT013,2000.6382386132668
FDD33,OUT017,3978.513192127812
FDC04,OUT035,4061.1703720624564
FDY34,OUT013,2688.1973695943657
DRJ49,OUT049,2116.6187566804515
FDE05,OUT049,2452.5087195519354
FDU31,OUT017,3594.5717590275913
NCN19,OUT027,5018.099109408907
FDK56,OUT027,5327.606748193217
FDK58,OUT017,1617.191891349596
NCJ42,OUT035,1617.191891349596
FDZ34,OUT027,5264.012157420897
FDA52,OUT018,2675.987517446309
NCR29,OUT013,826.4675556613811
FDT48,OUT035,3279.576663965287
DRJ51,OUT019,569.5656310858963
NCS54,OUT046,2903.9749863918423
FDV01,OUT035,2521.2816558711565
DRG51,OUT027,4298.625926132701
NCG42,OUT013,2130.0788449522083
FDA51,OUT049,1998.0881857736333
FDV19,OUT010,1053.3762901629523
NCT18,OUT045,3145.985523944099
NCS41,OUT045,3148.4301620340266
FDO03,OUT046,3920.585452864341
FDL12,OUT010,361.64277038461097
FDY37,OUT010,843.5847962070005
FDI58,OUT049,1502.9179334356938
FDT28,OUT018,2156.046998424816
NCC42,OUT010,671.5500563946574
FDO01,OUT017,2128.3506256076007
FDJ02,OUT013,2467.039578619989
FDQ04,OUT018,591.9534524130472
DRL47,OUT013,2116.6187566804515
FDZ32,OUT035,1653.130696983482
FDC35,OUT035,3476.038470086933
FDX14,OUT045,1051.756724688152
FDZ35,OUT013,1617.191891349596
FDL14,OUT013,2531.120788052999
FDO04,OUT049,826.4675556613811
DRK11,OUT017,2473.23003761584
FDB44,OUT018,3092.5783809289514
FDZ50,OUT049,3148.4301620340266
FDI12,OUT027,2593.0375157982608
FDU43,OUT017,4026.4941967626614
FDD58,OUT010,665.2809762974653
FDB27,OUT017,3152.6837279499887
FDB04,OUT018,1269.7984258817532
NCO17,OUT013,2032.7088598317562
FDL12,OUT017,828.9717680538344
DRJ13,OUT049,2636.572275974574
FDD57,OUT045,1574.6633503711803
FDW19,OUT035,1707.902363810528
DRD27,OUT018,1565.9124561394453
FDH27,OUT027,3738.9844171049212
NCW30,OUT027,6982.669204151041
FDR40,OUT018,1076.0484554043876
FDG05,OUT013,2559.370741942239
NCY41,OUT019,181.89879793071006
FDI38,OUT018,3088.497013884281
FDR20,OUT046,718.6663360212399
FDE09,OUT017,1674.0577989165704
FDN50,OUT019,288.8217855508175
DRF27,OUT045,2486.507494544958
DRF51,OUT013,718.6663360212399
NCO02,OUT019,212.79235861697546
FDB51,OUT027,1784.9150333159143
FDJ50,OUT013,794.7286097363508
FDN52,OUT013,1452.7719462274142
FDX14,OUT013,1338.7524447959888
FDT27,OUT019,572.2637963840912
FDV10,OUT013,718.6663360212399
FDU33,OUT046,719.9581070527206
FDU58,OUT046,3150.2546147005405
NCP42,OUT027,5260.879035106264
FDL51,OUT027,5435.48334065334
DRH15,OUT027,982.4612172989297
FDU16,OUT017,1452.7719462274142
FDW15,OUT017,2473.23003761584
FDQ44,OUT045,2108.3823107050407
NCI06,OUT027,5121.844978316143
DRK23,OUT019,569.5656310858963
FDC28,OUT035,1674.0577989165704
NCY17,OUT019,181.89879793071006
NCV05,OUT018,2247.328178119341
FDM34,OUT019,270.23129795330146
DRD60,OUT027,5405.965654010589
FDT38,OUT046,1452.7719462274142
FDQ57,OUT018,2148.2394457582773
FDE59,OUT027,946.2652688422587
NCM43,OUT046,2678.543035995669
DRI51,OUT049,2867.3645891426468
NCG30,OUT017,2116.6187566804515
NCK54,OUT035,1970.038717270012
FDQ16,OUT019,271.20422042069674
FDI36,OUT013,3155.123604262352
FDX16,OUT027,3703.6610584014097
FDA34,OUT046,2890.428648912946
FDJ48,OUT018,3307.751084008451
FDU47,OUT035,2132.1203276145006
FDS39,OUT046,2135.7167260193496
FDD11,OUT046,4094.4972679710313
FDM16,OUT027,1955.7708032010714
FDU56,OUT018,2680.111500780959
FDQ32,OUT017,2108.3823107050407
DRK35,OUT013,718.6663360212399
FDA58,OUT049,3837.3815442308464
DRG48,OUT019,350.96761782788053
FDT59,OUT010,1453.5409410294317
FDQ31,OUT019,318.0057478275087
FDS51,OUT018,626.206077534671
FDW32,OUT027,2453.3182549604435
FDI15,OUT027,4310.467200184856
NCV30,OUT017,942.347388490324
DRG25,OUT049,3155.3711303894293
FDT02,OUT013,718.6663360212399
FDO33,OUT027,3044.1159607914756
FDP38,OUT035,738.8120961823938
FDZ45,OUT035,3153.299151595838
NCA54,OUT027,5124.311301691307
FDU33,OUT017,725.1384803753873
FDN58,OUT017,3961.768612970275
FDI05,OUT045,1135.5162857907378
FDM57,OUT019,310.97298896330614
NCS42,OUT027,2554.1107771772813
FDB57,OUT045,3752.33656680722
FDC03,OUT045,3152.6837279499887
FDZ58,OUT013,2102.904125417354
NCK29,OUT045,2116.6187566804515
NCR53,OUT045,3750.956475000049
FDE26,OUT027,3765.715990511151
FDU52,OUT049,2518.5850495745576
FDE41,OUT027,2338.871012429382
FDU38,OUT018,2715.8909937495664
FDA52,OUT017,2877.676463512003
FDW46,OUT046,1016.9027670419227
DRI59,OUT035,3871.2448793263034
FDT38,OUT035,1452.7719462274142
FDL33,OUT018,3084.1071583033504
FDQ01,OUT027,6436.258770195246
FDJ08,OUT046,3150.2546147005405
FDQ47,OUT049,718.6663360212399
NCZ18,OUT013,3966.761674689709
FDE29,OUT017,903.0295952005677
FDF10,OUT027,3513.790843974362
FDC48,OUT049,1388.4303636005432
FDY58,OUT013,3946.4803691243524
NCX30,OUT010,1479.0529877860965
FDV11,OUT013,2895.0168142997636
FDT46,OUT046,726.2762193250658
DRD01,OUT019,187.75342745970676
FDQ11,OUT013,4104.692571195453
NCM41,OUT017,1505.1104000318476
NCC55,OUT013,718.6663360212399
FDG45,OUT027,5569.3085933029415
NCQ54,OUT049,2858.822566124941
FDM34,OUT045,2128.3506256076007
FDD17,OUT019,569.5656310858963
FDN38,OUT027,6403.208936272605
FDB53,OUT018,2156.046998424816
NCL06,OUT035,4168.10710759372
NCV18,OUT019,310.97298896330614
FDX25,OUT013,3157.722716946752
FDB39,OUT046,826.4675556613811
FDC33,OUT049,3155.123604262352
NCO14,OUT018,591.9534524130472
FDA58,OUT027,6326.238554080873
NCQ02,OUT017,3158.618706092957
NCR53,OUT017,3814.531081944165
FDN52,OUT046,1462.6251722533575
FDG26,OUT046,4102.538401568242
FDE23,OUT027,1253.4628260693548
DRI37,OUT013,865.8769237973391
DRH37,OUT018,2435.735246163043
FDO01,OUT035,2116.6187566804515
FDK45,OUT049,1939.8486025507634
FDP23,OUT049,3581.251014852909
FDM33,OUT035,3586.356110751846
FDD36,OUT017,2102.904125417354
FDL56,OUT017,1452.7719462274142
FDT27,OUT010,1466.752854618803
FDG52,OUT017,719.9581070527206
NCL42,OUT035,4054.9657915602584
DRJ24,OUT046,3150.2546147005405
FDV38,OUT046,793.1233179574151
FDT35,OUT045,2846.9510853977517
FDY51,OUT045,3537.5586590110725
FDC37,OUT017,1625.1411074622142
NCP43,OUT013,3001.940295908276
FDO33,OUT045,1731.537559466772
FDW04,OUT018,1575.6385025482384
NCC31,OUT046,2526.580618799256
FDK22,OUT049,3584.214178592857
FDJ50,OUT017,826.4675556613811
FDV13,OUT017,1479.0521534844565
DRL60,OUT017,2481.5953486099343
FDW03,OUT017,1617.191891349596
FDY27,OUT035,2897.43534766594
FDB39,OUT027,1807.823674171399
FDU59,OUT045,2667.9645190676993
FDZ57,OUT049,2128.3506256076007
FDO21,OUT049,3868.384113660947
FDS43,OUT018,2704.6111119766256
FDU28,OUT010,1235.2600776094796
FDC51,OUT010,672.0271093532859
FDW16,OUT010,655.0351680025392
FDP32,OUT010,672.0271093532859
FDB60,OUT019,507.64069482528066
NCQ30,OUT046,2102.904125417354
FDD26,OUT049,3150.2546147005405
FDI44,OUT045,1341.1285225996608
DRH23,OUT046,826.4675556613811
FDO44,OUT046,1704.8589591863742
FDG04,OUT046,3156.7942534264425
FDM32,OUT027,2582.830130329353
FDM09,OUT013,2852.0196779724993
FDZ47,OUT013,1593.2749922709334
FDM40,OUT027,3248.2314470997494
FDY48,OUT017,1612.0174432063475
NCM30,OUT045,718.6663360212399
FDX36,OUT010,1420.4742996893451
DRF03,OUT017,718.6663360212399
FDN51,OUT049,4177.654802607578
FDM57,OUT049,1391.8819578802902
FDB35,OUT049,1546.4126269811002
FDY13,OUT027,2304.091923749358
FDA37,OUT017,2116.6187566804515
NCX53,OUT017,2132.1203276145006
FDD59,OUT018,1084.4566038157482
FDX10,OUT019,181.89879793071006
FDC03,OUT018,2766.6260023900563
FDW43,OUT035,3909.9722468408067
FDW10,OUT046,2871.3868687349973
FDY14,OUT027,6249.203361030231
FDV43,OUT045,723.8820235686356
FDO40,OUT013,2473.23003761584
FDP46,OUT027,2564.0034156692222
NCE43,OUT019,406.8007619448058
FDD05,OUT035,2102.904125417354
FDJ60,OUT010,1068.419925729587
DRE27,OUT018,1509.0588885375932
FDO11,OUT035,4108.549567133768
DRG11,OUT027,2631.7322973754804
FDK33,OUT010,1372.5265661053045
DRM23,OUT045,2848.534519124776
FDJ02,OUT027,3959.5116220223745
NCZ05,OUT045,1617.191891349596
NCL30,OUT013,2116.6187566804515
FDZ19,OUT018,2662.5713233861943
FDM45,OUT049,2105.764736035995
FDO36,OUT046,2953.1526381142057
NCK31,OUT045,736.0077760137286
DRJ37,OUT045,2516.0641630447235
FDP24,OUT018,1572.5521379888364
FDF46,OUT013,1998.0881857736333
FDX46,OUT019,189.44080001311414
NCL18,OUT045,3147.6151353752416
FDJ26,OUT013,3524.0754345109917
FDJ07,OUT045,1998.0881857736333
FDY15,OUT013,2526.580618799256
DRG01,OUT045,1119.336370336285
FDF58,OUT045,1016.9027670419227
FDZ14,OUT019,269.2639491352167
FDP31,OUT049,1016.9027670419227
FDH45,OUT013,718.6663360212399
FDA09,OUT010,1174.0129937651548
FDW31,OUT035,3182.173695393536
FDA57,OUT046,718.6663360212399
NCE55,OUT035,2895.0168142997636
FDC17,OUT019,558.854596337111
FDC59,OUT013,1016.9027670419227
FDA22,OUT013,2860.1754168743228
FDK52,OUT035,3794.0281337303245
NCM26,OUT046,2503.3758773706704
NCT53,OUT035,2824.5721840534916
FDW45,OUT018,2156.046998424816
NCI18,OUT035,3820.182454072407
FDE38,OUT018,2432.2301121265104
FDF08,OUT019,318.0057478275087
FDY58,OUT010,1444.065454380245
FDF58,OUT019,208.1768042934351
FDX39,OUT017,3584.2181517758163
FDB44,OUT049,3577.0144705934076
FDF28,OUT013,2116.6187566804515
FDE39,OUT013,2000.6382386132668
FDT37,OUT018,3324.2114939453277
FDZ45,OUT017,3180.3492427270226
FDO40,OUT035,2478.209244224784
FDM57,OUT027,2358.4897421460137
DRG36,OUT017,2870.60872905088
FDY36,OUT010,383.45123341952234
DRL60,OUT027,3683.3857758104896
FDS25,OUT019,271.20422042069674
DRF49,OUT027,3137.9091729958554
FDP16,OUT045,4075.527506176649
FDS60,OUT049,2997.4351084999157
FDU15,OUT027,940.8269353771527
FDK43,OUT046,2116.6187566804515
FDN25,OUT046,828.9717680538344
FDE53,OUT049,1622.3859104444762
FDB22,OUT013,2531.120788052999
FDE39,OUT017,2100.2094097584786
FDX35,OUT035,3821.008550517272
NCG54,OUT049,2852.0196779724993
FDH27,OUT035,2467.039578619989
NCK42,OUT013,3565.3140302064685
FDS25,OUT049,1666.822371533988
FDI10,OUT018,2613.283085614972
FDU35,OUT035,1598.0952950968538
FDI04,OUT017,3180.3492427270226
DRK23,OUT035,4098.7733383048735
FDB53,OUT019,354.9462147601657
FDY02,OUT049,4075.3093575143785
FDM60,OUT035,718.6663360212399
NCJ31,OUT010,1475.4044942130804
DRP35,OUT017,2116.6187566804515
NCQ30,OUT018,1572.5521379888364
DRL11,OUT010,1050.863388409762
FDU01,OUT013,3150.302537814682
FDR39,OUT035,2971.9198664999167
FDO08,OUT046,2688.921459857007
FDC02,OUT045,4162.455768536097
NCZ29,OUT035,2116.6187566804515
FDF29,OUT010,666.4455375874463
FDZ23,OUT017,3145.1860221257934
NCU53,OUT018,2435.735246163043
NCW30,OUT013,4121.440312862257
NCM26,OUT027,3959.5855952249085
FDV50,OUT027,3130.476285952252
FDW15,OUT049,2467.039578619989
FDI35,OUT027,5262.581331278567
FDO11,OUT017,4113.9755744075555
FDN48,OUT046,1507.709135745263
NCA17,OUT049,2473.23003761584
NCN54,OUT013,1341.1285225996608
FDP22,OUT013,727.5942445824155
NCB54,OUT035,2116.6187566804515
FDD08,OUT045,718.6663360212399
DRM48,OUT010,343.29444885571417
FDG41,OUT027,3053.296197769823
FDE44,OUT027,1368.1314616123545
FDE26,OUT035,2452.5087195519354
NCS38,OUT013,1923.162648083217
NCJ54,OUT018,3235.2815287236617
FDI40,OUT019,273.4946897707126
FDN45,OUT018,3179.5296690915734
FDU43,OUT046,4049.452450837728
FDI04,OUT010,1339.1451502552309
NCC07,OUT018,1565.9124561394453
NCC07,OUT019,271.20422042069674
NCD18,OUT045,3912.6031526715947
FDU55,OUT035,4191.721519641105
FDX59,OUT035,718.6663360212399
FDR52,OUT049,3148.4301620340266
NCP17,OUT013,1011.6725620081419
FDQ32,OUT045,2108.3823107050407
NCT17,OUT049,3150.2546147005405
FDO10,OUT049,828.9717680538344
FDE32,OUT049,718.6663360212399
FDN44,OUT045,2618.2961849955605
FDH02,OUT035,1479.0521534844565
FDK60,OUT013,1593.2749922709334
FDS24,OUT019,328.1394681798912
FDL03,OUT010,1371.7213260981218
FDB46,OUT027,5490.784033962637
FDO48,OUT049,3838.141316953046
FDZ39,OUT049,1617.191891349596
FDT02,OUT027,935.3497268481498
FDC50,OUT013,1558.7263310490755
FDP39,OUT035,738.8120961823938
DRG15,OUT018,610.3017739419442
FDP10,OUT018,1565.9124561394453
FDF53,OUT027,5176.5869701336605
FDN34,OUT045,2850.195225305985
FDK02,OUT045,2102.904125417354
FDC23,OUT045,2893.887523338909
FDJ10,OUT019,270.83987446087724
FDE53,OUT035,1653.130696983482
FDR25,OUT035,4154.876414700029
FDW50,OUT046,2687.097007190493
FDS09,OUT049,738.8120961823938
FDW49,OUT010,1174.0129937651548
FDU51,OUT046,2939.3100581669396
FDF28,OUT018,1572.5521379888364
NCY30,OUT018,2671.8619620927407
FDD44,OUT045,4118.551888815719
FDX09,OUT017,2895.0168142997636
NCF30,OUT013,2116.6187566804515
FDZ50,OUT019,486.46405552276644
FDW37,OUT013,1479.0521534844565
FDD11,OUT049,4099.92327524482
DRH39,OUT018,747.2965953520419
FDA36,OUT049,3158.618706092957
NCG43,OUT049,1502.9179334356938
FDF02,OUT035,1617.191891349596
FDP57,OUT027,2613.5586776542864
NCE42,OUT017,3910.5952211241847
NCR38,OUT027,6324.917785964287
FDP03,OUT019,269.2639491352167
FDO51,OUT035,718.6663360212399
NCQ42,OUT046,2116.6187566804515
NCM41,OUT046,1484.4986281877623
FDH48,OUT027,2363.6613790111605
DRF60,OUT046,4054.7829386659637
FDJ27,OUT035,1612.0174432063475
FDQ14,OUT013,2475.722143773364
FDN27,OUT017,2021.3755862857515
NCQ02,OUT046,3158.618706092957
FDJ33,OUT049,2116.6187566804515
FDP07,OUT027,5339.082548552587
DRE01,OUT049,3985.457649581543
FDU36,OUT045,1598.0952950968538
FDL28,OUT017,3936.9402587451805
NCX53,OUT046,2132.1203276145006
FDZ39,OUT013,1617.191891349596
NCP42,OUT013,3157.8002436388774
FDJ14,OUT035,1372.4110445836893
FDK04,OUT049,826.4675556613811
NCC19,OUT017,3152.6837279499887
FDS09,OUT018,592.9798403557188
FDZ02,OUT046,1598.0952950968538
FDD35,OUT018,1572.5521379888364
NCY42,OUT017,2452.5087195519354
FDB05,OUT045,3960.945755621111
FDF20,OUT035,3150.8592752834747
NCO41,OUT018,1524.3642381739535
FDC40,OUT027,2249.080489524137
FDV58,OUT045,3145.5498242792446
FDZ57,OUT045,2128.3506256076007
DRM35,OUT046,2961.925324736346
DRN36,OUT018,1498.1494324826801
FDQ13,OUT046,1388.4303636005432
DRO35,OUT010,672.0271093532859
NCD43,OUT035,1617.191891349596
FDA51,OUT018,1572.5521379888364
NCX17,OUT027,6382.343790914631
NCZ17,OUT049,718.6663360212399
FDR11,OUT027,3971.662453883351
FDW34,OUT049,4070.22223638502
FDN50,OUT017,1510.1816025285357
FDS09,OUT046,727.5942445824155
FDS48,OUT018,2163.347914511968
FDL44,OUT049,2675.298896087436
DRF48,OUT018,2691.1949179165113
FDA14,OUT018,2156.046998424816
NCD30,OUT049,1574.6633503711803
FDI16,OUT017,741.1398508992467
NCG06,OUT035,4163.619562196112
DRZ24,OUT035,2102.904125417354
NCS17,OUT045,1558.7263310490755
FDB37,OUT045,4051.763288745784
FDE10,OUT035,2128.3506256076007
FDC57,OUT045,3147.6151353752416
FDM12,OUT018,2695.8510673699075
FDE24,OUT049,2132.1203276145006
FDW22,OUT045,3613.8604909309124
DRD01,OUT027,1626.12693709829
NCZ18,OUT027,6437.098829366941
FDN49,OUT045,718.6663360212399
FDR22,OUT035,1923.162648083217
FDV08,OUT019,181.89879793071006
FDY39,OUT046,3150.2546147005405
FDV36,OUT049,2116.6187566804515
FDO60,OUT045,723.8820235686356
FDU04,OUT027,3225.8175661045366
FDR20,OUT027,1247.7974083414488
FDW19,OUT019,271.20422042069674
FDU40,OUT049,3143.1099479668815
FDK15,OUT045,1580.3345344252145
DRF15,OUT035,2481.5953486099343
FDQ25,OUT017,2872.433181717394
FDI48,OUT019,185.48260622599145
FDS49,OUT046,1341.1285225996608
FDV22,OUT046,2576.630000332538
NCV42,OUT046,1674.0577989165704
FDX26,OUT046,3145.1860221257934
FDI33,OUT018,1329.725926205169
FDZ14,OUT049,2105.764736035995
FDG10,OUT013,826.4675556613811
FDM38,OUT018,591.9534524130472
FDG26,OUT027,6275.880284720134
FDH46,OUT035,1612.0174432063475
FDN13,OUT018,1565.9124561394453
FDU57,OUT035,2473.23003761584
NCI06,OUT046,2966.3062665650177
FDM38,OUT045,779.0968874789457
NCG42,OUT010,672.0271093532859
FDL39,OUT045,2969.5475998853485
FDT31,OUT019,505.29135746889193
FDV59,OUT013,3584.460533421933
FDB49,OUT035,1603.952007632189
FDD58,OUT049,1612.0174432063475
DRN59,OUT046,725.1384803753873
FDX48,OUT049,2516.0641630447235
FDQ11,OUT049,4085.357273149595
FDY12,OUT049,765.9110529185219
FDQ11,OUT045,4095.9991341232917
DRI11,OUT017,1998.0881857736333
FDY32,OUT027,3965.566468426265
FDS51,OUT045,910.4888553069338
FDR19,OUT010,915.7062043626285
DRB13,OUT018,2717.210490946899
FDS21,OUT035,942.347388490324
FDQ40,OUT045,2875.3848343469713
NCE55,OUT013,2880.9606487181045
FDX43,OUT027,4146.711113275297
FDS12,OUT049,2116.6187566804515
DRK01,OUT027,2574.4998145419445
FDN25,OUT017,826.4675556613811
FDB60,OUT046,3152.6837279499887
FDQ13,OUT017,1388.4303636005432
DRK13,OUT045,3155.123604262352
DRF25,OUT018,591.9534524130472
NCD42,OUT019,181.89879793071006
FDW25,OUT045,1451.0455390389707
NCV29,OUT027,5114.360942797636
NCK42,OUT035,3570.7700755721435
DRJ13,OUT027,4077.3910995541023
DRD15,OUT017,3942.905827583039
FDM27,OUT045,2533.5840593828434
FDZ50,OUT018,2691.1949179165113
FDC04,OUT046,4050.149938940198
FDF50,OUT049,3165.220422770947
FDP15,OUT045,4003.399604055006
FDK46,OUT035,4178.756586203034
FDZ56,OUT018,2435.735246163043
FDY60,OUT049,2202.9146866099204
FDB10,OUT035,4014.9041501455877
FDR57,OUT045,2531.120788052999
FDU58,OUT049,3150.2546147005405
FDH02,OUT046,1479.0521534844565
FDP48,OUT013,3147.809976610613
FDI46,OUT035,4046.7888040524067
FDW56,OUT013,3152.6837279499887
NCM19,OUT010,672.0271093532859
FDS50,OUT027,5571.540139109125
FDK24,OUT013,719.9581070527206
FDO36,OUT017,2971.9198664999167
FDK45,OUT027,3019.6617919044884
NCL05,OUT045,719.9581070527206
FDL32,OUT018,1572.5521379888364
FDA28,OUT049,2116.6187566804515
FDY36,OUT018,654.0562235676103
FDP32,OUT018,1572.5521379888364
FDL50,OUT046,2108.3823107050407
DRC24,OUT049,2481.5953486099343
NCS18,OUT017,1653.130696983482
FDD16,OUT017,1135.5162857907378
NCV18,OUT013,1452.7719462274142
FDX07,OUT046,3150.302537814682
NCZ05,OUT027,2634.2860122978364
NCI31,OUT013,718.6663360212399
FDK14,OUT049,1388.4303636005432
NCR06,OUT045,718.6663360212399
NCF54,OUT049,2867.3645891426468
DRG23,OUT010,943.8838857035616
FDD53,OUT046,718.6663360212399
NCM31,OUT027,3351.6565378887044
FDT16,OUT017,4202.145314912984
FDR40,OUT035,1341.1285225996608
DRG25,OUT017,3155.3711303894293
FDT10,OUT035,910.4888553069338
FDY32,OUT013,2673.426520306781
FDN50,OUT035,1530.3037339171208
FDZ35,OUT019,271.20422042069674
NCP54,OUT045,2108.3823107050407
NCD07,OUT035,1728.8201331020111
FDS02,OUT018,3097.523352363465
DRN59,OUT018,591.9534524130472
DRB24,OUT013,2531.120788052999
FDP37,OUT027,3202.9667867905127
DRB01,OUT018,2715.8909937495664
FDR47,OUT046,3147.6151353752416
NCM31,OUT010,671.5500563946574
NCF06,OUT027,6380.923023215022
NCV17,OUT027,3312.25879880945
FDS10,OUT049,2939.3100581669396
FDN52,OUT035,1454.7392482342025
FDZ48,OUT013,1923.162648083217
FDJ48,OUT049,4095.336766179655
DRB13,OUT027,4822.985061026397
FDV59,OUT017,3590.676498865488
FDL32,OUT035,1713.7629628843717
FDZ12,OUT035,2132.1203276145006
NCR06,OUT027,940.2240113678087
FDP51,OUT017,2100.2094097584786
FDY22,OUT013,2132.1203276145006
FDZ38,OUT049,2876.9322219519836
NCO54,OUT035,826.4675556613811
FDR23,OUT035,2870.60872905088
FDM38,OUT049,826.4675556613811
FDS25,OUT013,1767.5448174725896
FDZ22,OUT013,1388.4303636005432
FDZ20,OUT019,569.5656310858963
FDD45,OUT010,662.6985927864366
FDN03,OUT049,4094.9594684858434
NCW30,OUT046,4144.932775228077
FDY24,OUT027,1783.8550612858555
FDJ26,OUT019,558.854596337111
FDM15,OUT049,2490.5654930560277
NCW54,OUT027,1786.6918703022397
FDA23,OUT045,1598.0952950968538
FDA39,OUT019,181.89879793071006
FDZ12,OUT017,2452.5087195519354
NCB42,OUT046,1998.0881857736333
FDL16,OUT046,726.2762193250658
FDO24,OUT019,393.5210467075672
NCP42,OUT046,3157.8002436388774
FDR19,OUT018,2148.2394457582773
DRL01,OUT045,3938.860168905438
FDV37,OUT046,3171.84716601506
FDI41,OUT010,933.2570081499513
FDF58,OUT049,942.347388490324
NCF43,OUT018,1583.7137405797466
FDN02,OUT049,3483.5704576288526
NCP41,OUT035,1653.130696983482
NCY17,OUT027,1073.3106849887038
FDL58,OUT027,4493.623142066638
NCA30,OUT027,5309.736193681714
FDE46,OUT018,2156.046998424816
FDY38,OUT035,3813.9419566407914
NCH29,OUT027,2577.907055165171
FDO20,OUT045,3974.657812982415
FDP44,OUT018,1565.9124561394453
FDM02,OUT027,2590.879045373508
FDJ14,OUT027,2313.2093072564776
FDH04,OUT010,664.151751295785
DRK23,OUT046,4090.48656536573
NCW05,OUT046,1653.130696983482
FDF12,OUT049,2467.039578619989
FDL51,OUT019,558.854596337111
FDN03,OUT018,3319.0747326826217
DRJ37,OUT049,2473.23003761584
FDM12,OUT019,492.80224130592063
FDA16,OUT045,3750.7514990863465
NCB07,OUT017,3150.0550116876047
NCI17,OUT019,283.74808025040386
FDR51,OUT046,2473.23003761584
FDJ55,OUT045,3865.441371438721
NCZ17,OUT013,718.6663360212399
FDU25,OUT013,890.0086484798455
NCG18,OUT045,1617.191891349596
DRM11,OUT017,4174.731231282069
FDH16,OUT035,1502.9179334356938
FDZ04,OUT018,610.3017739419442
NCX53,OUT035,2132.1203276145006
FDX38,OUT027,1354.7899319561795
FDX09,OUT046,2895.0168142997636
NCW05,OUT018,1565.9124561394453
NCS41,OUT017,3148.4301620340266
FDI26,OUT046,2897.43534766594
NCZ41,OUT027,3304.5537934339845
NCK06,OUT046,2108.3823107050407
FDX23,OUT027,2547.635091034401
NCA42,OUT046,2571.51348464365
FDC20,OUT049,826.4675556613811
DRC49,OUT018,2125.471178390885
FDX01,OUT013,2000.6382386132668
FDC08,OUT045,3790.9667873404837
FDC02,OUT017,4160.332014441907
FDK10,OUT045,2961.925324736346
DRC24,OUT013,2511.67149524431
FDW16,OUT019,309.2075182748159
NCU06,OUT018,3221.8653346635483
DRA59,OUT045,3150.2546147005405
FDR24,OUT019,316.3048022394897
DRL35,OUT018,591.9534524130472
FDA49,OUT013,1452.7719462274142
NCC55,OUT046,718.6663360212399
DRD24,OUT019,273.21585675804187
NCE55,OUT049,2895.0168142997636
FDT33,OUT045,2866.2661382825304
NCT53,OUT013,2686.0346984669923
FDS26,OUT046,4039.532389695321
FDL22,OUT018,1351.6162522958707
FDP44,OUT017,1617.191891349596
FDC52,OUT018,2156.046998424816
FDI53,OUT010,1053.3762901629523
FDZ23,OUT046,3145.1860221257934
NCT18,OUT013,3148.4301620340266
FDR13,OUT046,2000.6382386132668
FDB09,OUT010,672.0271093532859
FDZ60,OUT013,1666.822371533988
FDB11,OUT046,3856.695411538763
FDC10,OUT018,1572.5521379888364
FDW56,OUT035,3152.6837279499887
FDK14,OUT027,2382.9526253484314
DRE27,OUT027,2619.2529954623806
FDA38,OUT017,4055.44997820586
FDT11,OUT045,3150.2546147005405
FDP15,OUT035,4006.260369720362
FDV27,OUT035,1456.5966862689609
FDS36,OUT027,2594.12841556929
FDY40,OUT027,1372.9960508885588
NCF19,OUT049,727.5942445824155
FDF53,OUT045,3138.2361966275057
FDS14,OUT027,3944.1316416692507
FDE56,OUT046,1014.223847461919
FDZ19,OUT035,2897.43534766594
FDZ46,OUT013,1728.8201331020111
FDR16,OUT046,3508.717816744762
FDG29,OUT018,591.9534524130472
NCE30,OUT017,3503.690251425888
FDZ40,OUT046,794.7286097363508
FDG58,OUT018,2272.217612413259
DRH03,OUT013,1558.7263310490755
FDZ47,OUT045,1596.0843639760005
FDV04,OUT018,2331.9413914995503
FDZ10,OUT018,1572.5521379888364
FDG46,OUT017,1923.162648083217
NCF07,OUT045,1598.0952950968538
FDY44,OUT035,3155.9757909723635
FDB21,OUT013,3954.467692205634
FDS20,OUT035,3150.2546147005405
FDS49,OUT049,1357.6269888005634
FDX55,OUT027,5554.215153988277
NCQ02,OUT018,2697.209259254787
FDR25,OUT013,4106.540174601845
DRG39,OUT045,826.4675556613811
FDB46,OUT046,3512.8911552049703
NCC30,OUT018,2668.0268053611944
FDE58,OUT035,2100.2094097584786
FDC05,OUT019,555.8009911819095
FDY15,OUT046,2566.0943697932694
FDG14,OUT046,2473.23003761584
FDL08,OUT049,4080.1659214477736
FDQ47,OUT013,718.6663360212399
FDN12,OUT035,1704.8589591863742
FDW10,OUT013,2896.3532652296526
FDD02,OUT035,2006.1597780043967
FDX35,OUT010,1449.4488912469117
FDT35,OUT046,2846.9510853977517
DRN47,OUT019,462.36767704790435
FDB11,OUT010,1415.7171340533437
FDN20,OUT045,2842.2278727929133
FDB59,OUT035,3197.111381343733
FDJ58,OUT045,2870.60872905088
FDU60,OUT046,2846.9510853977517
FDS03,OUT049,1022.7811769306919
FDU40,OUT019,506.8917692814677
DRH15,OUT049,726.2762193250658
FDD04,OUT027,3701.299619155709
FDQ01,OUT046,3966.600237192255
FDF28,OUT035,2116.6187566804515
FDD22,OUT010,672.0271093532859
FDY19,OUT046,2006.1597780043967
FDN33,OUT035,1516.7070950930042
FDV36,OUT035,2116.6187566804515
FDW01,OUT010,974.4222450084555
FDJ28,OUT049,3157.8002436388774
FDB17,OUT035,2960.100872069832
FDM40,OUT049,2132.1203276145006
FDV46,OUT045,2132.1203276145006
FDQ44,OUT049,2100.2094097584786
NCD42,OUT046,718.6663360212399
DRH37,OUT046,2670.1823803985485
FDR10,OUT018,2413.9794006446778
NCD06,OUT027,990.3314932152057
FDI53,OUT046,2650.4938662907243
FDG16,OUT035,3525.9649181745167
DRB25,OUT046,1653.130696983482
FDY09,OUT046,2870.60872905088
FDX48,OUT045,2511.67149524431
FDC03,OUT010,1336.4758099050616
FDT47,OUT035,1560.3592776216633
FDW44,OUT027,4234.132664871626
FDT24,OUT017,1160.7623190101194
FDT12,OUT019,572.5813329798025
NCS38,OUT035,1926.6543786675
FDO39,OUT035,3150.2546147005405
FDA13,OUT046,718.6663360212399
FDO48,OUT035,3748.6620704870556
DRJ01,OUT017,2623.520516089107
FDD53,OUT018,591.9534524130472
NCT05,OUT049,4129.739035597225
FDQ51,OUT045,726.2762193250658
FDU60,OUT013,2840.272833315953
FDC59,OUT046,942.347388490324
FDP36,OUT035,760.4750413677423
NCM19,OUT017,1713.7629628843717
FDL16,OUT035,719.9581070527206
FDE50,OUT018,2695.8510673699075
NCR18,OUT013,719.9581070527206
NCD30,OUT035,1580.3345344252145
FDH31,OUT013,1598.0952950968538
FDD56,OUT019,422.3800478572154
FDC47,OUT049,3813.9785418389506
FDZ21,OUT045,1558.7263310490755
FDM01,OUT049,1617.191891349596
FDF24,OUT013,1375.3477802125874
FDW23,OUT017,718.6663360212399
FDY52,OUT018,610.3017739419442
DRH37,OUT027,4075.876093260014
DRO47,OUT027,3025.063187731897
FDR25,OUT049,4152.015649034673
FDQ24,OUT027,6265.914626812828
DRJ51,OUT018,3221.8653346635483
NCU06,OUT035,3867.0305252784547
NCV18,OUT018,1101.4021509881934
NCC06,OUT027,3290.2271435128637
FDZ01,OUT018,1565.9124561394453
FDT14,OUT017,2102.904125417354
FDD11,OUT019,569.5656310858963
FDN09,OUT017,4080.1153319061327
NCO18,OUT010,1168.6295568984883
FDZ50,OUT045,3148.4301620340266
FDS44,OUT013,3936.7289026431513
FDI36,OUT045,3155.123604262352
FDA26,OUT010,1395.3384593309331
NCY53,OUT049,1803.95972023013
FDF32,OUT049,3191.9948656548445
FDF59,OUT010,672.0271093532859
FDB20,OUT046,1194.9203698066192
DRH11,OUT035,826.4675556613811
FDT03,OUT049,3149.0449261098493
NCH06,OUT035,3987.592049909881
FDR55,OUT049,3150.2546147005405
FDI10,OUT035,2872.433181717394
FDZ12,OUT045,2132.1203276145006
FDM12,OUT049,3145.1860221257934
DRB25,OUT045,1653.130696983482
NCS41,OUT013,3148.4301620340266
NCT53,OUT049,2673.426520306781
NCD55,OUT013,718.6663360212399
FDY08,OUT049,2132.1203276145006
NCP55,OUT049,826.4675556613811
FDA33,OUT013,2473.23003761584
FDQ33,OUT013,2473.23003761584
FDE45,OUT027,5109.388075874377
FDT26,OUT013,2105.764736035995
NCV53,OUT049,4078.8591150423654
FDK60,OUT027,2603.496671718983
NCJ29,OUT046,1388.4303636005432
FDI15,OUT045,4143.59878426947
FDX21,OUT013,1704.8589591863742
FDV49,OUT019,569.5656310858963
DRO59,OUT046,1341.1285225996608
FDZ14,OUT045,2108.3823107050407
FDP32,OUT027,3361.198407504689
FDC33,OUT017,3182.173695393536
FDT14,OUT010,672.0271093532859
NCN54,OUT027,2241.407133542721
FDR57,OUT027,4071.1616477335338
DRK12,OUT046,718.6663360212399
FDX52,OUT049,3152.6837279499887
FDX08,OUT010,1168.6295568984883
FDP10,OUT010,673.9673806387659
NCP50,OUT045,1341.1285225996608
NCL06,OUT013,4159.676004774023
FDP25,OUT013,3612.0360382643976
FDE53,OUT013,1617.191891349596
FDL27,OUT017,1022.7811769306919
FDC35,OUT049,3470.580632919332
DRJ47,OUT010,1124.1759287867624
FDD16,OUT018,747.2965953520419
NCN42,OUT049,2467.039578619989
FDC38,OUT027,3240.010965721158
NCO07,OUT045,3584.6686146069787
FDQ20,OUT049,718.6663360212399
FDI32,OUT046,1923.162648083217
FDN20,OUT010,1082.5616229186226
DRJ51,OUT027,6526.034844722432
FDU08,OUT045,1580.3345344252145
DRN37,OUT019,406.8007619448058
FDD05,OUT010,672.0271093532859
FDW15,OUT046,2473.23003761584
FDI52,OUT046,2116.6187566804515
DRM11,OUT049,4189.074387354055
NCO06,OUT045,718.6663360212399
FDU38,OUT049,3150.2546147005405
FDU59,OUT018,2409.3303615350624
FDJ10,OUT046,2132.1203276145006
FDM13,OUT049,2132.1203276145006
NCJ30,OUT019,406.8007619448058
FDM45,OUT018,1572.5521379888364
FDP36,OUT045,727.5942445824155
NCD30,OUT010,665.2809762974653
FDN48,OUT017,1554.769355404758
FDY32,OUT049,2650.4938662907243
FDU47,OUT046,2132.1203276145006
FDF17,OUT019,555.061838194356
FDP34,OUT017,2567.8787771619145
FDA47,OUT049,2673.426520306781
DRD27,OUT027,2506.4736458094744
FDW38,OUT045,826.4675556613811
FDZ15,OUT019,269.2639491352167
FDZ03,OUT027,5184.942220599736
NCN19,OUT049,3153.5466777229153
FDG02,OUT035,3155.3711303894293
FDS31,OUT035,3148.4301620340266
FDW43,OUT019,569.5656310858963
FDZ47,OUT010,673.9673806387659
FDO57,OUT017,2631.5376109146005
NCL07,OUT013,718.6663360212399
NCV42,OUT013,1704.8589591863742
FDP40,OUT017,1767.5448174725896
FDP48,OUT019,479.57669284434763
FDH21,OUT017,2636.572275974574
NCP02,OUT049,894.2186375498603
FDK24,OUT049,726.2762193250658
FDC41,OUT045,1127.2923689624695
FDF08,OUT017,1452.7719462274142
FDO49,OUT017,760.4750413677423
FDS56,OUT027,6446.465321414659
FDX46,OUT018,610.3017739419442
FDQ07,OUT013,3614.3486844671365
FDC32,OUT010,655.0351680025392
FDT21,OUT019,569.5656310858963
FDG58,OUT045,2531.120788052999
FDW14,OUT049,1452.7719462274142
DRA12,OUT027,3391.3755609991113
FDV27,OUT013,1464.3142820779965
DRD25,OUT013,1765.0130661868718
DRF48,OUT027,5354.80977469639
FDX24,OUT017,1507.709135745263
DRJ51,OUT046,3815.0257759542014
FDE45,OUT045,2971.3720525518625
FDE14,OUT046,1603.952007632189
FDG53,OUT045,2132.1203276145006
FDT08,OUT046,2473.23003761584
DRC27,OUT027,6261.145818408321
FDG20,OUT035,2893.1923616332497
FDC21,OUT046,1653.130696983482
FDV31,OUT018,2662.5713233861943
FDB58,OUT045,2132.1203276145006
FDV23,OUT046,2116.6187566804515
FDA25,OUT019,271.20422042069674
FDC15,OUT046,2617.704834008968
FDU47,OUT049,2132.1203276145006
FDE23,OUT013,726.2762193250658
FDS08,OUT013,2895.0168142997636
FDW03,OUT027,2641.5762434689163
FDJ60,OUT018,2413.9794006446778
FDM34,OUT017,2128.3506256076007
FDW33,OUT013,1625.1411074622142
FDZ40,OUT013,826.4675556613811
FDE33,OUT018,1080.4568428820523
NCC06,OUT010,672.0271093532859
FDU11,OUT046,2095.226463562001
FDL44,OUT017,2675.298896087436
NCZ29,OUT017,2116.6187566804515
FDG28,OUT010,1478.4267165554315
FDL12,OUT018,609.036690995241
FDD52,OUT017,1674.0577989165704
FDO15,OUT013,1022.7811769306919
NCN29,OUT027,1386.5310889510179
FDW36,OUT013,1653.130696983482
FDB21,OUT046,3928.374984520793
FDZ28,OUT013,2116.6187566804515
FDY10,OUT035,1959.4690094414734
DRG39,OUT017,794.7286097363508
FDN28,OUT013,1617.191891349596
FDV15,OUT035,1617.191891349596
DRI13,OUT035,3605.5832624897757
FDH20,OUT046,1560.3592776216633
FDY51,OUT013,3619.359012529059
FDE16,OUT013,3536.077336271612
FDX40,OUT018,591.9534524130472
FDC48,OUT018,1080.4568428820523
FDS14,OUT046,2533.5840593828434
FDX56,OUT017,3550.5582953375997
FDI10,OUT046,2872.433181717394
FDI14,OUT013,2132.1203276145006
DRM48,OUT013,718.6663360212399
NCH07,OUT027,4079.898759826267
FDY26,OUT013,3571.022643587932
FDD02,OUT027,3031.0176559758147
FDM12,OUT046,3145.1860221257934
DRF01,OUT010,933.2570081499513
FDV36,OUT046,2116.6187566804515
DRI59,OUT013,3847.445659744566
FDV03,OUT018,2307.2953134553104
FDO39,OUT017,3162.791309521499
NCB07,OUT018,3084.1071583033504
FDH38,OUT027,3035.467575853715
FDZ13,OUT035,726.2762193250658
NCZ30,OUT046,2108.3823107050407
NCA06,OUT035,718.6663360212399
FDB04,OUT049,1452.7719462274142
FDN50,OUT013,1516.7070950930042
NCG06,OUT049,4095.041769864728
NCY17,OUT018,591.9534524130472
FDC23,OUT046,2957.3055253624902
FDK33,OUT049,3582.844161940465
FDR03,OUT049,3551.032618450686
FDZ07,OUT045,992.269688854603
FDO38,OUT013,1341.1285225996608
FDS59,OUT046,1653.130696983482
DRM11,OUT019,569.5656310858963
FDX52,OUT027,5289.220679533087
DRJ35,OUT018,609.036690995241
NCP53,OUT046,4061.751656061808
FDW15,OUT019,354.9462147601657
DRI47,OUT045,2414.8130005408516
DRZ11,OUT035,2108.3823107050407
FDS02,OUT013,3152.6837279499887
DRD49,OUT018,3282.4167555014824
FDW38,OUT049,763.9962440355449
FDR21,OUT019,428.5575374048255
FDE40,OUT013,1014.223847461919
FDI02,OUT045,1704.8589591863742
FDQ04,OUT045,718.6663360212399
FDY14,OUT017,4277.9676000446525
NCT54,OUT046,1574.6633503711803
DRD25,OUT017,1728.8201331020111
DRE01,OUT045,3987.757106882651
FDJ12,OUT010,1370.0045873996442
NCZ05,OUT049,1617.191891349596
DRB25,OUT019,271.20422042069674
NCC31,OUT045,2572.995292850803
FDM16,OUT045,1138.6511651023877
DRG11,OUT049,1630.3546869507568
FDV24,OUT027,3706.7704462022316
FDV43,OUT046,719.9581070527206
FDG05,OUT018,2266.4414359419534
FDV23,OUT010,672.0271093532859
FDI58,OUT018,1378.3373278153172
FDQ11,OUT017,4111.506996662342
FDC05,OUT027,5396.898267186381
FDF40,OUT013,4069.3543711993298
FDU02,OUT018,3209.2181627163327
FDT32,OUT013,3145.1860221257934
NCF06,OUT017,4178.135044821279
FDT46,OUT013,738.8120961823938
FDR58,OUT010,654.8651874417046
FDY04,OUT046,2664.720379159467
FDT58,OUT045,2845.3414258906996
FDE46,OUT049,2481.5953486099343
DRH11,OUT017,826.4675556613811
DRI51,OUT046,2867.3645891426468
FDC35,OUT017,3441.619974973046
FDP45,OUT035,4102.784040910176
FDC45,OUT017,2863.5457787297805
FDU01,OUT045,3150.302537814682
FDJ53,OUT010,672.0271093532859
FDJ46,OUT017,2872.433181717394
FDX07,OUT013,3150.302537814682
NCI30,OUT049,4040.4110019924074
FDE47,OUT027,3301.280535993665
FDV48,OUT045,1341.1285225996608
FDN16,OUT019,271.20422042069674
FDM52,OUT013,2467.039578619989
FDA32,OUT027,5534.704488276466
FDH05,OUT017,3828.6333819879014
FDW25,OUT010,649.9656104981539
FDQ09,OUT046,1956.780638870668
NCM17,OUT010,343.29444885571417
DRM59,OUT046,2520.1221615557934
FDV47,OUT027,2336.462088443655
DRE15,OUT035,1088.0955199252828
FDS25,OUT010,673.9673806387659
NCZ05,OUT018,1565.9124561394453
NCV05,OUT019,368.3373012038097
DRM37,OUT046,3153.299151595838
FDV58,OUT027,5347.749144637449
FDN22,OUT027,6748.836746895103
NCO06,OUT049,718.6663360212399
FDT56,OUT019,194.4715054203999
FDM02,OUT013,1462.6251722533575
FDA09,OUT046,2975.1640064081494
NCC06,OUT035,2116.6187566804515
NCL54,OUT049,2880.9606487181045
NCB55,OUT017,868.803974283486
FDB12,OUT017,1625.1411074622142
NCA54,OUT049,2953.8008555356714
NCS38,OUT049,1998.0881857736333
FDC02,OUT049,4152.045241502763
FDK44,OUT019,422.3800478572154
FDE16,OUT035,3541.535173439213
NCS05,OUT035,2130.0788449522083
FDZ59,OUT045,2845.3414258906996
FDI20,OUT017,3591.1309348796094
FDQ14,OUT046,2475.722143773364
FDF53,OUT017,2997.4351084999157
FDW25,OUT017,1452.7719462274142
NCQ43,OUT010,673.9673806387659
FDX52,OUT013,3152.6837279499887
FDE28,OUT045,3801.5860346141653
FDN15,OUT017,2132.1203276145006
FDO28,OUT017,2095.226463562001
FDQ33,OUT045,2478.209244224784
FDM22,OUT010,353.6596094772147
FDJ03,OUT017,726.2762193250658
FDI16,OUT045,821.9977008278097
FDI09,OUT027,6377.380553440601
FDX55,OUT013,3584.460533421933
FDS23,OUT027,3235.938479356642
DRC12,OUT045,3147.6151353752416
FDH41,OUT049,3581.1388618315045
FDN01,OUT013,2878.7645154587117
FDV55,OUT045,2452.5087195519354
NCJ19,OUT013,826.4675556613811
NCY29,OUT010,353.6596094772147
FDP03,OUT018,1572.5521379888364
FDZ52,OUT045,1704.8589591863742
FDH31,OUT010,673.9673806387659
FDQ19,OUT018,3287.2524625182937
FDS15,OUT035,1630.3546869507568
FDN32,OUT017,3150.302537814682
FDH32,OUT049,1580.3345344252145
FDF33,OUT017,1674.0577989165704
FDJ22,OUT046,3145.1860221257934
FDG56,OUT010,363.2741883048298
FDC05,OUT046,3150.8592752834747
FDK09,OUT013,3807.03525944719
NCV29,OUT045,2900.1333299886523
NCC43,OUT019,569.5656310858963
NCA42,OUT049,2559.370741942239
FDC10,OUT046,2021.3755862857515
FDC16,OUT013,1456.5966862689609
NCL17,OUT013,2132.1203276145006
FDA51,OUT035,1956.780638870668
FDW01,OUT017,2490.6959906985094
NCF30,OUT045,2116.6187566804515
FDN49,OUT013,718.6663360212399
FDY20,OUT045,1479.0521534844565
FDC15,OUT045,2551.840734264471
FDY24,OUT046,801.0172438254892
NCG43,OUT017,1558.7263310490755
FDA48,OUT013,3736.235639604786
NCF55,OUT017,718.6663360212399
FDL38,OUT049,1479.0521534844565
NCQ29,OUT018,3342.261643408447
FDC34,OUT017,2559.370741942239
FDP36,OUT027,1448.2935971382133
FDN50,OUT010,652.1700538920103
FDO23,OUT049,1558.7263310490755
FDT56,OUT013,828.9717680538344
FDT13,OUT027,5172.138175103746
FDZ03,OUT013,3148.4301620340266
FDQ03,OUT010,1472.7625627161347
FDU44,OUT045,2659.3410439493587
FDD03,OUT049,3845.521548171204
NCH30,OUT013,1737.283378107289
FDS60,OUT010,1177.8735248605337
FDG08,OUT046,2870.60872905088
FDX38,OUT017,726.2762193250658
FDD22,OUT017,1926.6543786675
FDW51,OUT013,3514.217664318376
FDL09,OUT017,2846.9510853977517
FDZ60,OUT045,1653.130696983482
NCH07,OUT046,2623.520516089107
NCQ41,OUT049,3158.4156672847266
FDW04,OUT049,2116.6187566804515
FDI08,OUT027,6353.850189063128
FDR19,OUT019,354.26721370935144
FDV13,OUT046,1452.7719462274142
FDB52,OUT017,4120.154725012444
FDZ48,OUT027,3141.6091393147863
NCO14,OUT049,726.2762193250658
FDZ50,OUT013,3148.4301620340266
FDN27,OUT019,269.2639491352167
FDQ60,OUT013,2108.3823107050407
FDR49,OUT017,726.2762193250658
DRJ35,OUT027,1775.5300296814517
DRI49,OUT017,1375.3477802125874
FDB47,OUT017,3583.0672697082214
FDP37,OUT010,672.0271093532859
FDR26,OUT049,2871.3868687349973
FDY31,OUT019,353.71474377034474
FDC11,OUT045,1479.0521534844565
DRP47,OUT035,4104.349301600022
NCY54,OUT018,2496.3930675338024
FDR27,OUT046,2130.0788449522083
FDQ21,OUT019,269.2639491352167
NCQ29,OUT035,4085.5736172928973
FDJ02,OUT046,2471.0975771310586
FDE21,OUT018,1572.5521379888364
FDM39,OUT046,2905.9270452127594
FDZ01,OUT017,1612.0174432063475
NCB19,OUT018,1269.7984258817532
FDU03,OUT046,3128.4104136651986
FDP27,OUT049,3150.2546147005405
DRF01,OUT045,2467.039578619989
FDM03,OUT049,1653.130696983482
FDV01,OUT046,2529.336380684354
FDS16,OUT046,2467.039578619989
FDO45,OUT035,1479.0521534844565
NCX06,OUT035,2997.2214546301866
FDP13,OUT046,718.6663360212399
NCR38,OUT018,3324.2114939453277
FDA01,OUT013,826.4675556613811
FDT26,OUT017,2006.1597780043967
FDD44,OUT027,6453.418100116363
FDB26,OUT013,826.4675556613811
FDP45,OUT019,569.5656310858963
NCP55,OUT046,826.4675556613811
FDT23,OUT017,1341.1285225996608
FDO51,OUT045,718.6663360212399
FDA44,OUT046,826.4675556613811
NCJ31,OUT018,3292.635899384961
FDX37,OUT045,1598.0952950968538
NCD18,OUT049,3917.4142746403313
FDN40,OUT027,3906.804160020902
FDL33,OUT017,3152.6837279499887
DRF48,OUT035,3150.2546147005405
FDW08,OUT035,1625.1411074622142
FDX39,OUT018,3092.5783809289514
FDB38,OUT049,2668.518993944612
FDY46,OUT018,2691.1949179165113
NCB06,OUT049,2617.704834008968
FDA34,OUT035,2890.428648912946
FDA35,OUT045,2102.904125417354
FDQ07,OUT035,3541.0402105259313
FDU32,OUT045,2108.3823107050407
FDU26,OUT013,2105.764736035995
FDU13,OUT010,933.2570081499513
FDO09,OUT035,4079.6957416873997
FDW03,OUT019,271.20422042069674
FDB38,OUT013,2633.328136066341
FDL26,OUT010,999.7396116566881
NCN43,OUT045,2113.888382757826
FDH08,OUT045,3962.162790652251
NCC31,OUT019,379.08493410645775
FDH14,OUT035,2132.1203276145006
FDL40,OUT017,1580.3345344252145
FDD20,OUT035,2108.3823107050407
NCV53,OUT035,4087.783427559542
FDD16,OUT045,1054.5727373930051
FDP24,OUT035,2102.904125417354
FDQ25,OUT045,2872.433181717394
FDM38,OUT035,794.7286097363508
NCT18,OUT010,1171.423147592827
FDM34,OUT049,2130.0788449522083
DRH37,OUT010,1068.419925729587
NCE07,OUT013,2153.189504033242
FDG12,OUT013,2038.8577698081688
FDB59,OUT010,1369.7623137874807
FDS10,OUT018,2681.442999421309
FDN21,OUT010,1073.3050688469825
FDM02,OUT045,1464.3142820779965
FDO44,OUT049,1759.5980289725971
NCN17,OUT017,1614.6042270027867
FDH16,OUT018,1378.3373278153172
FDL44,OUT046,2638.444651755229
FDY47,OUT017,2116.6187566804515
DRI39,OUT046,826.4675556613811
NCX54,OUT018,1565.9124561394453
FDE59,OUT046,718.6663360212399
FDO46,OUT045,3155.3711303894293
DRE13,OUT046,1462.6251722533575
FDW14,OUT013,1479.0521534844565
FDF35,OUT046,1653.130696983482
FDO50,OUT019,316.3048022394897
DRF49,OUT017,1998.0881857736333
FDT60,OUT049,2116.6187566804515
FDP38,OUT045,726.2762193250658
FDA31,OUT027,4844.755994826099
FDY52,OUT010,363.2741883048298
FDD03,OUT027,6410.0860206270345
FDN52,OUT018,1269.7984258817532
FDU20,OUT010,672.0271093532859
FDD22,OUT035,1704.8589591863742
NCB55,OUT019,189.44080001311414
FDN27,OUT045,2038.8577698081688
FDD16,OUT013,1318.0719293770753
FDW48,OUT046,1341.1285225996608
DRN35,OUT045,718.6663360212399
FDX25,OUT049,2971.9198664999167
DRD49,OUT049,3939.11280925576
FDE21,OUT019,269.2639491352167
FDN44,OUT035,2626.0654896060896
DRC01,OUT049,726.2762193250658
NCK30,OUT046,4067.9728408041597
FDU39,OUT013,828.9717680538344
FDB49,OUT013,1593.2749922709334
FDS12,OUT045,2116.6187566804515
FDR57,OUT018,2314.476680263778
FDX22,OUT027,5523.570316659464
FDC60,OUT013,1480.9256029053724
NCE42,OUT049,3902.30844818504
NCK42,OUT049,3568.389346967821
DRE01,OUT017,3998.7775400049095
FDE57,OUT018,1583.7137405797466
DRK59,OUT019,572.5813329798025
FDB10,OUT027,6265.767297631798
FDQ25,OUT046,2872.433181717394
FDY26,OUT017,3579.3094165270763
FDG28,OUT049,4070.9409971114846
FDM14,OUT049,1661.1923046074357
NCH29,OUT049,1593.2749922709334
FDD48,OUT049,1998.0881857736333
FDC17,OUT045,3577.755831503186
DRH49,OUT027,2280.80677361377
FDN44,OUT018,2388.0401694612883
FDC29,OUT045,1956.780638870668
DRK01,OUT019,302.1923968219517
FDD48,OUT017,1956.780638870668
FDB59,OUT013,3189.641797639748
FDY45,OUT010,1496.8294162711813
FDX60,OUT035,1341.1285225996608
FDT09,OUT010,660.8641543220768
DRB24,OUT018,2247.328178119341
FDL13,OUT035,3938.162786143146
FDN16,OUT035,1617.191891349596
FDK57,OUT013,2105.764736035995
FDO22,OUT027,2258.4220636993277
FDC57,OUT010,1254.2517186442233
FDZ13,OUT027,1402.3455278434028
FDW27,OUT013,2521.2816558711565
FDX10,OUT049,718.6663360212399
FDY08,OUT018,1583.7137405797466
FDA49,OUT017,1452.7719462274142
FDC32,OUT018,1503.3651209516736
FDO04,OUT035,821.9977008278097
NCZ54,OUT013,2636.572275974574
FDY40,OUT045,726.2762193250658
FDW36,OUT045,1653.130696983482
FDE11,OUT017,3158.0649736324563
DRE37,OUT045,3148.4301620340266
NCK19,OUT017,3152.6837279499887
FDT19,OUT035,2872.433181717394
FDE56,OUT045,935.3019773241188
FDZ57,OUT010,672.0271093532859
FDB35,OUT035,1529.2141122001067
FDF09,OUT010,343.29444885571417
FDO34,OUT046,2846.9510853977517
FDA55,OUT046,3865.0738359116694
NCM18,OUT035,910.4888553069338
FDJ20,OUT019,269.2639491352167
DRQ35,OUT019,269.2639491352167
FDG02,OUT013,3155.3711303894293
NCU29,OUT018,2148.2394457582773
FDL27,OUT027,1757.535674206615
NCA54,OUT035,2953.8008555356714
FDJ32,OUT035,942.347388490324
FDB21,OUT019,569.5656310858963
FDR46,OUT035,2467.039578619989
FDZ32,OUT046,1625.1411074622142
DRF36,OUT017,3153.5466777229153
NCU54,OUT017,3502.1316737640827
NCI31,OUT017,718.6663360212399
DRA59,OUT035,3150.2546147005405
NCC55,OUT045,718.6663360212399
FDE44,OUT018,591.9534524130472
NCN26,OUT018,1572.5521379888364
FDC11,OUT049,1462.6251722533575
FDV24,OUT035,2477.28803612691
FDR40,OUT019,306.09607701032974
NCQ17,OUT049,2571.51348464365
FDC46,OUT045,3145.1860221257934
NCM18,OUT046,965.0177902953421
FDK16,OUT046,1574.6633503711803
FDI28,OUT017,1364.1754874919382
FDS11,OUT018,3179.5296690915734
DRD13,OUT046,1016.9027670419227
FDL36,OUT035,1479.0521534844565
FDI27,OUT013,726.2762193250658
FDJ53,OUT019,269.2639491352167
FDS44,OUT045,4069.3081597479677
FDE28,OUT046,3814.4658668044435
FDQ33,OUT018,2172.834465210159
FDB37,OUT017,4050.3762556471456
FDQ31,OUT045,1452.7719462274142
NCQ05,OUT046,2473.23003761584
FDE10,OUT013,2128.3506256076007
FDF38,OUT017,718.6663360212399
FDE50,OUT019,492.80224130592063
DRG37,OUT010,994.7159582181521
NCH06,OUT049,4010.2113940589993
FDY14,OUT045,4215.51191560052
FDO27,OUT017,1558.7263310490755
FDQ19,OUT049,4073.014870305442
FDZ26,OUT019,569.5656310858963
FDN51,OUT013,4196.758766713073
FDK20,OUT035,2108.3823107050407
FDD40,OUT018,2758.399138894839
DRI25,OUT018,602.3186130345479
FDH56,OUT017,1998.0881857736333
FDI36,OUT027,5316.497043960374
DRH11,OUT018,602.3186130345479
NCV18,OUT017,1388.4303636005432
DRI01,OUT049,2872.433181717394
DRE48,OUT049,3187.2902110824243
FDS51,OUT035,903.0295952005677
FDM38,OUT017,736.0077760137286
FDB60,OUT027,5264.165437551115
FDY58,OUT035,3940.647697717548
FDY22,OUT045,2149.4055288760665
FDF11,OUT027,6526.975635896984
FDZ51,OUT035,1574.6633503711803
FDQ45,OUT017,3152.9264922995017
FDF17,OUT035,3152.6837279499887
NCF31,OUT027,3707.3994103510636
FDA37,OUT013,2116.6187566804515
FDO51,OUT046,718.6663360212399
FDF34,OUT013,3163.043337159663
FDD57,OUT018,1509.0588885375932
FDO37,OUT046,3941.8279914555524
FDR49,OUT049,727.5942445824155
FDS39,OUT049,2132.1203276145006
FDI48,OUT027,1480.9458604047154
DRM35,OUT049,2958.869448110418
FDV57,OUT035,3005.184435816509
FDZ55,OUT013,2662.059864969913
FDI28,OUT035,1341.1285225996608
FDS21,OUT045,1011.6725620081419
FDT34,OUT013,1650.8133147455158
DRI25,OUT035,826.4675556613811
FDT47,OUT010,662.6985927864366
DRH39,OUT045,1135.5162857907378
NCD54,OUT045,2467.039578619989
FDU16,OUT027,2363.7577989487936
NCW29,OUT045,2128.3506256076007
FDV25,OUT027,5579.596669083127
FDM56,OUT035,1674.0577989165704
FDZ04,OUT027,1928.1283662158683
FDG59,OUT019,181.89879793071006
FDI56,OUT045,1480.9256029053724
FDS33,OUT035,1464.3142820779965
FDC23,OUT049,2885.3600563381983
FDT11,OUT049,3150.2546147005405
FDG17,OUT045,4073.324500247053
FDZ44,OUT045,2006.1597780043967
FDJ52,OUT013,2644.4034539200816
DRI23,OUT046,2622.914525932317
DRE15,OUT010,561.1350272067357
NCF07,OUT013,1612.0174432063475
NCR29,OUT049,826.4675556613811
FDE44,OUT019,181.89879793071006
FDT23,OUT035,1357.6269888005634
NCG06,OUT017,4169.045569469899
NCU41,OUT010,1242.644158299422
FDH46,OUT017,1617.191891349596
FDV31,OUT013,2897.43534766594
NCT41,OUT027,4560.933753302152
FDE22,OUT027,4035.355795869093
FDC26,OUT045,1674.0577989165704
DRF51,OUT017,718.6663360212399
NCY53,OUT019,269.2639491352167
FDY21,OUT017,3153.299151595838
FDL27,OUT013,1016.9027670419227
FDZ34,OUT049,3165.5626794566515
NCF43,OUT010,926.8858996077544
FDC21,OUT035,1661.1923046074357
FDL26,OUT013,2531.7996520141983
FDT25,OUT010,672.0271093532859
NCR30,OUT046,1127.2923689624695
DRL23,OUT019,271.20422042069674
NCR05,OUT049,3155.123604262352
NCE19,OUT018,602.3186130345479
FDY07,OUT035,719.9581070527206
FDB10,OUT017,4017.982708777077
FDP57,OUT013,1625.1411074622142
FDU48,OUT019,270.23129795330146
FDH48,OUT035,1452.7719462274142
FDO33,OUT035,1998.0881857736333
NCU29,OUT045,2473.23003761584
FDW35,OUT046,718.6663360212399
FDH05,OUT010,1458.9243778960983
FDP26,OUT049,1617.191891349596
DRG27,OUT035,718.6663360212399
FDQ33,OUT046,2481.5953486099343
FDH20,OUT010,665.2809762974653
FDV14,OUT046,1479.0521534844565
DRD01,OUT046,826.4675556613811
NCI17,OUT049,1569.4859870119699
FDF39,OUT010,1502.78281587517
FDX37,OUT046,1598.0952950968538
NCX17,OUT035,3870.389438081083
FDN03,OUT013,4103.652905558004
NCS41,OUT010,1202.5710917656256
FDH34,OUT045,3150.2546147005405
NCX53,OUT018,1583.7137405797466
FDY31,OUT046,2473.23003761584
FDD20,OUT017,2116.6187566804515
FDE51,OUT045,725.1384803753873
FDV27,OUT046,1452.7719462274142
FDF16,OUT035,2473.23003761584
FDZ02,OUT049,1560.3592776216633
NCK05,OUT045,967.4075361695134
FDM12,OUT027,4857.515542246241
NCA05,OUT018,2156.046998424816
FDX33,OUT045,2626.15866584055
FDM25,OUT049,2903.886675791451
FDE41,OUT018,1269.7984258817532
FDW14,OUT045,1464.3142820779965
NCD30,OUT046,1560.3592776216633
FDB23,OUT010,1417.3472117711876
FDF45,OUT046,898.8770578353301
FDW20,OUT017,2116.6187566804515
FDF47,OUT045,3705.2951028079715
NCR05,OUT019,557.2259814212852
DRB01,OUT046,3150.2546147005405
FDE36,OUT013,2686.0346984669923
FDU56,OUT049,3145.1860221257934
FDB23,OUT049,3847.9108580516213
FDN48,OUT049,1484.4986281877623
FDS43,OUT013,3150.2546147005405
NCN05,OUT013,3155.3711303894293
NCL53,OUT049,2880.9606487181045
FDL56,OUT046,1452.7719462274142
FDH17,OUT018,1509.0588885375932
FDP37,OUT046,2116.6187566804515
FDG09,OUT019,495.4953994695314
FDA55,OUT045,3843.1997886997824
FDX31,OUT049,3959.362415708454
FDJ41,OUT045,4198.903401273163
DRC24,OUT045,2529.336380684354
FDQ21,OUT035,2108.3823107050407
NCT54,OUT045,1554.769355404758
FDH08,OUT049,3962.162790652251
FDY38,OUT018,3256.3954727145438
DRM11,OUT010,1502.156544644505
FDG32,OUT049,3655.0552562337434
NCH18,OUT046,4042.09250955595
FDI20,OUT035,3588.3002073061402
FDA33,OUT018,2148.2394457582773
FDN45,OUT013,3732.196801908651
FDT45,OUT010,353.6596094772147
FDR32,OUT035,3835.489955906071
FDA48,OUT017,3656.749711969716
FDN23,OUT017,2467.039578619989
NCR18,OUT035,718.6663360212399
FDD45,OUT046,1554.769355404758
FDI22,OUT018,3088.497013884281
FDT09,OUT013,2132.1203276145006
DRC24,OUT027,4017.501994334327
FDT39,OUT046,2473.23003761584
FDX28,OUT045,1580.3345344252145
FDA50,OUT018,1503.3651209516736
FDT33,OUT027,4210.921000443154
FDQ60,OUT049,2102.904125417354
NCM19,OUT018,1572.5521379888364
FDF40,OUT046,4077.773865518765
NCI30,OUT035,4034.292096176325
FDK34,OUT049,4019.41556042591
FDA38,OUT027,6291.827019579566
FDT02,OUT045,718.6663360212399
FDC11,OUT017,1456.5966862689609
FDD08,OUT046,718.6663360212399
NCS29,OUT046,4198.610322992591
DRI03,OUT010,1166.1936039486764
FDK48,OUT035,1051.756724688152
FDM52,OUT049,2473.23003761584
FDP49,OUT035,826.4675556613811
DRA24,OUT046,2680.9661058922447
NCJ43,OUT049,2872.433181717394
FDE11,OUT045,3158.0649736324563
FDP01,OUT049,2516.0641630447235
FDQ59,OUT018,1256.0105934964874
FDA43,OUT019,507.64069482528066
FDL14,OUT017,2516.0641630447235
FDV50,OUT010,672.0271093532859
FDT01,OUT027,5680.113122536659
NCC42,OUT035,2132.1203276145006
FDO28,OUT046,2038.8577698081688
FDD32,OUT019,306.84158157961696
FDV45,OUT035,3145.1860221257934
NCW17,OUT019,269.2639491352167
NCJ17,OUT027,2493.130809716965
NCF18,OUT049,3145.1860221257934
FDP01,OUT045,2516.0641630447235
FDH24,OUT045,2562.702850262481
FDI38,OUT027,5518.696696803219
FDX03,OUT035,719.9581070527206
FDY28,OUT046,3504.7025213031384
FDN34,OUT018,2484.6672296911042
FDJ02,OUT045,2473.23003761584
FDW40,OUT019,270.83987446087724
FDX03,OUT017,718.6663360212399
FDE17,OUT027,3788.529230830058
FDT58,OUT046,2845.3414258906996
FDI38,OUT013,3536.3710381134956
FDW22,OUT035,3845.040920314537
FDS15,OUT027,2683.181600739024
NCX06,OUT013,3147.8578997247546
DRK47,OUT035,3943.9283123667374
FDC23,OUT027,5188.305999059187
FDM56,OUT010,673.9673806387659
FDP21,OUT046,3150.2546147005405
FDP58,OUT046,3515.368159461768
FDA27,OUT019,569.5656310858963
FDK41,OUT019,328.1394681798912
NCH42,OUT046,3914.7503682971037
FDG29,OUT045,718.6663360212399
FDW15,OUT018,2156.046998424816
FDD28,OUT018,609.036690995241
FDQ37,OUT049,3149.441281708199
FDC23,OUT035,2918.853919833564
FDV13,OUT035,1479.0521534844565
FDK33,OUT046,3580.013434366995
FDO33,OUT013,1923.162648083217
FDN21,OUT017,2664.720379159467
NCW06,OUT027,5272.468945757058
FDI38,OUT035,3541.828875281097
FDC21,OUT027,2627.0169313437573
NCS05,OUT046,2132.1203276145006
NCN53,OUT049,718.6663360212399
FDV40,OUT010,410.15777614514684
FDG60,OUT017,3947.8958116811264
NCY30,OUT027,5256.230332621542
FDM40,OUT045,2132.1203276145006
NCO30,OUT046,3157.722716946752
FDK10,OUT046,3007.008888483023
FDM36,OUT045,2872.433181717394
FDN10,OUT013,2006.1597780043967
FDM46,OUT018,1453.7458840813017
FDX50,OUT049,1713.7629628843717
FDP33,OUT045,3981.16949476375
FDO12,OUT045,3163.395970104433
FDC28,OUT013,1704.8589591863742
FDO31,OUT045,1364.1754874919382
FDX45,OUT035,2521.2816558711565
FDV21,OUT049,2116.6187566804515
FDH04,OUT049,1482.344209248455
NCG54,OUT013,2852.0196779724993
FDO13,OUT046,2679.7578540480986
FDA09,OUT027,5136.727086234198
FDC38,OUT017,2132.1203276145006
NCO42,OUT046,2452.5087195519354
FDL45,OUT049,2116.6187566804515
NCK31,OUT013,760.4750413677423
FDM39,OUT017,2958.869448110418
FDC22,OUT010,1255.035035584491
FDF46,OUT046,1998.0881857736333
FDQ37,OUT045,3149.441281708199
FDH41,OUT010,1375.3880242663104
FDQ04,OUT046,718.6663360212399
NCQ02,OUT027,4812.756751029723
FDJ57,OUT027,5192.5894167184815
NCE07,OUT049,2132.1203276145006
FDE56,OUT013,898.8770578353301
FDI20,OUT049,3575.931378836672
FDK36,OUT018,591.9534524130472
FDP08,OUT027,5298.372747933198
FDF44,OUT017,2128.3506256076007
NCU53,OUT017,2845.3414258906996
FDF47,OUT035,3715.862157420756
FDS55,OUT010,943.8838857035616
FDZ52,OUT010,673.9673806387659
FDL04,OUT018,1565.9124561394453
NCM26,OUT035,2499.237642509075
FDX43,OUT049,2863.8911586996883
FDP52,OUT049,3917.719793489276
DRK49,OUT045,718.6663360212399
FDE38,OUT013,2686.0346984669923
DRF13,OUT035,2467.039578619989
FDK41,OUT010,651.4523083987827
FDJ04,OUT027,3031.8058911405733
FDZ44,OUT018,1572.5521379888364
FDS11,OUT013,3867.008370644854
FDA55,OUT049,3854.0654252722657
NCW53,OUT046,3147.6151353752416
FDB49,OUT027,2563.777284629822
FDD23,OUT017,3163.1335662072033
NCV42,OUT045,1704.8589591863742
NCZ29,OUT018,1572.5521379888364
FDQ26,OUT013,828.9717680538344
FDV08,OUT017,718.6663360212399
FDC53,OUT049,1598.0952950968538
FDV58,OUT010,1343.374513016331
NCP02,OUT019,189.44080001311414
DRI37,OUT045,826.4675556613811
FDQ12,OUT049,3942.1029145725747
FDE33,OUT046,1318.0719293770753
FDX27,OUT045,1558.7263310490755
FDM22,OUT017,741.1398508992467
NCH30,OUT019,269.2639491352167
FDC04,OUT017,4063.8627191531295
FDO38,OUT046,1359.7622240774904
FDV52,OUT027,3027.919818155387
FDB32,OUT013,1558.7263310490755
FDV43,OUT018,591.9534524130472
FDI24,OUT018,2662.5713233861943
FDR40,OUT017,1372.4110445836893
FDW02,OUT049,2116.6187566804515
FDE44,OUT049,726.2762193250658
FDL38,OUT046,1479.0521534844565
NCT54,OUT010,668.3923603723562
DRJ39,OUT010,1402.1905800129375
FDW55,OUT049,4113.177440811101
DRF13,OUT019,353.71474377034474
NCW17,OUT049,2128.3506256076007
FDP13,OUT035,718.6663360212399
FDS08,OUT018,2662.5713233861943
NCP17,OUT035,942.347388490324
NCO53,OUT035,3144.5257914045114
FDH19,OUT045,2867.3645891426468
FDJ04,OUT017,2102.904125417354
FDG10,OUT049,826.4675556613811
FDA40,OUT010,649.9656104981539
FDI53,OUT045,2667.9645190676993
FDU09,OUT010,353.6596094772147
FDK60,OUT045,1580.3345344252145
FDR43,OUT017,718.6663360212399
FDW22,OUT017,3655.3517501007896
DRP47,OUT010,1502.2128531378482
DRG48,OUT010,933.2570081499513
FDA14,OUT035,2467.039578619989
FDU49,OUT013,1462.6251722533575
FDK28,OUT045,4099.698081332953
FDT19,OUT046,2872.433181717394
NCQ42,OUT045,2116.6187566804515
FDD03,OUT045,3866.710165533479
NCM53,OUT013,1655.8440996858149
NCX53,OUT045,2132.1203276145006
FDV14,OUT027,2349.2196458360663
NCZ54,OUT017,2659.3410439493587
FDB39,OUT013,826.4675556613811
DRC24,OUT046,2516.0641630447235
FDY36,OUT013,1088.0955199252828
FDN01,OUT035,2917.94284137311
DRH25,OUT046,789.917047097226
FDV08,OUT046,718.6663360212399
NCP53,OUT049,4067.1776633355953
FDU52,OUT010,1019.5504349716248
NCI42,OUT045,3472.839115246323
FDZ14,OUT035,2102.904125417354
FDF11,OUT046,4062.0687779242253
FDQ13,OUT018,1269.7984258817532
FDO32,OUT010,343.29444885571417
DRJ37,OUT018,2247.328178119341
FDY43,OUT046,2845.4720127011465
NCT41,OUT017,2516.0641630447235
NCV17,OUT045,2130.0788449522083
FDM04,OUT027,1620.566202528867
DRB48,OUT018,591.9534524130472
FDM24,OUT013,2501.021761760796
FDT37,OUT049,4099.92327524482
NCO05,OUT010,665.2809762974653
FDL13,OUT046,3948.055832757342
FDL15,OUT017,2503.3758773706704
FDB11,OUT018,3165.9923870471157
FDL14,OUT019,370.92814447703563
FDY10,OUT019,269.2639491352167
FDJ40,OUT049,1704.8589591863742
NCW18,OUT046,3984.679459104735
NCY06,OUT013,2128.3506256076007
DRE13,OUT018,1269.7984258817532
FDA26,OUT045,3583.309651354338
NCE19,OUT010,346.8782571509954
FDE33,OUT035,1361.9202817065009
DRL59,OUT027,1598.8377233661488
FDY07,OUT046,726.2762193250658
FDF57,OUT018,2484.6672296911042
FDM58,OUT035,1704.8589591863742
FDP26,OUT027,2527.6241631568173
FDY32,OUT046,2686.0346984669923
FDD51,OUT010,343.29444885571417
FDU22,OUT018,1572.5521379888364
FDZ49,OUT018,3142.8675513076555
NCI42,OUT017,3526.0040436560603
FDT04,OUT027,934.7121950515025
NCU41,OUT045,3145.1860221257934
FDS56,OUT045,4191.159253483511
NCN42,OUT017,2473.23003761584
FDK34,OUT046,4040.1124034927598
FDB03,OUT017,3925.0464632737126
DRJ25,OUT035,726.2762193250658
FDT25,OUT027,3287.238315791596
FDN20,OUT013,2842.2278727929133
FDP09,OUT013,3582.844161940465
FDM20,OUT019,569.5656310858963
NCG55,OUT046,1956.780638870668
NCP14,OUT045,1617.191891349596
NCH06,OUT046,3979.3052769707365
FDV52,OUT013,2000.6382386132668
NCL07,OUT035,718.6663360212399
DRJ11,OUT027,5254.23921519335
DRO59,OUT013,1110.3481227832876
FDW15,OUT010,943.8838857035616
NCQ30,OUT035,2105.764736035995
NCN54,OUT019,244.53728704326946
FDY01,OUT027,3160.1467299922824
FDX39,OUT035,3588.3002073061402
FDH53,OUT027,2280.6532708403665
FDA57,OUT035,718.6663360212399
NCC07,OUT010,673.9673806387659
FDU28,OUT013,3145.1860221257934
FDK36,OUT010,343.29444885571417
FDR36,OUT018,591.9534524130472
NCQ17,OUT035,2518.5850495745576
FDS28,OUT019,187.75342745970676
FDE08,OUT045,2473.23003761584
FDU22,OUT046,2102.904125417354
FDG41,OUT045,1674.0577989165704
FDO31,OUT010,561.1350272067357
FDM21,OUT019,569.5656310858963
FDU40,OUT017,3143.1099479668815
FDV36,OUT018,1572.5521379888364
FDT10,OUT027,1753.6654242145087
FDX38,OUT045,726.2762193250658
NCU30,OUT027,4078.873664589501
NCV06,OUT049,3165.220422770947
FDT16,OUT035,4205.085462423827
NCP41,OUT027,2630.6684876216837
FDZ56,OUT017,2848.735492766398
FDC22,OUT035,3152.6837279499887
FDU10,OUT035,718.6663360212399
FDS46,OUT045,2000.6382386132668
FDO08,OUT049,2760.3944011216504
NCV42,OUT018,1565.9124561394453
FDP33,OUT035,3984.0302604291064
FDJ12,OUT046,3490.154652398121
FDH04,OUT045,1479.0521534844565
NCU54,OUT013,3500.7576839287317
FDO36,OUT010,1198.8348590962466
FDT37,OUT027,6320.416274436384
FDD14,OUT010,1234.261321941816
FDA16,OUT013,3680.1290514593757
NCS42,OUT019,310.4855701155511
FDP10,OUT019,271.20422042069674
FDQ28,OUT049,2503.3758773706704
FDK57,OUT010,672.0271093532859
FDK02,OUT013,2006.1597780043967
FDW47,OUT018,1572.5521379888364
NCC42,OUT018,1583.7137405797466
FDQ37,OUT018,2766.6260023900563
FDL40,OUT046,1558.7263310490755
DRE13,OUT010,652.0828407221946
FDQ34,OUT027,2746.063338123277
NCB54,OUT046,2116.6187566804515
FDS48,OUT049,2477.28803612691
FDO15,OUT045,1022.7811769306919
NCT30,OUT013,726.2762193250658
FDU49,OUT027,2410.3068955280787
FDE21,OUT046,1998.0881857736333
FDS49,OUT019,301.1211331908119
FDT38,OUT027,2354.6889487889716
FDZ01,OUT045,1614.6042270027867
FDC41,OUT035,1160.7623190101194
DRG13,OUT010,1078.050311657773
NCZ42,OUT018,3262.103334538841
NCM07,OUT045,1452.7719462274142
NCV17,OUT018,1575.6385025482384
DRK39,OUT035,1375.3477802125874
FDS37,OUT018,1572.5521379888364
FDV12,OUT019,283.74808025040386
NCG19,OUT018,3261.7789095812104
FDS51,OUT013,942.347388490324
NCO14,OUT046,718.6663360212399
FDC38,OUT046,2132.1203276145006
FDN15,OUT046,2132.1203276145006
NCH42,OUT013,3910.563973178987
FDQ22,OUT046,718.6663360212399
FDC05,OUT013,3150.8592752834747
FDZ31,OUT013,3150.8592752834747
DRJ23,OUT049,3145.1860221257934
FDC52,OUT035,2482.2672427358543
DRD12,OUT010,664.151751295785
FDV55,OUT017,2467.039578619989
FDD32,OUT046,1372.4110445836893
FDR01,OUT049,3270.287544847856
FDY08,OUT019,270.83987446087724
FDQ45,OUT045,3162.791309521499
DRN11,OUT027,3528.6094514636666
NCS05,OUT018,1583.7137405797466
FDY32,OUT035,2673.426520306781
NCD31,OUT045,2691.15121415588
NCE06,OUT049,2665.741109095978
NCP14,OUT046,1617.191891349596
NCF18,OUT019,506.0428134032032
FDF14,OUT018,2163.347914511968
FDB22,OUT017,2526.580618799256
NCH54,OUT049,2626.15866584055
FDU27,OUT035,727.5942445824155
FDS58,OUT027,4141.587710492403
NCU29,OUT035,2467.039578619989
FDJ57,OUT013,3155.3711303894293
FDL56,OUT049,1452.7719462274142
FDH60,OUT035,3147.6151353752416
FDN24,OUT018,602.3186130345479
FDD02,OUT017,2102.904125417354
FDP15,OUT017,4074.468003077655
FDB28,OUT027,5354.084201880027
DRC49,OUT045,2467.039578619989
NCG30,OUT018,1572.5521379888364
FDJ14,OUT049,1342.9243064325353
FDL52,OUT045,718.6663360212399
NCG19,OUT027,6434.6410425896975
NCN41,OUT035,2113.888382757826
FDW22,OUT013,3847.445659744566
FDI02,OUT013,1728.8201331020111
FDV51,OUT045,2680.9661058922447
FDV48,OUT046,1357.6269888005634
NCL17,OUT019,270.83987446087724
FDP46,OUT045,1479.0521534844565
FDU10,OUT045,718.6663360212399
FDT37,OUT010,1502.78281587517
FDI27,OUT035,726.2762193250658
FDN51,OUT046,4186.49256956029
FDW07,OUT035,1454.7392482342025
FDN45,OUT049,3726.931296813266
DRN37,OUT027,4516.837811053836
DRF48,OUT049,3150.2546147005405
FDP38,OUT019,181.89879793071006
NCX18,OUT027,5105.29743016695
FDK45,OUT018,1572.5521379888364
FDZ37,OUT049,1452.7719462274142
FDS50,OUT018,3179.5296690915734
NCR54,OUT018,2770.8540027379117
NCS17,OUT035,1558.7263310490755
FDV31,OUT046,2905.9270452127594
DRE27,OUT017,1560.3592776216633
FDN60,OUT013,2628.5071560178644
FDK26,OUT013,3150.2546147005405
FDX37,OUT018,1565.9124561394453
FDW31,OUT046,3155.123604262352
FDX26,OUT018,2680.111500780959
DRL49,OUT019,270.83987446087724
FDU49,OUT017,1452.7719462274142
FDY58,OUT046,3929.8013950017503
FDN03,OUT045,4094.9594684858434
NCV06,OUT010,1258.683529157507
FDH53,OUT045,1375.3477802125874
FDG31,OUT018,632.1102369768553
NCC06,OUT045,2128.3506256076007
FDS13,OUT049,4144.778671869539
FDP16,OUT035,4081.329442991095
FDA35,OUT013,2105.764736035995
DRP47,OUT018,3329.5949308119943
FDY28,OUT010,1380.932225314322
FDY20,OUT035,1482.344209248455
NCH30,OUT017,1713.7629628843717
NCR29,OUT019,187.75342745970676
NCP05,OUT013,2477.28803612691
NCF30,OUT019,269.2639491352167
FDA08,OUT035,2702.62939179902
FDN51,OUT027,6441.764238274788
FDH12,OUT046,1653.130696983482
FDY39,OUT017,3147.809976610613
NCO53,OUT045,3146.970429494439
FDB40,OUT046,2471.0975771310586
FDH02,OUT049,1479.0521534844565
FDY11,OUT027,1777.889157156478
FDQ09,OUT019,269.2639491352167
FDP16,OUT013,4087.1621143979005
NCF55,OUT018,591.9534524130472
FDY09,OUT027,4989.135725152354
FDY39,OUT045,3147.809976610613
NCU53,OUT049,2676.2929168665946
NCT41,OUT049,2481.5953486099343
FDJ45,OUT046,718.6663360212399
FDR28,OUT013,2673.426520306781
FDN08,OUT013,2032.7088598317562
FDJ07,OUT049,1959.4690094414734
FDZ09,OUT027,4041.626466346374
FDQ14,OUT017,2473.23003761584
FDY12,OUT027,1383.474265884425
FDK57,OUT046,2105.764736035995
FDD20,OUT049,2108.3823107050407
FDS36,OUT018,1565.9124561394453
FDI40,OUT049,1617.191891349596
FDJ40,OUT045,1704.8589591863742
FDE08,OUT013,2467.039578619989
DRK01,OUT013,1560.3592776216633
FDC58,OUT049,718.6663360212399
FDE50,OUT046,3150.302537814682
FDX48,OUT035,2499.237642509075
DRM35,OUT018,2662.5713233861943
FDG41,OUT013,1674.0577989165704
FDB52,OUT046,4099.4086314449205
FDV19,OUT045,2620.9489739172013
DRG48,OUT017,2467.039578619989
FDI26,OUT013,2971.3720525518625
FDU11,OUT019,269.2639491352167
FDF59,OUT019,269.2639491352167
FDR07,OUT049,1574.6633503711803
NCE06,OUT017,2667.9645190676993
FDE10,OUT046,2130.0788449522083
NCO55,OUT046,1674.0577989165704
FDZ13,OUT013,738.8120961823938
FDT50,OUT017,1574.6633503711803
FDH12,OUT010,673.9673806387659
FDD21,OUT045,2000.6382386132668
NCM05,OUT013,4208.312376379325
FDK04,OUT013,870.3058132111177
FDN33,OUT017,1567.8453985106476
NCM18,OUT010,368.9759899527051
DRC25,OUT049,1452.7719462274142
FDT47,OUT017,1569.4859870119699
FDD45,OUT027,2653.009388452026
NCD07,OUT018,1572.5521379888364
NCY54,OUT010,1168.8546012431125
FDL12,OUT049,910.4888553069338
FDL02,OUT017,1625.1411074622142
FDC60,OUT035,1480.9256029053724
FDR37,OUT017,2998.4362726826157
FDY16,OUT017,3157.722716946752
FDU26,OUT045,2102.904125417354
FDN24,OUT013,794.7286097363508
FDH44,OUT013,2473.23003761584
FDE23,OUT010,343.29444885571417
FDW60,OUT017,2880.5013500358596
FDQ55,OUT049,2000.6382386132668
FDV32,OUT027,1787.0097033507402
FDV03,OUT010,989.3043689887307
FDY14,OUT010,1502.156544644505
NCL55,OUT027,6268.698239464251
DRF25,OUT017,718.6663360212399
FDX03,OUT046,719.9581070527206
FDF40,OUT045,4060.6609341271683
FDX24,OUT010,654.4078695344128
FDA25,OUT049,1617.191891349596
FDH21,OUT018,2388.0401694612883
FDB47,OUT010,1370.0045873996442
FDT34,OUT019,271.20422042069674
FDS39,OUT010,671.5500563946574
NCU05,OUT046,1341.1285225996608
FDE02,OUT049,1546.4126269811002
FDL25,OUT035,1488.8699098020543
FDC50,OUT049,1554.769355404758
FDZ32,OUT049,1650.8133147455158
FDV14,OUT045,1454.7392482342025
FDR07,OUT045,1574.6633503711803
FDB26,OUT049,767.3432585943895
NCR50,OUT045,2490.6959906985094
FDP01,OUT018,2247.328178119341
FDH57,OUT045,2128.3506256076007
FDM60,OUT027,972.7701506618339
FDA45,OUT017,2879.454095066316
FDU55,OUT017,4197.147526914893
FDH40,OUT035,1388.4303636005432
FDG40,OUT019,181.89879793071006
FDT12,OUT049,3829.4088398282556
DRL59,OUT045,794.7286097363508
FDT47,OUT018,1560.6972371485335
FDI60,OUT017,1016.9027670419227
DRF51,OUT027,937.7196856477326
NCK31,OUT049,736.0077760137286
FDB08,OUT045,2633.599359317122
FDM44,OUT035,1612.0174432063475
FDD46,OUT018,2195.9653459289448
FDR27,OUT019,269.7206004054753
FDV56,OUT010,673.9673806387659
FDM02,OUT049,1452.7719462274142
FDU45,OUT018,1572.5521379888364
FDZ10,OUT017,2116.6187566804515
NCK31,OUT010,343.29444885571417
FDR27,OUT035,2132.1203276145006
FDF33,OUT013,1653.130696983482
FDJ36,OUT046,1617.191891349596
FDP33,OUT049,3981.16949476375
FDG17,OUT046,4067.8984929732646
FDG47,OUT027,4390.683065151846
NCW29,OUT046,2116.6187566804515
DRH59,OUT017,1022.7811769306919
FDR32,OUT017,3840.91596317986
FDP48,OUT035,3147.809976610613
FDG17,OUT035,4076.1852659124097
DRJ59,OUT017,718.6663360212399
FDY48,OUT027,2597.053650923887
FDB02,OUT046,2872.433181717394
FDN10,OUT019,269.2639491352167
NCD55,OUT035,718.6663360212399
FDX34,OUT013,2108.3823107050407
FDZ38,OUT045,2876.9322219519836
DRF37,OUT049,4137.3540183029745
DRL47,OUT019,269.2639491352167
FDL27,OUT035,1014.223847461919
NCP53,OUT035,4033.3673947129537
FDT03,OUT019,471.1222175678876
FDJ28,OUT035,3157.8002436388774
FDF40,OUT018,3307.751084008451
FDA32,OUT035,3587.845771292019
NCP02,OUT017,828.9717680538344
FDZ31,OUT045,3150.8592752834747
NCQ29,OUT013,4091.406288699702
FDP57,OUT010,673.9673806387659
FDL32,OUT027,3188.1923305446735
DRB01,OUT035,3165.220422770947
FDJ40,OUT046,1674.0577989165704
FDO24,OUT018,2388.0401694612883
FDO11,OUT018,3307.751084008451
FDA56,OUT035,2102.904125417354
FDF02,OUT045,1625.1411074622142
FDA10,OUT013,2108.3823107050407
NCI55,OUT017,2108.3823107050407
FDZ40,OUT010,351.03047171065487
FDV08,OUT049,718.6663360212399
FDN48,OUT013,1480.9256029053724
FDU57,OUT017,2473.23003761584
DRF49,OUT013,1956.780638870668
FDS02,OUT035,3152.6837279499887
FDS43,OUT046,3150.2546147005405
FDT16,OUT013,4188.2882048195
FDX19,OUT027,6394.91573275055
FDK15,OUT046,1593.2749922709334
DRA12,OUT049,2132.1203276145006
FDY35,OUT017,725.1384803753873
NCU42,OUT013,2857.1361936613876
FDD26,OUT013,3150.2546147005405
FDR11,OUT018,2388.0401694612883
NCP53,OUT045,4067.1776633355953
FDP34,OUT045,2559.370741942239
NCV41,OUT019,271.20422042069674
FDN20,OUT018,2435.735246163043
FDZ16,OUT018,2780.0421964501706
FDZ28,OUT049,2116.6187566804515
NCL55,OUT013,4104.030203251816
NCJ17,OUT046,1452.7719462274142
FDT37,OUT046,4103.8712429982825
FDV51,OUT049,2842.2278727929133
FDZ28,OUT035,2116.6187566804515
FDN27,OUT013,2006.1597780043967
FDS14,OUT019,389.28423162267507
FDZ58,OUT045,2108.3823107050407
FDD46,OUT046,2531.120788052999
FDJ03,OUT035,726.2762193250658
FDU03,OUT010,1201.5330243944413
FDA33,OUT027,3702.4939127485004
NCW53,OUT035,3145.1860221257934
NCC55,OUT017,718.6663360212399
FDP52,OUT019,569.5656310858963
FDE39,OUT049,2102.904125417354
FDB44,OUT035,3581.008633206793
FDG59,OUT013,718.6663360212399
FDI05,OUT013,1088.0955199252828
FDF59,OUT045,2116.6187566804515
FDM39,OUT019,462.36767704790435
FDB14,OUT013,1484.4986281877623
NCS05,OUT019,270.83987446087724
DRJ35,OUT045,939.6629631439416
FDO31,OUT019,304.13483193256263
FDA31,OUT046,2872.433181717394
FDX40,OUT049,718.6663360212399
FDW56,OUT045,3152.6837279499887
FDH09,OUT018,591.9534524130472
FDA52,OUT019,426.10784161979495
FDF20,OUT019,517.9440615220173
FDE40,OUT046,935.3019773241188
NCU17,OUT046,1598.0952950968538
NCP14,OUT035,1647.895053401979
FDN25,OUT027,1802.401696860539
FDU39,OUT049,868.803974283486
NCM05,OUT017,4282.2591442030325
FDU07,OUT017,2473.23003761584
FDF28,OUT049,2116.6187566804515
FDR57,OUT049,2626.0654896060896
FDJ33,OUT013,2108.3823107050407
DRH23,OUT035,826.4675556613811
FDQ52,OUT046,3970.0718424470674
DRK13,OUT035,3155.123604262352
FDP09,OUT046,3580.013434366995
FDR08,OUT027,2703.1029969379283
FDV50,OUT045,2108.3823107050407
FDT13,OUT049,3153.5466777229153
FDJ27,OUT027,2738.0838096142247
FDH21,OUT046,2567.8787771619145
FDW14,OUT027,2403.257997277414
FDL52,OUT049,718.6663360212399
FDW28,OUT017,3150.0550116876047
FDL40,OUT049,1574.6633503711803
FDE24,OUT046,2132.1203276145006
FDX35,OUT049,3818.1477848519157
FDP46,OUT017,1464.3142820779965
FDX56,OUT045,3475.123686076847
FDQ45,OUT049,3155.3711303894293
FDK50,OUT027,4073.2265793289635
FDY26,OUT045,3577.9354266917253
FDQ09,OUT017,1956.780638870668
FDN39,OUT049,2863.5457787297805
FDP13,OUT017,718.6663360212399
FDR51,OUT013,2477.28803612691
FDZ49,OUT010,1406.9477456489392
FDL28,OUT018,3221.8653346635483
FDZ10,OUT035,2116.6187566804515
FDK38,OUT013,2473.23003761584
DRL49,OUT027,3422.761072546393
FDR15,OUT013,2516.0641630447235
FDQ24,OUT035,4089.8983135087014
FDD56,OUT013,2893.1923616332497
NCR42,OUT046,718.6663360212399
FDH52,OUT045,1011.6725620081419
FDH57,OUT019,269.7206004054753
FDR15,OUT010,1019.7036614438471
FDJ34,OUT035,2116.6187566804515
FDW37,OUT035,1502.9179334356938
FDQ23,OUT018,1565.9124561394453
FDP34,OUT013,2613.179669306672
FDE04,OUT027,5079.95066290468
FDC48,OUT045,1361.9202817065009
FDA47,OUT019,397.5873676659997
FDI35,OUT018,2671.8619620927407
NCV05,OUT013,2533.5840593828434
FDR28,OUT045,2667.9645190676993
FDH31,OUT017,1580.3345344252145
FDP59,OUT019,271.20422042069674
FDS19,OUT018,947.0326614858557
FDM60,OUT045,718.6663360212399
FDJ44,OUT018,2622.6112607772743
DRH51,OUT017,1452.7719462274142
DRC25,OUT017,1452.7719462274142
DRE25,OUT013,1530.3037339171208
NCX05,OUT049,1998.0881857736333
FDR11,OUT017,2620.9489739172013
DRP47,OUT045,3971.798902511195
DRC49,OUT019,329.99763510760636
FDQ47,OUT027,949.1532770960765
FDL20,OUT013,1713.7629628843717
FDM34,OUT035,2128.3506256076007
NCN55,OUT013,4055.193470810771
FDD41,OUT035,1617.191891349596
FDE52,OUT049,1480.9256029053724
NCT18,OUT019,428.5575374048255
FDJ32,OUT018,610.3017739419442
FDE16,OUT046,3577.755831503186
FDZ09,OUT045,2670.1823803985485
DRZ11,OUT046,2113.888382757826
FDK41,OUT049,1452.7719462274142
FDE56,OUT049,935.3019773241188
FDH34,OUT013,3150.2546147005405
DRI49,OUT013,1364.1754874919382
DRI59,OUT046,3841.7516882454297
DRC36,OUT049,2870.60872905088
FDS15,OUT019,271.20422042069674
FDI07,OUT018,3053.129836593663
FDZ15,OUT018,1572.5521379888364
NCX41,OUT027,5525.736684662569
NCO29,OUT019,406.8007619448058
FDF57,OUT013,2845.4720127011465
FDI33,OUT035,1482.344209248455
DRJ47,OUT049,2867.3645891426468
FDB34,OUT046,1452.7719462274142
FDY22,OUT027,3331.523053013464
DRL11,OUT017,2613.179669306672
FDY46,OUT035,3145.1860221257934
FDG17,OUT013,4078.197229707626
FDE52,OUT018,1297.9622245527805
DRP47,OUT027,6349.824623903131
FDO01,OUT010,672.0271093532859
FDL09,OUT046,2846.9510853977517
FDR57,OUT013,2576.630000332538
DRD37,OUT035,726.2762193250658
FDQ36,OUT027,939.9249880827193
FDL33,OUT049,3155.123604262352
FDL48,OUT045,727.5942445824155
FDL28,OUT049,3941.2153527170717
NCN29,OUT046,726.2762193250658
FDO13,OUT035,2735.2259226464084
FDB38,OUT045,2664.720379159467
FDI36,OUT035,3152.6837279499887
FDI58,OUT035,1488.8699098020543
FDH22,OUT018,1572.5521379888364
FDQ27,OUT013,1625.1411074622142
FDT33,OUT046,2760.3944011216504
FDC56,OUT045,2054.1617799483047
FDF14,OUT046,2521.2816558711565
FDQ39,OUT017,3150.8592752834747
NCM43,OUT017,2689.326761489366
FDS46,OUT035,2102.904125417354
FDI22,OUT049,3473.249752919478
NCE43,OUT045,2853.603111699523
FDZ36,OUT010,1228.2516138444844
FDR13,OUT019,269.2639491352167
FDP46,OUT018,1329.725926205169
FDW56,OUT019,506.8917692814677
FDB40,OUT017,2471.0975771310586
FDM28,OUT018,2668.0268053611944
FDV49,OUT013,4239.540288528846
NCS53,OUT018,2314.476680263778
FDO03,OUT049,3935.2274022755387
FDT15,OUT035,3150.2546147005405
FDD33,OUT049,3822.356966211857
FDX13,OUT017,4115.540835097402
FDH60,OUT013,3150.0550116876047
DRH51,OUT046,1452.7719462274142
NCL07,OUT049,718.6663360212399
FDW51,OUT045,3510.687911542902
FDF21,OUT019,492.80224130592063
FDH26,OUT019,270.83987446087724
FDJ03,OUT049,727.5942445824155
FDU35,OUT017,1580.3345344252145
DRL01,OUT018,3234.968792587564
FDE59,OUT045,718.6663360212399
FDI60,OUT035,1014.223847461919
DRH39,OUT035,1341.1285225996608
FDK36,OUT049,726.2762193250658
FDN52,OUT045,1452.7719462274142
FDU12,OUT017,4133.44475008849
NCT05,OUT027,6308.636449936136
FDS37,OUT027,3039.2342388950096
FDK24,OUT017,726.2762193250658
DRF36,OUT013,3155.9757909723635
FDN46,OUT010,673.9673806387659
NCN06,OUT045,2667.9645190676993
FDD59,OUT035,1361.9202817065009
FDM14,OUT045,1674.0577989165704
FDO10,OUT018,602.3186130345479
FDU35,OUT013,1580.3345344252145
NCA30,OUT018,2701.234504236574
NCO41,OUT049,1574.6633503711803
FDI24,OUT046,2875.3848343469713
FDZ16,OUT046,3147.6151353752416
FDV47,OUT046,1375.3477802125874
FDV16,OUT045,718.6663360212399
FDZ22,OUT035,1375.3477802125874
FDO20,OUT010,1502.2128531378482
FDW38,OUT013,826.4675556613811
FDW52,OUT045,2681.2564012389635
FDT43,OUT019,181.89879793071006
NCS29,OUT045,4232.286001966238
NCC31,OUT017,2518.5850495745576
FDA21,OUT017,3160.966856854985
FDQ55,OUT046,1998.0881857736333
NCE54,OUT049,1184.4614820855322
FDD45,OUT017,1554.769355404758
NCP17,OUT017,1014.223847461919
FDR47,OUT035,3147.6151353752416
DRM35,OUT013,2895.0168142997636
FDR47,OUT019,507.64069482528066
FDX19,OUT010,1470.0643974179402
FDV22,OUT027,4454.57666818566
FDQ46,OUT027,3176.330271322082
DRO47,OUT045,1737.283378107289
FDB44,OUT010,1370.0045873996442
FDN02,OUT010,1370.6308586303091
FDW10,OUT045,2862.8594017342875
FDJ41,OUT019,569.5656310858963
FDM50,OUT046,828.9717680538344
FDW10,OUT035,2885.443034316657
FDY48,OUT049,1614.6042270027867
NCE30,OUT027,5455.55427755516
FDO04,OUT045,826.4675556613811
FDQ26,OUT010,355.34698203062203
NCX29,OUT018,2148.2394457582773
FDE39,OUT046,2006.1597780043967
NCR54,OUT027,5315.6476938176
NCP55,OUT027,1797.7018386234838
FDX22,OUT017,3592.9553875461233
FDI05,OUT035,1085.3307310165067
FDC51,OUT027,3369.0864097119716
FDC10,OUT013,2054.1617799483047
FDJ46,OUT045,2889.0278750494226
FDV10,OUT010,343.29444885571417
FDX12,OUT027,6382.797802913605
FDL43,OUT019,301.1211331908119
DRB13,OUT046,3158.618706092957
FDF59,OUT027,3280.912686091089
FDT35,OUT049,2842.2278727929133
NCJ19,OUT035,828.9717680538344
FDT35,OUT018,2441.7495875013187
FDI48,OUT046,727.5942445824155
DRC24,OUT019,358.76541766791337
NCZ05,OUT017,1617.191891349596
FDJ57,OUT049,3155.3711303894293
FDX11,OUT017,3148.4301620340266
FDE09,OUT035,1704.8589591863742
NCK06,OUT049,2102.904125417354
DRE37,OUT017,3148.4301620340266
FDV56,OUT046,1630.3546869507568
FDY43,OUT017,2843.5169732241857
FDV35,OUT013,2516.0641630447235
FDF05,OUT019,569.5656310858963
FDA36,OUT035,3158.618706092957
FDS13,OUT027,6308.711286847401
FDU47,OUT013,2132.1203276145006
FDI36,OUT010,1280.8586848990215
FDH48,OUT046,1452.7719462274142
FDZ14,OUT013,2105.764736035995
FDS46,OUT013,2105.764736035995
FDE21,OUT017,2006.1597780043967
FDA26,OUT049,3693.504815913494
FDV12,OUT046,1598.0952950968538
FDL46,OUT019,269.2639491352167
FDN57,OUT013,2135.7167260193496
NCJ18,OUT017,2006.1597780043967
FDO36,OUT045,2961.2376739902707
FDX55,OUT018,3092.5783809289514
FDT25,OUT019,269.2639491352167
FDD16,OUT049,1119.336370336285
NCX18,OUT013,3159.2233666758907
NCG55,OUT018,1572.5521379888364
NCV18,OUT049,1388.4303636005432
NCS18,OUT035,1653.130696983482
FDC37,OUT045,1653.130696983482
FDE47,OUT046,2116.6187566804515
DRG49,OUT019,569.5656310858963
FDC39,OUT049,3496.4454103350618
FDH24,OUT019,391.6366846935426
FDV39,OUT027,5161.947389595897
NCL17,OUT045,2138.8727698841294
NCY53,OUT035,1923.162648083217
FDH52,OUT013,1014.223847461919
NCD19,OUT018,602.3186130345479
FDI44,OUT046,1197.7210280381742
DRD49,OUT027,6437.308826938254
FDN08,OUT035,2048.9690449105074
FDO20,OUT027,6534.762514175202
FDY02,OUT046,4076.012083422209
FDX23,OUT045,1532.5326673526183
FDX01,OUT017,1998.0881857736333
FDH20,OUT027,2543.563465920164
NCX41,OUT017,3598.652929441109
FDD21,OUT027,3138.1767466621704
DRH11,OUT019,187.75342745970676
DRE60,OUT018,3184.9131059582405
FDB10,OUT013,4020.736821552392
FDH38,OUT013,2006.1597780043967
NCL07,OUT018,591.9534524130472
FDD48,OUT046,1926.6543786675
NCT54,OUT027,2683.956268700039
FDF32,OUT027,5358.326586114089
DRH51,OUT045,1462.6251722533575
DRG03,OUT035,2531.120788052999
NCY42,OUT019,271.25887203194634
FDH32,OUT017,1558.7263310490755
NCJ06,OUT027,3042.3660174768097
FDH47,OUT027,2663.93578638929
FDZ08,OUT018,1105.4666307192629
FDK16,OUT017,1558.7263310490755
DRG01,OUT018,747.2965953520419
NCM53,OUT027,2634.2860122978364
NCB07,OUT035,3150.0550116876047
NCZ06,OUT035,3957.60525510461
FDU48,OUT049,2128.3506256076007
NCB55,OUT027,1743.2164819747952
FDP15,OUT013,4181.997574886407
FDF17,OUT046,3152.6837279499887
NCN06,OUT049,2686.0346984669923
DRM48,OUT018,591.9534524130472
FDH10,OUT046,3143.1099479668815
FDC60,OUT018,1293.6797032829209
FDE35,OUT018,604.0059855879553
DRI23,OUT013,2664.720379159467
NCR38,OUT013,3960.768806511269
FDP04,OUT035,942.347388490324
NCW17,OUT045,2128.3506256076007
FDX34,OUT017,2108.3823107050407
NCK53,OUT045,1580.3345344252145
NCO54,OUT010,353.6596094772147
NCH55,OUT046,2116.6187566804515
FDT44,OUT027,3180.278002858971
DRG49,OUT046,4109.712037669939
FDX46,OUT010,353.6596094772147
DRG36,OUT049,2867.7542719567305
FDU37,OUT049,1372.4110445836893
FDK10,OUT049,3007.008888483023
DRF37,OUT027,6463.334782275159
FDC44,OUT035,1803.95972023013
FDP15,OUT046,3997.973596781218
FDZ27,OUT027,1382.4728751667449
FDY22,OUT019,274.54441985546623
DRG51,OUT035,2734.011104593979
FDN58,OUT045,3953.48184003113
FDW01,OUT049,2516.0641630447235
FDX24,OUT018,1443.927823168622
FDO51,OUT017,718.6663360212399
FDJ52,OUT027,4043.822681083603
NCY06,OUT010,666.4455375874463
FDE20,OUT018,2441.7495875013187
FDT23,OUT010,467.08544255276024
FDQ51,OUT046,726.2762193250658
FDE35,OUT046,894.2186375498603
FDB46,OUT013,3519.2516355539137
NCG19,OUT035,3795.9032787947253
NCL06,OUT018,3342.261643408447
FDT36,OUT019,181.89879793071006
FDC56,OUT049,2105.764736035995
FDJ26,OUT049,3520.5456817355175
FDZ59,OUT017,2847.2964653676595
FDV11,OUT027,5015.124783271901
FDR13,OUT010,672.0271093532859
FDI15,OUT018,3347.6450802751137
FDF47,OUT018,3179.5296690915734
NCB54,OUT019,269.7206004054753
NCK19,OUT027,5296.093775940721
FDX16,OUT017,2478.209244224784
FDL50,OUT045,2116.6187566804515
NCE31,OUT035,718.6663360212399
DRJ01,OUT049,2662.059864969913
FDE22,OUT013,2636.572275974574
FDY20,OUT019,318.0057478275087
NCO14,OUT045,719.9581070527206
NCR50,OUT017,2480.5979024400303
DRM47,OUT017,3150.2546147005405
FDO27,OUT010,668.3923603723562
FDJ20,OUT027,3325.0494403400053
NCX17,OUT013,3876.222109487887
FDG59,OUT049,718.6663360212399
FDD52,OUT045,1661.1923046074357
FDO48,OUT017,3758.5989802419745
FDC59,OUT019,208.1768042934351
FDS15,OUT018,1565.9124561394453
FDB47,OUT035,3583.0672697082214
FDV14,OUT019,326.6527702792622
FDB27,OUT013,3152.6837279499887
FDA35,OUT035,2116.6187566804515
FDN51,OUT018,3342.261643408447
FDO39,OUT019,469.306175209658
FDB28,OUT049,3155.123604262352
DRJ25,OUT046,727.5942445824155
FDH46,OUT027,2595.0314828999453
FDI10,OUT045,2872.433181717394
FDU21,OUT018,591.9534524130472
FDD09,OUT049,2974.6641155742363
FDD10,OUT046,2956.8567321615988
FDN31,OUT010,1242.0178870687569
FDA46,OUT018,3075.1452420559303
FDM56,OUT046,1653.130696983482
FDF11,OUT010,1469.3947861157485
FDS32,OUT018,1583.7137405797466
NCM06,OUT013,2499.237642509075
FDZ26,OUT045,3918.9740753641886
FDO01,OUT013,2128.3506256076007
FDJ46,OUT049,2872.433181717394
FDG26,OUT019,569.5656310858963
FDZ38,OUT035,2879.786679046133
NCO55,OUT013,1625.1411074622142
FDT60,OUT035,2116.6187566804515
FDW37,OUT049,1502.9179334356938
NCK42,OUT018,3092.5783809289514
FDA45,OUT046,2862.8594017342875
FDW55,OUT018,3337.627688005442
FDY44,OUT017,3155.9757909723635
FDQ31,OUT017,1452.7719462274142
FDM09,OUT049,2872.433181717394
FDH12,OUT018,1565.9124561394453
NCQ43,OUT035,1692.4052637806135
FDT33,OUT035,2845.3414258906996
NCT41,OUT018,2156.046998424816
DRJ25,OUT010,343.29444885571417
NCQ41,OUT046,3158.4156672847266
NCN17,OUT049,1603.952007632189
DRO35,OUT027,3024.083792004695
FDU27,OUT018,591.9534524130472
FDY43,OUT027,4446.233021628913
FDG46,OUT035,1998.0881857736333
DRL49,OUT018,2125.471178390885
NCB55,OUT049,828.9717680538344
FDK28,OUT049,4165.415107998981
FDO49,OUT045,726.2762193250658
FDT03,OUT013,3146.6002880199226
FDW33,OUT027,2686.1834817327967
FDR02,OUT035,1704.8589591863742
FDF50,OUT013,3173.671618681574
FDA40,OUT018,1324.4139404452956
NCT53,OUT018,2441.7495875013187
FDY60,OUT035,2132.1203276145006
FDP44,OUT027,2632.342645454384
NCQ50,OUT045,3563.4895775399546
NCC30,OUT017,2900.8584526380127
FDQ60,OUT018,1572.5521379888364
FDG41,OUT046,1674.0577989165704
FDQ03,OUT046,4004.025694483011
FDM03,OUT045,1653.130696983482
FDZ51,OUT018,1434.4537579472017
DRF51,OUT035,718.6663360212399
FDF39,OUT017,4206.05145138815
FDW52,OUT035,2673.426520306781
FDY22,OUT049,2471.0975771310586
FDG14,OUT013,2473.23003761584
FDA57,OUT017,718.6663360212399
FDL45,OUT019,269.2639491352167
FDX28,OUT046,1577.4682656011971
NCQ54,OUT013,2852.0676010866405
FDH40,OUT045,1361.9202817065009
FDU52,OUT035,2567.8787771619145
FDT60,OUT010,672.0271093532859
FDK08,OUT045,1598.0952950968538
FDN04,OUT049,2967.0418404252337
FDE50,OUT013,3150.302537814682
FDI16,OUT049,738.8120961823938
FDM50,OUT049,910.4888553069338
NCV30,OUT049,942.347388490324
FDT44,OUT013,1998.0881857736333
FDY60,OUT013,2467.039578619989
FDT56,OUT017,865.8769237973391
FDV58,OUT018,2766.6260023900563
FDU04,OUT013,2108.3823107050407
NCN05,OUT027,5177.319448711189
FDI53,OUT018,2414.713798401729
FDD34,OUT046,2688.1973695943657
FDW47,OUT027,3326.62455661198
FDT51,OUT027,3166.680761483284
FDO27,OUT013,1565.3536504601082
NCQ18,OUT018,1565.9124561394453
NCW05,OUT013,1674.0577989165704
FDI15,OUT010,1508.1662527418368
NCH43,OUT010,1380.715419078157
FDT40,OUT049,2116.6187566804515
NCG19,OUT017,3783.1494665151736
NCM30,OUT035,718.6663360212399
FDB38,OUT017,2606.8888704119654
FDB22,OUT046,2516.0641630447235
FDC58,OUT046,718.6663360212399
NCI29,OUT013,2132.1203276145006
FDA23,OUT010,673.9673806387659
DRG48,OUT013,2452.5087195519354
FDV21,OUT013,2116.6187566804515
NCG18,OUT019,271.20422042069674
FDG40,OUT045,718.6663360212399
FDU24,OUT018,1503.3651209516736
FDA22,OUT049,2821.4023404764175
FDY35,OUT046,726.2762193250658
FDJ15,OUT045,3155.3711303894293
NCW18,OUT018,3275.5195285989553
FDK56,OUT018,2701.234504236574
FDF44,OUT046,2130.0788449522083
FDP51,OUT049,2102.904125417354
FDU22,OUT027,3063.117594409449
FDM28,OUT017,2904.1025925462454
NCL42,OUT046,4046.679018621114
FDJ15,OUT019,480.3455343877745
FDI32,OUT018,1572.5521379888364
DRL11,OUT046,2623.520516089107
DRO59,OUT018,709.2704681890647
FDA07,OUT019,269.2639491352167
NCO53,OUT013,3144.5257914045114
FDO21,OUT045,3851.9496957477554
FDW39,OUT045,2922.5217385447877
NCV17,OUT013,2128.3506256076007
FDE22,OUT046,2613.179669306672
NCB06,OUT018,2388.0401694612883
DRF48,OUT017,3150.2546147005405
FDB05,OUT013,3984.7530071780748
FDP28,OUT027,6387.863160354277
FDP23,OUT046,3599.7992343704946
NCS41,OUT018,2689.6984274773836
FDS40,OUT018,591.9534524130472
FDA16,OUT017,3613.5120145834267
FDN20,OUT035,2856.8675266479813
FDF04,OUT027,6833.888862752848
DRG36,OUT018,2480.4700598215686
FDW16,OUT018,1434.4537579472017
FDU09,OUT017,826.4675556613811
FDW01,OUT046,2516.0641630447235
FDB15,OUT045,4151.332683200777
NCJ17,OUT049,1452.7719462274142
NCT18,OUT018,2680.111500780959
FDG16,OUT018,3092.5783809289514
FDP27,OUT017,3152.6837279499887
FDQ44,OUT027,3218.495035032341
FDL50,OUT027,3301.598524575184
FDW57,OUT027,5080.636628789377
FDS34,OUT013,1959.4690094414734
NCV30,OUT035,935.3019773241188
FDD26,OUT018,2691.1949179165113
FDA03,OUT045,2467.039578619989
FDS27,OUT018,2766.6260023900563
FDM12,OUT013,3145.1860221257934
NCV42,OUT027,3044.243483477392
NCS41,OUT046,3160.966856854985
FDN56,OUT018,1583.7137405797466
DRK59,OUT046,3887.4829852017497
NCG18,OUT046,1617.191891349596
NCN26,OUT017,2000.6382386132668
FDI60,OUT027,1776.875223676089
NCI43,OUT049,727.5942445824155
NCL17,OUT049,2138.8727698841294
FDQ19,OUT019,572.5813329798025
FDY43,OUT049,2843.5169732241857
FDR36,OUT049,718.6663360212399
FDJ58,OUT049,2870.60872905088
DRY23,OUT045,718.6663360212399
FDK26,OUT027,4938.8169606231495
DRH03,OUT045,1558.7263310490755
FDC10,OUT010,672.0271093532859
FDD23,OUT013,3163.1335662072033
FDP32,OUT045,2116.6187566804515
FDO31,OUT035,1361.9202817065009
FDQ57,OUT013,2471.0975771310586
FDX32,OUT027,3768.59148634616
FDC39,OUT027,5521.464313367573
FDU55,OUT046,4197.69852092846
FDL45,OUT013,2108.3823107050407
DRK37,OUT049,3150.2546147005405
FDK22,OUT013,3581.1388618315045
DRG37,OUT027,4635.945995933499
FDK22,OUT017,3589.4256347706487
DRH36,OUT018,632.1102369768553
DRC36,OUT018,2626.474661930422
DRE03,OUT027,987.397459562106
FDF34,OUT046,3160.24011995124
FDZ22,OUT046,1375.3477802125874
FDC44,OUT010,672.0271093532859
FDN31,OUT027,5212.261314416638
FDO03,OUT017,3946.073704991336
FDA01,OUT049,892.760102201578
NCH42,OUT049,3920.1763755708917
FDF46,OUT018,1572.5521379888364
DRL35,OUT046,718.6663360212399
FDW46,OUT049,1014.223847461919
FDB58,OUT046,2132.1203276145006
FDD47,OUT018,2441.1186830297097
NCO17,OUT045,2032.7088598317562
FDJ26,OUT017,3587.6011821041348
FDU37,OUT045,1359.7622240774904
